<?xml version="1.0" encoding="UTF-8"?>
<!--
- Licensed Materials - Property of IBM* and/or HCL**
- UrbanCode Deploy
- (c) Copyright IBM Corporation 2016, 2017. All Rights Reserved.
- (c) Copyright HCL Technologies Ltd. 2018. All Rights Reserved.
-
- U.S. Government Users Restricted Rights - Use, duplication or disclosure restricted by
- GSA ADP Schedule Contract with IBM Corp.
-
- * Trademark of International Business Machines
- ** Trademark of HCL Technologies Limited
-->
<plugin-upgrade
        xmlns="http://www.urbancode.com/UpgradeXMLSchema_v1"
        xmlns:xsi="http://www.w3.org/2001/XMLSchema-instance">

        <migrate to-version="2">
                <migrate-command name="Bulk Retrieve">
                </migrate-command>

                <migrate-command name="Deploy">
                </migrate-command>

                <migrate-command name="Describe Metadata">
                </migrate-command>

                <migrate-command name="List Metadata">
                </migrate-command>

                <migrate-command name="Retrieve">
                </migrate-command>
        </migrate>
        <migrate to-version="3">
                <migrate-command name="Bulk Retrieve">
                </migrate-command>

                <migrate-command name="Deploy">
                </migrate-command>

                <migrate-command name="Describe Metadata">
                </migrate-command>

                <migrate-command name="List Metadata">
                </migrate-command>

                <migrate-command name="Retrieve">
                </migrate-command>
        </migrate>
        <migrate to-version="4">
        </migrate>
        <migrate to-version="5">
                <migrate-command name="Deploy Recent Validation">
                </migrate-command>
                <migrate-command name="Deploy">
                  <migrate-properties>
                    <migrate-property name="checkOnly" default="false"/>
                  </migrate-properties>
                </migrate-command>
        </migrate>
        <migrate to-version="6">
        </migrate>
        <migrate to-version="7">
                <migrate-command name="Deploy">
                </migrate-command>
        </migrate>
        <migrate to-version="8">
        </migrate>
        <migrate to-version="9">
                <migrate-command name="Bulk Retrieve">
                  <migrate-properties>
                    <migrate-property name="maxPoll" default="200"/>
                    <migrate-property name="pollWaitMillis" default="10000"/>
                  </migrate-properties>
                </migrate-command>
                <migrate-command name="Deploy">
                  <migrate-properties>
                    <migrate-property name="maxPoll" default="200"/>
                    <migrate-property name="pollWaitMillis" default="10000"/>
                  </migrate-properties>
                </migrate-command>
                <migrate-command name="Deploy Recent Validation">
                  <migrate-properties>
                    <migrate-property name="maxPoll" default="200"/>
                    <migrate-property name="pollWaitMillis" default="10000"/>
                  </migrate-properties>
                </migrate-command>
                <migrate-command name="Retrieve">
                  <migrate-properties>
                    <migrate-property name="maxPoll" default="200"/>
                    <migrate-property name="pollWaitMillis" default="10000"/>
                  </migrate-properties>
                </migrate-command>
        </migrate>

</plugin-upgrade>