<?xml version="1.0" encoding="UTF-8"?>
<!--
- Licensed Materials - Property of HCL
- UrbanCode Deploy
- (c) Copyright HCL Technologies Ltd. 2018. All Rights Reserved.
-
- U.S. Government Users Restricted Rights - Use, duplication or disclosure restricted by
- Trademark of HCL Technologies Limited
-->

<plugin-upgrade
        xmlns="http://www.urbancode.com/UpgradeXMLSchema_v1"
        xmlns:xsi="http://www.w3.org/2001/XMLSchema-instance">

  <migrate to-version="2">
    <migrate-command name="Run SQL Scripts">
    </migrate-command>
  </migrate>
  <migrate to-version="3">
    <migrate-command name="Run SQL Scripts">
        <migrate-properties>
            <migrate-property name="sybaseHome" default="" />
        </migrate-properties>
    </migrate-command>
  </migrate>
    <migrate to-version="4">
    <migrate-command name="Run SQL Scripts">
        <migrate-properties>
            <migrate-property name="sybaseProfile" default="" />
        </migrate-properties>
    </migrate-command>
  </migrate>
</plugin-upgrade>