<?xml version="1.0" encoding="UTF-8"?>
<!--
- Licensed Materials - Property of IBM Corp.
- IBM UrbanCode Deploy
- (c) Copyright IBM Corporation 2011, 2014. All Rights Reserved.
-
- U.S. Government Users Restricted Rights - Use, duplication or disclosure restricted by
- GSA ADP Schedule Contract with IBM Corp.
-->
<plugin-upgrade
        xmlns="http://www.urbancode.com/UpgradeXMLSchema_v1"
        xmlns:xsi="http://www.w3.org/2001/XMLSchema-instance">

  <migrate to-version="3">
    <migrate-command name="Run Docker Container">
      <migrate-properties>
        <migrate-property name="environmentVariables" default="" />
      </migrate-properties>
    </migrate-command>
    <migrate-command name="Pull Docker Image">
      <migrate-properties>
        <migrate-property name="environmentVariables" default="" />
      </migrate-properties>
    </migrate-command>
    <migrate-command name="Push Docker Image">
      <migrate-properties>
        <migrate-property name="environmentVariables" default="" />
      </migrate-properties>
    </migrate-command>
    <migrate-command name="Tag Docker Image">
      <migrate-properties>
        <migrate-property name="environmentVariables" default="" />
      </migrate-properties>
    </migrate-command>
    <migrate-command name="Docker Login">
      <migrate-properties>
        <migrate-property name="environmentVariables" default="" />
      </migrate-properties>
    </migrate-command>
    <migrate-command name="Stop Docker Container">
      <migrate-properties>
        <migrate-property name="environmentVariables" default="" />
      </migrate-properties>
    </migrate-command>
    <migrate-command name="Start Docker Container">
      <migrate-properties>
        <migrate-property name="environmentVariables" default="" />
      </migrate-properties>
    </migrate-command>
    <migrate-command name="Remove Docker Container">
      <migrate-properties>
        <migrate-property name="environmentVariables" default="" />
      </migrate-properties>
    </migrate-command>
  </migrate>
</plugin-upgrade>
