<?xml version="1.0" encoding="UTF-8"?>
<plugin-upgrade
        xmlns="http://www.urbancode.com/UpgradeXMLSchema_v1"
        xmlns:xsi="http://www.w3.org/2001/XMLSchema-instance">

  <migrate to-version="11">
    <migrate-command name="Modify ACLs">
      <migrate-properties>
        <migrate-property name="caclsType" default="cacls"/>
      </migrate-properties>
    </migrate-command>
    <migrate-command name="Log off Notification" />
    <migrate-command name="Check File Contents" />
    <migrate-command name="Reboot" />
    <migrate-command name="Add Or Overwrite Registry Key" />
    <migrate-command name="Import Registry Files" />
    <migrate-command name="Configure DCOM Settings" />
    <migrate-command name="Create Message Queues" />
    <migrate-command name="Enable Windows Features" />
    <migrate-command name="Disable Windows Features" />
  </migrate>
  <migrate to-version="12">
    <migrate-command name="Modify ACLs" />
    <migrate-command name="Log off Notification" />
    <migrate-command name="Check File Contents" />
    <migrate-command name="Reboot" />
    <migrate-command name="Add Or Overwrite Registry Key" />
    <migrate-command name="Import Registry Files" />
    <migrate-command name="Configure DCOM Settings" />
    <migrate-command name="Create Message Queues" />
    <migrate-command name="Enable Windows Features" />
    <migrate-command name="Disable Windows Features" />
  </migrate>
  <migrate to-version="13">
    <migrate-command name="Modify ACLs" />
    <migrate-command name="Log off Notification" />
    <migrate-command name="Check File Contents" />
    <migrate-command name="Reboot" />
    <migrate-command name="Add Or Overwrite Registry Key" />
    <migrate-command name="Import Registry Files" />
    <migrate-command name="Export Registry Subkey to File" />
    <migrate-command name="Configure DCOM Settings" />
    <migrate-command name="Create Message Queues" />
    <migrate-command name="Enable Windows Features" />
    <migrate-command name="Disable Windows Features" />
  </migrate>
</plugin-upgrade>
