<?xml version="1.0" encoding="UTF-8"?>

<!-- 
====================================================================== 
Licensed Materials - Property of IBM Corp. 
IBM Rational Automation Framework 
(c) Copyright IBM Corporation 2003, 2012. All Rights Reserved.   

U.S. Government Users Restricted Rights - Use, duplication or disclosure restricted by 
GSA ADP Schedule Contract with IBM Corp. 


File name: configure_wsrr62_nd.xml

This is the configuration build file.
====================================================================== 
-->

<project default="default" basedir=".">
	<description>
		Contains configuration tasks for WSRR 62 ND
	</description>
	
	<!-- import custom targets  -->
	<import file="${RAFW_HOME}/user/actions/configure/wsrr/62/nd/custom_configure_wsrr62_nd.xml" />
	
	<!-- Import wsrr common cell-scope configure targets -->
	<import file="${RAFW_HOME}/product/actions/configure/wsrr/common/nd/configure_wsrr_common_nd.xml" />

	<!-- Import wsrr common all-scope configure targets -->
	<import file="${RAFW_HOME}/product/actions/configure/wsrr/common/configure_wsrr_common.xml" />
	
	<target name="wsrr_common_configure_load_db2_data"
		depends="only_execute,was_init,prepare_shell,decode_password"
		description="Load initial data to DB2 WSRR Database">

		<decrypt_password property="WSRR_DB_PASSWORD" />
		<property name="CMD_ARGS" value="-cp ${WSRR_HOME}/install/classes/ServiceRegistryInstallUtils.jar${path.separator}${DB_DRIVER_HOME}/db2java.zip${path.separator}${DB_DRIVER_HOME}/db2jcc.jar${path.separator}${DB_DRIVER_HOME}/db2jcc_license_cu.jar com.ibm.serviceregistry.install.DBInstall -action importdb -dbtype ${WSRR_DB_TYPE} -server ${WSRR_DB_HOSTNAME} -port ${WSRR_DB_PORT} -dbname ${WSRR_DB_NAME} -username ${WSRR_DB_USER} -password ${WSRR_DB_PASSWORD} -schema ${WSRR_DB_USER} -datafile ${WSRR_HOME}/install/database/datafile_db2.ser"/>

		<if>
			<preview/>
			<then>
				<echo message="dir=${WSRR_HOME}/install" />
				<echo message="executable=${WAS_HOME}/java/bin/java" />
				<echo message="arguments=${CMD_ARGS}" />
			</then>
			<else>
				<trycatch property="errorStr">
					<try>
						<exec dir="${WSRR_HOME}/install"
							executable="${EXECUTABLE_SHELL}"
							failonerror="true">
							<arg line="${SHELL_SWITCH} '${WAS_HOME}/java/bin/java ${CMD_ARGS}'" />
						</exec>
						<antcall target="post_install_verification">
							<param name="INSTALL_DIR" value="${WSRR_HOME}" />
						</antcall>
						<antcall target="change_directory_ownership">
							<param name="OS_USER" value="${OS_USER}" />
							<param name="OS_GROUP" value="${OS_GROUP}" />
							<param name="DIR" value="${WSRR_HOME}" />
						</antcall>
					</try>
					<catch>
						<fail>Loading db2 data into WSRR failed: ${errorStr}</fail>
					</catch>
					<finally>
						<var name="LOG_PATH" value="${WSRR_HOME}/install/install.log" />
						<var name="SEC_LOG_PATH" value="${java.io.tmpdir}/log.txt" />
						<antcall target="report_error_log">
							<param name="LOG_PATH" value="${LOG_PATH}" />
							<param name="SEC_LOG_PATH" value="${SEC_LOG_PATH}" />
							<param name="RAFW_LOG_FILE_NAME" value="${TARGET}.log" />
						</antcall>
					</finally>
				</trycatch>
			</else>
		</if>
	</target>
</project>
