{
    "securityResourceId": "b99b4172-59eb-4b25-a68f-446215274263",
    "path": "componentTemplates\/b1047f16-cb4a-42ad-ae9b-0908ce4511dc",
    "name": "WebSphere - Snippet Config",
    "description": "",
    "ignoreQualifiers": 0,
    "componentType": "STANDARD",
    "tags": [],
    "active": true,
    "envPropDefs": [],
    "resPropDefs": [],
    "propDefs": [],
    "properties": [],
    "processes": [{
        "name": "Apply",
        "description": "",
        "defaultWorkingDir": "${p:resource\/work.dir}\/${p:component.name}",
        "takesVersion": true,
        "inventoryActionType": "ADD",
        "status": "Active",
        "configActionType": "ADD",
        "active": true,
        "path": "componentTemplates\/b1047f16-cb4a-42ad-ae9b-0908ce4511dc\/processes\/d8bf5909-e5b7-4125-bd89-8d4156073768",
        "propDefs": [],
        "rootActivity": {
            "edges": [
                {
                    "to": "Delete Files and Directories",
                    "type": "ALWAYS",
                    "value": ""
                },
                {
                    "to": "Combine Server",
                    "from": "Replace Tokens",
                    "type": "SUCCESS",
                    "value": ""
                },
                {
                    "to": "Download Artifacts",
                    "from": "Delete Files and Directories",
                    "type": "SUCCESS",
                    "value": ""
                },
                {
                    "to": "Apply Snippet Config",
                    "from": "Combine Server",
                    "type": "SUCCESS",
                    "value": ""
                },
                {
                    "to": "Replace Tokens",
                    "from": "Download Artifacts",
                    "type": "SUCCESS",
                    "value": ""
                },
                {
                    "to": "52979db205550f93abf943bcfdb5ef",
                    "from": "Apply Snippet Config",
                    "type": "SUCCESS",
                    "value": ""
                }
            ],
            "offsets": [
                {
                    "name": "Download Artifacts",
                    "x": -70,
                    "y": 190,
                    "h": 60,
                    "w": 220
                },
                {
                    "name": "Replace Tokens",
                    "x": -60,
                    "y": 290,
                    "h": 60,
                    "w": 200
                },
                {
                    "name": "52979db205550f93abf943bcfdb5ef",
                    "x": -5,
                    "y": 660,
                    "h": 50,
                    "w": 90
                },
                {
                    "name": "Combine Server",
                    "x": -110,
                    "y": 400,
                    "h": 50,
                    "w": 300
                },
                {
                    "name": "Delete Files and Directories",
                    "x": -95,
                    "y": 95,
                    "h": 60,
                    "w": 270
                },
                {
                    "name": "Apply Snippet Config",
                    "x": -160,
                    "y": 525,
                    "h": 50,
                    "w": 400
                }
            ],
            "type": "graph",
            "name": "0d2467cf-1a1a-4d87-a598-2b6c1ec3a407",
            "children": [
                {
                    "type": "finish",
                    "name": "52979db205550f93abf943bcfdb5ef",
                    "children": []
                },
                {
                    "allowFailure": false,
                    "useImpersonation": false,
                    "showHidden": false,
                    "impersonationUseSudo": false,
                    "commandName": "Delete Files and Directories",
                    "pluginName": "File Utils",
                    "pluginVersion": 41,
                    "properties": {
                        "baseDir": ".",
                        "includes": "**\/*\n*",
                        "excludes": "",
                        "followSymlinks": "false",
                        "caseSensitive": "true"
                    },
                    "type": "plugin",
                    "name": "Delete Files and Directories",
                    "children": []
                },
                {
                    "allowFailure": false,
                    "useImpersonation": false,
                    "showHidden": false,
                    "impersonationUseSudo": false,
                    "commandName": "Download Artifacts",
                    "pluginName": "IBM UrbanCode Deploy Versioned File Storage",
                    "pluginVersion": 23,
                    "properties": {
                        "directoryOffset": ".",
                        "artifactSetBaseDir": "",
                        "fileIncludePatterns": "**\/*",
                        "fileExcludePatterns": "",
                        "syncMode": "true",
                        "fullVerification": "true",
                        "setFileExecuteBits": "false",
                        "verifyFileIntegrity": "false",
                        "versionId": "${p:version.id}",
                        "serverUrl": "${p:server.url}",
                        "compId": "${p:component.id}",
                        "resId": "${p:resource.id}",
                        "charset": "",
                        "label": ""
                    },
                    "type": "plugin",
                    "name": "Download Artifacts",
                    "children": []
                },
                {
                    "allowFailure": false,
                    "useImpersonation": false,
                    "showHidden": false,
                    "impersonationUseSudo": false,
                    "commandName": "Replace Tokens",
                    "pluginName": "File Utils",
                    "pluginVersion": 41,
                    "properties": {
                        "dir": ".",
                        "includes": "**\/*.json",
                        "excludes": "",
                        "startDelimiter": "@",
                        "endDelimiter": "@",
                        "propertyPrefix": "",
                        "propFile": "replace_tokens.properties",
                        "envPropValues": "${p:environment\/allProperties},${p:component\/allProperties},${p:resource\/allProperties}",
                        "explicitTokens": ""
                    },
                    "type": "plugin",
                    "name": "Replace Tokens",
                    "children": []
                },
                {
                    "allowFailure": false,
                    "useImpersonation": false,
                    "showHidden": false,
                    "impersonationUseSudo": false,
                    "workingDir": "${p:componentProcess.defaultWorkDir}",
                    "commandName": "Run Groovy Script",
                    "pluginName": "Groovy",
                    "pluginVersion": 6,
                    "properties": {
                        "groovyHome": "${GROOVY_HOME}",
                        "scriptBody": "File file = new File(\"ibm-ucd-resources.json\");\nif (file.isDirectory()) {\n    throw new Exception(\"Directory exists in the way\");\n}\nif (file.isFile()) {\n   System.out.println(\"File already created\");\n}\nelse {\n    file << \"[\\n\";\n    File dir = new File(\".\");\n    boolean first = true; \n    dir.eachFileRecurse { curfile ->\n        if (curfile.getName().endsWith(\".json\") && !curfile.getName().equals(\"ibm-ucd-resources.json\")) { \n            if (first) {\n                first = false;\n            }\n            else {\n                file << \",\" << \"\\n\";\n            }\n            curfile.eachLine { line -> \n                file << \"\\n\" << line;\n            }\n        }\n    }\n    file << \"\\n]\";\n}"
                    },
                    "type": "plugin",
                    "name": "Combine Server",
                    "children": []
                },
                {
                    "allowFailure": false,
                    "useImpersonation": false,
                    "showHidden": true,
                    "impersonationUseSudo": false,
                    "workingDir": "${p:componentProcess.defaultWorkDir}",
                    "commandName": "WebSphere Configuration Apply",
                    "pluginName": "WAS - Configure",
                    "pluginVersion": 19,
                    "properties": {
                        "profilePath": "${p?:resource\/websphere.profilePath}",
                        "commandPath": "${p?:resource\/websphere.commandPath}",
                        "wasuser": "${p?:resource\/websphere.user}",
                        "waspassword": "${p?:resource\/websphere.password}",
                        "host": "${p?:resource\/websphere.host}",
                        "port": "${p?:resource\/websphere.port}",
                        "connType": "SOAP",
                        "resourcePath": "${p?:resource.path}",
                        "configurationTypes": "${p?:websphere.cell.configurationtypes}",
                        "configurationFile": "ibm-ucd-resources.json",
                        "updateAndCreateOnly": "true",
                        "logLevel": "3"
                    },
                    "type": "plugin",
                    "name": "Apply Snippet Config",
                    "children": []
                }
            ]
        }
    }],
    "genericProcesses": [],
    "teamMappings": []
}