<?xml version="1.0" encoding="UTF-8" standalone="no"?>
<!--
- Licensed Materials - Property of IBM Corp.
- IBM UrbanCode Build
- IBM UrbanCode Deploy
- IBM UrbanCode Release
- IBM AnthillPro
- (c) Copyright IBM Corporation 2002, 2017. All Rights Reserved.
-
- U.S. Government Users Restricted Rights - Use, duplication or disclosure restricted by
- GSA ADP Schedule Contract with IBM Corp.
-->
<plugin-upgrade xmlns="http://www.urbancode.com/UpgradeXMLSchema_v1" xmlns:xsi="http://www.w3.org/2001/XMLSchema-instance">
    <migrate to-version="2">
        <migrate-command name="Run Groovy Script">
            <migrate-properties>
                <migrate-property default="${GROOVY_HOME}" name="groovyHome"/>
            </migrate-properties>
        </migrate-command>
    </migrate>

    <migrate to-version="3"/>

    <migrate to-version="4"/>

    <migrate to-version="5"/>

    <migrate to-version="6"/>

    <migrate to-version="7"/>

    <migrate to-version="8"/>

    <migrate to-version="9"/>

    <migrate to-version="10"/>
</plugin-upgrade>
