<?xml version="1.0" encoding="UTF-8"?><pluginInfo>
  <!-- Do not change the release-version, the build process injects it. -->
  <release-version>2.741854</release-version>

  <release-notes>
    <!--
      The release-note should document the changes, improvements, or bug fixes introduced
      with the new plugin version

      The release-note may contain text

      For example your release note could be:
      Support for was added for version 10.0 for software X

      To add a new release note add this with a description in it of the changes:
      <release-note plugin-version="1">....</release-note>
    -->

    <release-note plugin-version="1">
      Intial beta release of plug-in. Stable but looking for RFE's and implmentations improvements.
    </release-note>
    <release-note plugin-version="2">
      Second Beta release:
        -Default logging for script
        -Tutorial uncommented
        -Extend compatibility to PowerShell V2
    </release-note>

  </release-notes>
</pluginInfo>