<?xml version="1.0" encoding="UTF-8"?>
<!--
- Licensed Materials - Property of IBM* and/or HCL**
- UrbanCode Deploy
- (c) Copyright IBM Corporation 2013, 2017. All Rights Reserved.
- (c) Copyright HCL Technologies Ltd. 2018. All Rights Reserved.
-
- U.S. Government Users Restricted Rights - Use, duplication or disclosure restricted by
- GSA ADP Schedule Contract with IBM Corp.
-
- * Trademark of International Business Machines
- ** Trademark of HCL Technologies Limited
-->
<plugin-upgrade
        xmlns="http://www.urbancode.com/UpgradeXMLSchema_v1"
        xmlns:xsi="http://www.w3.org/2001/XMLSchema-instance">

  <migrate to-version="7">
    <migrate-command name="Check Approval Status"/>
    <migrate-command name="Check Change Request Status"/>
    <migrate-command name="Set Change Request Status"/>
    <migrate-command name="Check Change Request's Child Tasks Statuses"/>
    <migrate-command name="Update Tasks Statuses"/>
  </migrate>
  <migrate to-version="8">
    <migrate-command name="Check Approval Status"/>
    <migrate-command name="Check Change Request Status"/>
    <migrate-command name="Set Change Request Status"/>
    <migrate-command name="Check Change Request's Child Tasks Statuses"/>
    <migrate-command name="Update Tasks Statuses"/>
    <migrate-command name="Insert Row Into CMDB Table"/>
    <migrate-command name="Delete Row From CMDB Table"/>
    <migrate-command name="Delete Multiple Rows From CMDB Table"/>
  </migrate>
  <migrate to-version="9">
    <migrate-command name="Check Approval Status">
      <migrate-properties>
         <migrate-property name="newAPI" default="false"/>
       </migrate-properties>
    </migrate-command>
    <migrate-command name="Check Change Request Status">
      <migrate-properties>
         <migrate-property name="newAPI" default="false"/>
       </migrate-properties>
    </migrate-command>
    <migrate-command name="Set Change Request Status">
      <migrate-properties>
         <migrate-property name="newAPI" default="false"/>
       </migrate-properties>
    </migrate-command>
    <migrate-command name="Check Change Request's Child Tasks Statuses">
      <migrate-properties>
         <migrate-property name="newAPI" default="false"/>
       </migrate-properties>
    </migrate-command>
    <migrate-command name="Update Tasks Statuses">
      <migrate-properties>
         <migrate-property name="newAPI" default="false"/>
       </migrate-properties>
    </migrate-command>
    <migrate-command name="Insert Row Into CMDB Table">
      <migrate-properties>
         <migrate-property name="newAPI" default="false"/>
       </migrate-properties>
    </migrate-command>
    <migrate-command name="Delete Row From CMDB Table">
      <migrate-properties>
         <migrate-property name="newAPI" default="false"/>
       </migrate-properties>
    </migrate-command>
    <migrate-command name="Delete Multiple Rows From CMDB Table">
      <migrate-properties>
         <migrate-property name="newAPI" default="false"/>
       </migrate-properties>
    </migrate-command>
  </migrate>
  <migrate to-version="10">
    <migrate-command name="Check Approval Status">
    </migrate-command>
    <migrate-command name="Check Change Request Status">
    </migrate-command>
    <migrate-command name="Set Change Request Status">
    </migrate-command>
    <migrate-command name="Check Change Request's Child Tasks Statuses">
    </migrate-command>
    <migrate-command name="Update Tasks Statuses">
    </migrate-command>
    <migrate-command name="Insert Row Into CMDB Table">
    </migrate-command>
    <migrate-command name="Delete Row From CMDB Table">
    </migrate-command>
    <migrate-command name="Delete Multiple Rows From CMDB Table">
    </migrate-command>
  </migrate>
  <migrate to-version="11">
    <migrate-command name="Check Approval Status">
    </migrate-command>
    <migrate-command name="Check Change Request Status">
    </migrate-command>
    <migrate-command name="Set Change Request Status">
    </migrate-command>
    <migrate-command name="Check Change Request's Child Tasks Statuses">
    </migrate-command>
    <migrate-command name="Update Tasks Statuses">
    </migrate-command>
    <migrate-command name="Insert Table Record" old="Insert Row Into CMDB Table">
    </migrate-command>
    <migrate-command name="Delete Table Record" old="Delete Row From CMDB Table">
    </migrate-command>
    <migrate-command name="Delete Multiple Table Records" old="Delete Multiple Rows From CMDB Table">
    </migrate-command>
  </migrate>
  <migrate to-version="12">
    <migrate-command name="Check Approval Status">
    </migrate-command>
    <migrate-command name="Check Change Request Status">
    </migrate-command>
    <migrate-command name="Set Change Request Status">
    </migrate-command>
    <migrate-command name="Check Change Request's Child Tasks Statuses">
    </migrate-command>
    <migrate-command name="Update Tasks Statuses">
    </migrate-command>
    <migrate-command name="Insert Table Record">
    </migrate-command>
    <migrate-command name="Delete Table Record">
    </migrate-command>
    <migrate-command name="Delete Multiple Table Records" >
    </migrate-command>
  </migrate>
  <migrate to-version="13">
    <migrate-command
      name="_DEPRECATED Check Approval Status"
      old="Check Approval Status"/>
    <migrate-command
      name="_DEPRECATED Check Change Request Status"
      old="Check Change Request Status"/>
    <migrate-command
      name="_DEPRECATED Set Change Request Status"
      old="Set Change Request Status"/>
    <migrate-command
      name="_DEPRECATED Check Change Request's Child Tasks Statuses"
      old="Check Change Request's Child Tasks Statuses"/>
    <migrate-command
      name="_DEPRECATED Update Tasks Statuses"
      old="Update Tasks Statuses"/>
    <migrate-command name="Create Records" old="Insert Table Record">
      <migrate-properties>
        <migrate-property name="id" default=""/>
       </migrate-properties>
    </migrate-command>
    <migrate-command name="Delete Records" old="Delete Table Record">
      <migrate-properties>
        <migrate-property name="id" default=""/>
      </migrate-properties>
    </migrate-command>
    <migrate-command
      name="_DEPRECATED Delete Multiple Table Records"
      old="Delete Multiple Table Records"/>
  </migrate>

  <migrate to-version="14">
    <migrate-command
      name="Check Approval status"
      old="_DEPRECATED Check Approval Status"/>
    <migrate-command
      name="Check Change Request status"
      old="_DEPRECATED Check Change Request Status"/>
    <migrate-command
      name="Set Change Request status"
      old="_DEPRECATED Set Change Request Status"/>
    <migrate-command
      name="Check Change Request's Child Tasks statuses"
      old="_DEPRECATED Check Change Request's Child Tasks Statuses"/>
    <migrate-command
      name="Update Tasks statuses"
      old="_DEPRECATED Update Tasks Statuses"/>
    <migrate-command
      name="Delete Records DEPRECATED"
      old="_DEPRECATED Delete Records"/>
  </migrate>
  <migrate to-version="15">
  </migrate>
  <migrate to-version="16">
  </migrate>
  <migrate to-version="17">
  </migrate>
  <migrate to-version="18">
    <migrate-command name="Check Change Request Fields">
    </migrate-command>
  </migrate>
  <migrate to-version="19">
  </migrate>
  <migrate to-version="20">
  </migrate>
  <migrate to-version="21">
    <migrate-command name="Check Records">
      <migrate-properties>
         <migrate-property name="id"/>
         <migrate-property name="username" default="${property:resource/serviceNow/username}"/>
       </migrate-properties>
    </migrate-command>
    <migrate-command name="Delete Records" old="Delete Records DEPRECATED">
      <migrate-properties>
         <migrate-property name="id"/>
         <migrate-property name="username" default="${property:resource/serviceNow/username}"/>
       </migrate-properties>
    </migrate-command>
    <migrate-command name="Update Records">
      <migrate-properties>
         <migrate-property name="id"/>
         <migrate-property name="username" default="${property:resource/serviceNow/username}"/>
       </migrate-properties>
    </migrate-command>
    <migrate-command name="Create Records">
      <migrate-properties>
         <migrate-property name="username" default="${property:resource/serviceNow/username}"/>
       </migrate-properties>
    </migrate-command>
    <migrate-command name="Check Change Request Approval" old="Check Approval status">
      <migrate-properties>
         <migrate-property name="username" default="${property:resource/serviceNow/username}"/>
         <migrate-property name="password" default="${property:resource/serviceNow/password}"/>
       </migrate-properties>
    </migrate-command>
    <migrate-command name="Check Change Request State" old="Check Change Request status">
      <migrate-properties>
         <migrate-property name="username" default="${property:resource/serviceNow/username}"/>
         <migrate-property name="password" default="${property:resource/serviceNow/password}"/>
       </migrate-properties>
    </migrate-command>
    <migrate-command name="Check Change Request's Child Tasks statuses">
      <migrate-properties>
         <migrate-property name="username" default="${property:resource/serviceNow/username}"/>
         <migrate-property name="password" default="${property:resource/serviceNow/password}"/>
       </migrate-properties>
    </migrate-command>
    <migrate-command name="Delete Multiple Table Records with Query" old="_DEPRECATED Delete Multiple Table Records">
    </migrate-command>
    <migrate-command name="Set Change Request State" old="Set Change Request status">
      <migrate-properties>
         <migrate-property name="status"/>
         <migrate-property name="username" default="${property:resource/serviceNow/username}"/>
         <migrate-property name="password" default="${property:resource/serviceNow/password}"/>
       </migrate-properties>
    </migrate-command>
    <migrate-command name="Set Task Status" old="Update Tasks statuses">
      <migrate-properties>
         <migrate-property name="status"/>
         <migrate-property name="username" default="${property:resource/serviceNow/username}"/>
         <migrate-property name="password" default="${property:resource/serviceNow/password}"/>
       </migrate-properties>
    </migrate-command>
  </migrate>
  <migrate to-version="22">
    <migrate-command name="Check Change Request's Child Tasks States" old="Check Change Request's Child Tasks statuses"/>
  </migrate>
  <migrate to-version="23">
  </migrate>
  <migrate to-version="24">
  </migrate>
  <migrate to-version="25">
  </migrate>
  <migrate to-version="26">
  </migrate>
  <migrate to-version="27">
    <migrate-command name="Check Deployment Window">
       <migrate-properties>
         <migrate-property name="startDateField" default="start_date"/>
         <migrate-property name="endDateField" default="end_date"/>
       </migrate-properties>
    </migrate-command>
  </migrate>
  <migrate to-version="28">
    <migrate-command name="Check Records">
      <migrate-properties>
        <migrate-property name="trustAllCerts" default="false"/>
      </migrate-properties>
    </migrate-command>
    <migrate-command name="Create Records">
      <migrate-properties>
        <migrate-property name="trustAllCerts" default="false"/>
      </migrate-properties>
    </migrate-command>
    <migrate-command name="Delete Records">
      <migrate-properties>
        <migrate-property name="trustAllCerts" default="false"/>
      </migrate-properties>
    </migrate-command>
    <migrate-command name="Run Encoded Query">
      <migrate-properties>
        <migrate-property name="trustAllCerts" default="false"/>
      </migrate-properties>
    </migrate-command>
    <migrate-command name="Update Records">
      <migrate-properties>
        <migrate-property name="trustAllCerts" default="false"/>
      </migrate-properties>
    </migrate-command>
    <migrate-command name="Check Change Request Approval">
      <migrate-properties>
        <migrate-property name="trustAllCerts" default="false"/>
      </migrate-properties>
    </migrate-command>
    <migrate-command name="Check Change Request State">
      <migrate-properties>
        <migrate-property name="trustAllCerts" default="false"/>
      </migrate-properties>
    </migrate-command>
    <migrate-command name="Check Deployment Window">
      <migrate-properties>
        <migrate-property name="trustAllCerts" default="false"/>
      </migrate-properties>
    </migrate-command>
    <migrate-command name="Check Change Request's Child Tasks States">
      <migrate-properties>
        <migrate-property name="trustAllCerts" default="false"/>
      </migrate-properties>
    </migrate-command>
    <migrate-command name="Delete Multiple Table Records with Query">
      <migrate-properties>
        <migrate-property name="trustAllCerts" default="false"/>
      </migrate-properties>
    </migrate-command>
    <migrate-command name="Set Change Request State">
      <migrate-properties>
        <migrate-property name="trustAllCerts" default="false"/>
      </migrate-properties>
    </migrate-command>
    <migrate-command name="Set Task Status">
      <migrate-properties>
        <migrate-property name="trustAllCerts" default="false"/>
      </migrate-properties>
    </migrate-command>
  </migrate>
  <migrate to-version="29">
  </migrate>
  <migrate to-version="30">
  </migrate>
  <migrate to-version="31">
  </migrate>
  <migrate to-version="32">
  </migrate>
  <migrate to-version="33">
  </migrate>
  <migrate to-version="34">
  </migrate>
</plugin-upgrade>
