<?xml version="1.0" encoding="UTF-8"?><!--
- Licensed Materials - Property of HCL
- UrbanCode Deploy
- (c) Copyright IBM Corporation 2011, 2015.
- (c) Copyright HCL Technologies Ltd. 2018. All Rights Reserved.
-
- U.S. Government Users Restricted Rights - Use, duplication or disclosure restricted by
- Trademark of HCL Technologies Limited
--><pluginInfo>
  <!-- Do not change the release-version, the build process injects it. -->
  <release-version>2.1005249</release-version>

  <release-notes>
    <!--
      The release-note should document the changes, improvements, or bug fixes introduced
      with the new plugin version

      The release-note may contain text

      For example your release note could be:
      Support for was added for version 10.0 for software X

      To add a new release note add this with a description in it of the changes:
      <release-note plugin-version="1">....</release-note>
    -->

    <release-note plugin-version="1">
Initial release of Microsoft SSIS plugin. Supports SSIS package deployment.
    </release-note>
    <release-note plugin-version="2">
Fixed APAR PH05484 - Invalid SERVER argument to deploy step.
    </release-note>

  </release-notes>
</pluginInfo>