<?xml version="1.0" encoding="UTF-8"?>
<!--
- Licensed Materials - Property of HCL
- UrbanCode Deploy
- (c) Copyright HCL Technologies Ltd. 2022. All Rights Reserved.
-
- U.S. Government Users Restricted Rights - Use, duplication or disclosure restricted by
- Trademark of HCL Technologies Limited
-->
<plugin-upgrade
        xmlns="http://www.urbancode.com/UpgradeXMLSchema_v1"
        xmlns:xsi="http://www.w3.org/2001/XMLSchema-instance">

		<migrate to-version="2"/>
		<migrate to-version="3">
        	<migrate-command name="Write to Sequential Dataset">
          		<migrate-properties>
            		<migrate-property name="sourceType" default="TEXT"/>
          		</migrate-properties>
        	</migrate-command>
    	</migrate>
		<migrate to-version="4"/>

</plugin-upgrade>