<?xml version="1.0" encoding="UTF-8"?>
<!--
- Licensed Materials - Property of IBM Corp.
- IBM UrbanCode Deploy
- (c) Copyright IBM Corporation 2015, 2016. All Rights Reserved.
-
- U.S. Government Users Restricted Rights - Use, duplication or disclosure restricted by
- GSA ADP Schedule Contract with IBM Corp.
-->

<plugin-upgrade
  xmlns="http://www.urbancode.com/UpgradeXMLSchema_v1"
  xmlns:xsi="http://www.w3.org/2001/XMLSchema-instance">
  <migrate to-version="4">
      <migrate-command name="Run PowerShell Script">
        <migrate-properties>
           <migrate-property name="powerShellHome"/>
           <migrate-property name="options"/>
         </migrate-properties>
      </migrate-command>
  </migrate>
  <migrate to-version="5">
  </migrate>
</plugin-upgrade>
