{
    "name": "WebSphere Application Server Cell",
    "description": "",
    "enforceCompleteSnapshots": false,
    "propSheet": {"properties": []},
    "components": [
        {
            "name": "IBM HTTP Server",
            "description": "",
            "created": 1426621132597,
            "componentType": "STANDARD",
            "ignoreQualifiers": 0,
            "importAutomatically": false,
            "useVfs": true,
            "active": true,
            "deleted": false,
            "defaultVersionType": "FULL",
            "cleanupDaysToKeep": 0,
            "cleanupCountToKeep": 0,
            "envPropDefs": [],
            "resPropDefs": [],
            "versionPropDefs": [{
                "name": "IMRepository",
                "label": "IM Repository",
                "pattern": "",
                "type": "TEXT",
                "required": true,
                "description": "",
                "placeholder": ""
            }],
            "propSheetGroup": {"propSheets": [
                {
                    "name": "custom",
                    "properties": []
                },
                {
                    "name": "template",
                    "properties": []
                }
            ]},
            "processes": [
                {
                    "name": "Install",
                    "description": "",
                    "defaultWorkingDir": "${p:resource\/work.dir}\/${p:component.name}",
                    "takesVersion": true,
                    "inventoryActionType": "ADD",
                    "status": "Active",
                    "configActionType": "ADD",
                    "active": true,
                    "path": "components\/31d3fa67-2145-4cfc-83b5-d86e5f6cf935\/processes\/5a2fee01-d207-4ef8-b41b-1cab93aa3bdf",
                    "propDefs": [],
                    "rootActivity": {
                        "edges": [
                            {
                                "to": "8204b732aabe1b730847f02bf4967a",
                                "from": "Execute Response File",
                                "type": "SUCCESS",
                                "value": ""
                            },
                            {
                                "to": "Replace Tokens",
                                "from": "Download Artifacts",
                                "type": "SUCCESS",
                                "value": ""
                            },
                            {
                                "to": "Execute Response File",
                                "from": "Replace Tokens",
                                "type": "SUCCESS",
                                "value": ""
                            },
                            {
                                "to": "Download Artifacts",
                                "type": "ALWAYS",
                                "value": ""
                            }
                        ],
                        "offsets": [
                            {
                                "name": "8204b732aabe1b730847f02bf4967a",
                                "x": -5,
                                "y": 540,
                                "h": 50,
                                "w": 90
                            },
                            {
                                "name": "Execute Response File",
                                "x": -75,
                                "y": 320,
                                "h": 60,
                                "w": 230
                            },
                            {
                                "name": "Replace Tokens",
                                "x": -60,
                                "y": 210,
                                "h": 60,
                                "w": 200
                            },
                            {
                                "name": "Download Artifacts",
                                "x": -70,
                                "y": 100,
                                "h": 60,
                                "w": 220
                            }
                        ],
                        "type": "graph",
                        "name": "0c4bdcd8-5104-49ce-9077-cda0542ccab7",
                        "children": [
                            {
                                "type": "finish",
                                "name": "8204b732aabe1b730847f02bf4967a",
                                "children": []
                            },
                            {
                                "allowFailure": false,
                                "useImpersonation": false,
                                "showHidden": false,
                                "impersonationUseSudo": false,
                                "commandName": "Download Artifacts",
                                "pluginName": "UrbanCode Deploy Versioned File Storage",
                                "pluginVersion": 30,
                                "properties": {
                                    "directoryOffset": ".",
                                    "artifactSetBaseDir": "",
                                    "fileIncludePatterns": "**\/*",
                                    "fileExcludePatterns": "",
                                    "syncMode": "true",
                                    "fullVerification": "true",
                                    "setFileExecuteBits": "false",
                                    "verifyFileIntegrity": "false",
                                    "versionId": "${p:version.id}",
                                    "serverUrl": "${p:server.url}",
                                    "compId": "${p:component.id}",
                                    "resId": "${p:resource.id}",
                                    "charset": ""
                                },
                                "type": "plugin",
                                "name": "Download Artifacts",
                                "children": []
                            },
                            {
                                "allowFailure": false,
                                "useImpersonation": false,
                                "showHidden": false,
                                "impersonationUseSudo": false,
                                "commandName": "Execute Response File",
                                "pluginName": "IBM Installation Manager",
                                "pluginVersion": 3,
                                "properties": {
                                    "responseFile": "responseFile.xml",
                                    "dataLocation": "",
                                    "imclLocation": "${p:environment\/InstallationManagerHome}\/eclipse\/tools\/imcl",
                                    "responseFileVariables": "",
                                    "secureStorageFile": "",
                                    "masterPasswordFile": ""
                                },
                                "type": "plugin",
                                "name": "Execute Response File",
                                "children": []
                            },
                            {
                                "allowFailure": false,
                                "useImpersonation": false,
                                "showHidden": false,
                                "impersonationUseSudo": false,
                                "commandName": "Replace Tokens",
                                "pluginName": "File Utils",
                                "pluginVersion": 39,
                                "properties": {
                                    "dir": "",
                                    "includes": "**\/*",
                                    "excludes": "",
                                    "startDelimiter": "@",
                                    "endDelimiter": "@",
                                    "propertyPrefix": "",
                                    "propFile": "replace_tokens.properties",
                                    "envPropValues": "${p:environment\/allProperties}",
                                    "explicitTokens": "@IM_REPOSITORY_URL@->${p:version\/IMRepository}\n@VERSION_NAME@->${p:version.name}\n\/opt\/IBM\/IHS85->${p:environment\/IHSInstallPath}\n\/opt\/IBM\/WASPlugin85->${p:environment\/WASPluginInstallPath}"
                                },
                                "type": "plugin",
                                "name": "Replace Tokens",
                                "children": []
                            }
                        ]
                    }
                },
                {
                    "name": "Uninstall",
                    "description": "",
                    "defaultWorkingDir": "${p:resource\/work.dir}\/${p:component.name}",
                    "takesVersion": true,
                    "inventoryActionType": "REMOVE",
                    "status": "Active",
                    "active": true,
                    "path": "components\/31d3fa67-2145-4cfc-83b5-d86e5f6cf935\/processes\/cf95d100-5dfd-4a7d-baec-20941f4ad6f2",
                    "propDefs": [],
                    "rootActivity": {
                        "edges": [
                            {
                                "to": "Stop IHS",
                                "type": "ALWAYS",
                                "value": ""
                            },
                            {
                                "to": "Uninstall IHS and WAS Plugin",
                                "from": "Stop IHS",
                                "type": "SUCCESS",
                                "value": ""
                            },
                            {
                                "to": "2543d8fd8ee8bac30a1404eae85a35",
                                "from": "Uninstall IHS and WAS Plugin",
                                "type": "SUCCESS",
                                "value": ""
                            }
                        ],
                        "offsets": [
                            {
                                "name": "Stop IHS",
                                "x": -30.5,
                                "y": 120,
                                "h": 60,
                                "w": 140
                            },
                            {
                                "name": "2543d8fd8ee8bac30a1404eae85a35",
                                "x": -5.5,
                                "y": 355,
                                "h": 50,
                                "w": 90
                            },
                            {
                                "name": "Uninstall IHS and WAS Plugin",
                                "x": -80,
                                "y": 231,
                                "h": 60,
                                "w": 240
                            }
                        ],
                        "type": "graph",
                        "name": "ea7cc0e6-9156-4331-b556-b738c27864d9",
                        "children": [
                            {
                                "type": "finish",
                                "name": "2543d8fd8ee8bac30a1404eae85a35",
                                "children": []
                            },
                            {
                                "allowFailure": false,
                                "useImpersonation": false,
                                "showHidden": false,
                                "impersonationUseSudo": false,
                                "commandName": "Shell",
                                "pluginName": "Shell",
                                "pluginVersion": 5,
                                "properties": {
                                    "directoryOffset": ".",
                                    "shellInterpreter": "",
                                    "scriptBody": "${p:environment\/InstallationManagerHome}\/eclipse\/tools\/imcl uninstall com.ibm.websphere.IHS.v85\n${p:environment\/InstallationManagerHome}\/eclipse\/tools\/imcl uninstall com.ibm.websphere.PLG.v85\n",
                                    "runAsDaemon": "false",
                                    "outputFile": ""
                                },
                                "type": "plugin",
                                "name": "Uninstall IHS and WAS Plugin",
                                "children": []
                            },
                            {
                                "allowFailure": false,
                                "useImpersonation": false,
                                "showHidden": false,
                                "impersonationUseSudo": false,
                                "commandName": "Shell",
                                "pluginName": "Shell",
                                "pluginVersion": 5,
                                "properties": {
                                    "directoryOffset": ".",
                                    "shellInterpreter": "",
                                    "scriptBody": "${p:IHSInstallPath}\/bin\/apachectl stop",
                                    "runAsDaemon": "false",
                                    "outputFile": ""
                                },
                                "type": "plugin",
                                "name": "Stop IHS",
                                "children": []
                            }
                        ]
                    }
                }
            ],
            "configTemplates": [],
            "genericProcesses": [],
            "teamMappings": []
        },
        {
            "name": "WebSphere - Deployment Manager",
            "description": "",
            "created": 1426621132705,
            "componentType": "STANDARD",
            "ignoreQualifiers": 0,
            "importAutomatically": false,
            "useVfs": true,
            "active": true,
            "deleted": false,
            "defaultVersionType": "FULL",
            "cleanupDaysToKeep": 0,
            "cleanupCountToKeep": 0,
            "envPropDefs": [],
            "resPropDefs": [],
            "versionPropDefs": [],
            "propSheetGroup": {"propSheets": [
                {
                    "name": "custom",
                    "properties": [
                        {
                            "name": "ProfileTemplatePath",
                            "value": "${p:environment\/WASInstallPath}\/profileTemplates\/dmgr",
                            "description": "Path to the template of the profile that will be created",
                            "secure": false
                        },
                        {
                            "name": "WASDmgrPort",
                            "value": "8879",
                            "description": "Port of the deployment manager",
                            "secure": false
                        },
                        {
                            "name": "WASProfileName",
                            "value": "Dmgr01",
                            "description": "Name of the new profile to create",
                            "secure": false
                        },
                        {
                            "name": "WASProfilePath",
                            "value": "${p:environment\/WASInstallPath}\/profiles\/Dmgr01",
                            "description": "Directory to place the new profile in",
                            "secure": false
                        }
                    ]
                },
                {
                    "name": "template",
                    "properties": []
                }
            ]},
            "processes": [
                {
                    "name": "Install",
                    "description": "",
                    "defaultWorkingDir": "${p:resource\/work.dir}\/${p:component.name}",
                    "takesVersion": true,
                    "inventoryActionType": "ADD",
                    "status": "Installed",
                    "configActionType": "ADD",
                    "active": true,
                    "path": "components\/5ef8926c-1772-4aec-996f-57137841f00e\/processes\/81445d37-3af2-410f-947f-0e9ec66acb31",
                    "propDefs": [],
                    "rootActivity": {
                        "edges": [
                            {
                                "to": "Create resource",
                                "from": "Create resource data file",
                                "type": "SUCCESS",
                                "value": ""
                            },
                            {
                                "to": "Create Deployment Manager Profile",
                                "type": "ALWAYS",
                                "value": ""
                            },
                            {
                                "to": "8d48d9e352053905fe2a17e22af253",
                                "from": "Create resource",
                                "type": "SUCCESS",
                                "value": ""
                            },
                            {
                                "to": "Create resource data file",
                                "from": "Create Deployment Manager Profile",
                                "type": "SUCCESS",
                                "value": ""
                            }
                        ],
                        "offsets": [
                            {
                                "name": "8d48d9e352053905fe2a17e22af253",
                                "x": -5,
                                "y": 450,
                                "h": 50,
                                "w": 90
                            },
                            {
                                "name": "Create Deployment Manager Profile",
                                "x": -110,
                                "y": 90,
                                "h": 60,
                                "w": 300
                            },
                            {
                                "name": "Create resource",
                                "x": -40,
                                "y": 330,
                                "h": 60,
                                "w": 160
                            },
                            {
                                "name": "Create resource data file",
                                "x": -65,
                                "y": 230,
                                "h": 60,
                                "w": 210
                            }
                        ],
                        "type": "graph",
                        "name": "90d4b519-8a2f-4cb3-8249-5fd898583fc4",
                        "children": [
                            {
                                "type": "finish",
                                "name": "8d48d9e352053905fe2a17e22af253",
                                "children": []
                            },
                            {
                                "allowFailure": false,
                                "useImpersonation": false,
                                "showHidden": false,
                                "impersonationUseSudo": false,
                                "commandName": "Run Groovy Script",
                                "pluginName": "Groovy",
                                "pluginVersion": 3,
                                "properties": {
                                    "groovyHome": "${GROOVY_HOME}",
                                    "scriptBody": "import groovy.json.JsonBuilder \n\ndef resourcePath = '''${p:resource.path}'''\ndef lastSlashIndex = resourcePath.lastIndexOf(\"\/\")\ndef parentResourcePath = resourcePath.substring(0, lastSlashIndex)\n\nprintln parentResourcePath\n\ndef json = new JsonBuilder()\ndef resourceJson = json {\n    name '''${p:component\/WASProfileName}'''\n    parent parentResourcePath\n    role 'WebSphereCell'\n    roleProperties json {\n        'websphere.cell' '''${p:component\/WASProfileName}'''\n        'websphere.commandPath' '''${p:environment\/WASInstallPath}\/bin'''\n        'websphere.connType' 'SOAP'\n        'websphere.host' 'localhost'\n        'websphere.password' '''${p:environment\/WASAdminPassword}'''\n        'websphere.port' '''${p:component\/WASDmgrPort}'''\n        'websphere.profilePath' '''${p:component\/WASProfilePath}'''\n        'websphere.user' '''${p:environment\/WASAdminUsername}'''\n    }\n}\n\nnew File(\"createResourceInput\").setText(json.toString())\n"
                                },
                                "type": "plugin",
                                "name": "Create resource data file",
                                "children": []
                            },
                            {
                                "allowFailure": false,
                                "useImpersonation": false,
                                "showHidden": false,
                                "impersonationUseSudo": false,
                                "commandName": "Shell",
                                "pluginName": "Shell",
                                "pluginVersion": 5,
                                "properties": {
                                    "directoryOffset": ".",
                                    "shellInterpreter": "",
                                    "scriptBody": "chmod +x $AGENT_HOME\/opt\/udclient\/udclient\nudclient --authtoken $DS_AUTH_TOKEN --weburl $AH_WEB_URL createResource createResourceInput",
                                    "runAsDaemon": "false",
                                    "outputFile": ""
                                },
                                "type": "plugin",
                                "name": "Create resource",
                                "children": []
                            },
                            {
                                "allowFailure": false,
                                "useImpersonation": false,
                                "showHidden": false,
                                "impersonationUseSudo": false,
                                "commandName": "Create Deployment Manager Profile",
                                "pluginName": "WAS - Install",
                                "pluginVersion": 3,
                                "properties": {
                                    "WASInstallPath": "${p:environment\/WASInstallPath}",
                                    "WASProfilePath": "${p:component\/WASProfilePath}",
                                    "WASProfileName": "${p:component\/WASProfileName}",
                                    "ProfileTemplatePath": "${p:component\/ProfileTemplatePath}",
                                    "WASAdminUsername": "${p:environment\/WASAdminUsername}",
                                    "WASAdminPassword": "${p:environment\/WASAdminPassword}"
                                },
                                "type": "plugin",
                                "name": "Create Deployment Manager Profile",
                                "children": []
                            }
                        ]
                    }
                },
                {
                    "name": "Start",
                    "description": "",
                    "defaultWorkingDir": "${p:resource\/work.dir}\/${p:component.name}",
                    "takesVersion": true,
                    "inventoryActionType": "ADD",
                    "status": "Active",
                    "configActionType": "ADD",
                    "active": true,
                    "path": "components\/5ef8926c-1772-4aec-996f-57137841f00e\/processes\/aab39b82-90fc-4cd4-8495-36c4cbedb23a",
                    "propDefs": [],
                    "rootActivity": {
                        "edges": [
                            {
                                "to": "62b21da37d9708889fa42ea3cf1dbf",
                                "from": "Start Deployment Manager",
                                "type": "SUCCESS",
                                "value": ""
                            },
                            {
                                "to": "Start Deployment Manager",
                                "type": "ALWAYS",
                                "value": ""
                            }
                        ],
                        "offsets": [
                            {
                                "name": "62b21da37d9708889fa42ea3cf1dbf",
                                "x": -5,
                                "y": 210,
                                "h": 50,
                                "w": 90
                            },
                            {
                                "name": "Start Deployment Manager",
                                "x": -85,
                                "y": 93,
                                "h": 60,
                                "w": 250
                            }
                        ],
                        "type": "graph",
                        "name": "76beb489-9e94-4c50-83fa-b5dea9b240f0",
                        "children": [
                            {
                                "type": "finish",
                                "name": "62b21da37d9708889fa42ea3cf1dbf",
                                "children": []
                            },
                            {
                                "allowFailure": false,
                                "useImpersonation": false,
                                "showHidden": false,
                                "impersonationUseSudo": false,
                                "commandName": "Start Deployment Manager",
                                "pluginName": "WAS - Install",
                                "pluginVersion": 3,
                                "properties": {
                                    "WASInstallPath": "${p:environment\/WASInstallPath}",
                                    "WASProfileName": "${p:component\/WASProfileName}",
                                    "WASAdminUsername": "${p:environment\/WASAdminUsername}",
                                    "WASAdminPassword": "${p:environment\/WASAdminPassword}"
                                },
                                "type": "plugin",
                                "name": "Start Deployment Manager",
                                "children": []
                            }
                        ]
                    }
                },
                {
                    "name": "Stop",
                    "description": "",
                    "defaultWorkingDir": "${p:resource\/work.dir}\/${p:component.name}",
                    "takesVersion": true,
                    "inventoryActionType": "REMOVE",
                    "status": "Active",
                    "active": true,
                    "path": "components\/5ef8926c-1772-4aec-996f-57137841f00e\/processes\/b13119dd-e4d7-4e8b-8ec1-96c20e621b6c",
                    "propDefs": [],
                    "rootActivity": {
                        "edges": [
                            {
                                "to": "Stop Deployment Manager",
                                "type": "ALWAYS",
                                "value": ""
                            },
                            {
                                "to": "5cbe9854d9aa376d1ba963045d2db5",
                                "from": "Stop Deployment Manager",
                                "type": "SUCCESS",
                                "value": ""
                            }
                        ],
                        "offsets": [
                            {
                                "name": "5cbe9854d9aa376d1ba963045d2db5",
                                "x": -5,
                                "y": 210,
                                "h": 50,
                                "w": 90
                            },
                            {
                                "name": "Stop Deployment Manager",
                                "x": -85,
                                "y": 100,
                                "h": 60,
                                "w": 250
                            }
                        ],
                        "type": "graph",
                        "name": "4b4d71db-5371-4a05-a350-dfe7e29cfa9a",
                        "children": [
                            {
                                "type": "finish",
                                "name": "5cbe9854d9aa376d1ba963045d2db5",
                                "children": []
                            },
                            {
                                "allowFailure": false,
                                "useImpersonation": false,
                                "showHidden": false,
                                "impersonationUseSudo": false,
                                "commandName": "Stop Deployment Manager",
                                "pluginName": "WAS - Install",
                                "pluginVersion": 3,
                                "properties": {
                                    "WASInstallPath": "${p:environment\/WASInstallPath}",
                                    "WASProfileName": "${p:component\/WASProfileName}",
                                    "WASAdminUsername": "${p:environment\/WASAdminUsername}",
                                    "WASAdminPassword": "${p:environment\/WASAdminPassword}"
                                },
                                "type": "plugin",
                                "name": "Stop Deployment Manager",
                                "children": []
                            }
                        ]
                    }
                },
                {
                    "name": "Uninstall",
                    "description": "",
                    "defaultWorkingDir": "${p:resource\/work.dir}\/${p:component.name}",
                    "takesVersion": true,
                    "inventoryActionType": "REMOVE",
                    "status": "Installed",
                    "active": true,
                    "path": "components\/5ef8926c-1772-4aec-996f-57137841f00e\/processes\/71603046-04de-42b0-9e2e-463d672fb6c9",
                    "propDefs": [],
                    "rootActivity": {
                        "edges": [
                            {
                                "to": "cd5bb105eefe6006868371274031e6",
                                "from": "Delete Cell Resource",
                                "type": "SUCCESS",
                                "value": ""
                            },
                            {
                                "to": "Remove Deployment Manager Profile",
                                "type": "ALWAYS",
                                "value": ""
                            },
                            {
                                "to": "Delete Cell Resource",
                                "from": "Remove Deployment Manager Profile",
                                "type": "SUCCESS",
                                "value": ""
                            }
                        ],
                        "offsets": [
                            {
                                "name": "Remove Deployment Manager Profile",
                                "x": -115,
                                "y": 87,
                                "h": 60,
                                "w": 310
                            },
                            {
                                "name": "cd5bb105eefe6006868371274031e6",
                                "x": -5,
                                "y": 380,
                                "h": 50,
                                "w": 90
                            },
                            {
                                "name": "Delete Cell Resource",
                                "x": -65,
                                "y": 240,
                                "h": 60,
                                "w": 210
                            }
                        ],
                        "type": "graph",
                        "name": "390423ba-6f80-41e7-bbc7-fda09292d212",
                        "children": [
                            {
                                "type": "finish",
                                "name": "cd5bb105eefe6006868371274031e6",
                                "children": []
                            },
                            {
                                "allowFailure": false,
                                "useImpersonation": false,
                                "showHidden": false,
                                "impersonationUseSudo": false,
                                "commandName": "Remove Deployment Manager Profile",
                                "pluginName": "WAS - Install",
                                "pluginVersion": 3,
                                "properties": {
                                    "WASInstallPath": "${p:environment\/WASInstallPath}",
                                    "WASProfilePath": "${p:component\/WASProfilePath}",
                                    "WASProfileName": "${p:component\/WASProfileName}"
                                },
                                "type": "plugin",
                                "name": "Remove Deployment Manager Profile",
                                "children": []
                            },
                            {
                                "allowFailure": false,
                                "useImpersonation": false,
                                "showHidden": false,
                                "impersonationUseSudo": false,
                                "commandName": "Delete Resource",
                                "pluginName": "UrbanCode Deploy Resources",
                                "pluginVersion": 75,
                                "properties": {"resource": "${p:resource.parent.path}\/${p:component\/WASProfileName}"},
                                "type": "plugin",
                                "name": "Delete Cell Resource",
                                "children": []
                            }
                        ]
                    }
                }
            ],
            "configTemplates": [],
            "genericProcesses": [],
            "teamMappings": []
        },
        {
            "name": "WebSphere - ND",
            "description": "",
            "created": 1426621132776,
            "componentType": "STANDARD",
            "ignoreQualifiers": 0,
            "importAutomatically": false,
            "useVfs": true,
            "active": true,
            "deleted": false,
            "defaultVersionType": "FULL",
            "cleanupDaysToKeep": 0,
            "cleanupCountToKeep": 0,
            "envPropDefs": [],
            "resPropDefs": [],
            "versionPropDefs": [
                {
                    "name": "IMRepository",
                    "label": "IM Repository",
                    "pattern": "",
                    "type": "TEXT",
                    "required": false,
                    "description": "Location of the Installation Manager repository where WAS ND is stored (this may be in the format C:\\installation_files\\repository.config or http:\/\/hostname:8081)",
                    "placeholder": ""
                },
                {
                    "name": "VersionName",
                    "label": "Version Name",
                    "pattern": "",
                    "type": "TEXT",
                    "required": false,
                    "description": "Version of WAS ND to install as described in the source repository (for example, com.ibm.websphere.ND.v85_8.5.5000.20130514_1044)",
                    "placeholder": ""
                }
            ],
            "propSheetGroup": {"propSheets": [
                {
                    "name": "custom",
                    "properties": []
                },
                {
                    "name": "template",
                    "properties": []
                }
            ]},
            "processes": [
                {
                    "name": "Install",
                    "description": "",
                    "defaultWorkingDir": "${p:resource\/work.dir}\/${p:component.name}",
                    "takesVersion": true,
                    "inventoryActionType": "ADD",
                    "status": "Active",
                    "configActionType": "ADD",
                    "active": true,
                    "path": "components\/527545cf-9a1e-4b48-927f-012c452f5460\/processes\/d3059ee4-98e3-49d1-aecc-3daeaff25602",
                    "propDefs": [],
                    "rootActivity": {
                        "edges": [
                            {
                                "to": "8d48d9e352053905fe2a17e22af253",
                                "from": "Install WebSphere Application Server ND",
                                "type": "SUCCESS",
                                "value": ""
                            },
                            {
                                "to": "Check Version Type",
                                "type": "ALWAYS",
                                "value": ""
                            },
                            {
                                "to": "Install WebSphere Application Server ND",
                                "from": "Check Version Type",
                                "type": "VALUE",
                                "value": "full"
                            }
                        ],
                        "offsets": [
                            {
                                "name": "8d48d9e352053905fe2a17e22af253",
                                "x": -5,
                                "y": 420,
                                "h": 50,
                                "w": 90
                            },
                            {
                                "name": "Install WebSphere Application Server ND",
                                "x": -115,
                                "y": 180,
                                "h": 60,
                                "w": 310
                            },
                            {
                                "name": "Check Version Type",
                                "x": -55,
                                "y": 90,
                                "h": 60,
                                "w": 190
                            }
                        ],
                        "type": "graph",
                        "name": "d81ac984-a963-44f0-a679-f5348ab0202a",
                        "children": [
                            {
                                "type": "finish",
                                "name": "8d48d9e352053905fe2a17e22af253",
                                "children": []
                            },
                            {
                                "propertyName": "version.type",
                                "type": "switch",
                                "name": "Check Version Type",
                                "children": []
                            },
                            {
                                "allowFailure": false,
                                "useImpersonation": false,
                                "showHidden": false,
                                "impersonationUseSudo": false,
                                "commandName": "Install WebSphere Application Server",
                                "pluginName": "WAS - Install",
                                "pluginVersion": 3,
                                "properties": {
                                    "WASInstallPath": "${p:environment\/WASInstallPath}",
                                    "IMInstallPath": "${p:environment\/InstallationManagerHome}",
                                    "IMRepository": "${p:version\/IMRepository}",
                                    "IMShared": "${p?:environment\/IMShared}",
                                    "VersionName": "${p:version\/VersionName}"
                                },
                                "type": "plugin",
                                "name": "Install WebSphere Application Server ND",
                                "children": []
                            }
                        ]
                    }
                },
                {
                    "name": "Uninstall",
                    "description": "",
                    "defaultWorkingDir": "${p:resource\/work.dir}\/${p:component.name}",
                    "takesVersion": true,
                    "inventoryActionType": "REMOVE",
                    "status": "Active",
                    "active": true,
                    "path": "components\/527545cf-9a1e-4b48-927f-012c452f5460\/processes\/2cff54d1-7b8f-4f65-9712-1fded5f8c509",
                    "propDefs": [],
                    "rootActivity": {
                        "edges": [
                            {
                                "to": "Uninstall WebSphere Application Server",
                                "type": "ALWAYS",
                                "value": ""
                            },
                            {
                                "to": "cd5bb105eefe6006868371274031e6",
                                "from": "Uninstall WebSphere Application Server",
                                "type": "SUCCESS",
                                "value": ""
                            }
                        ],
                        "offsets": [
                            {
                                "name": "cd5bb105eefe6006868371274031e6",
                                "x": -5,
                                "y": 330,
                                "h": 50,
                                "w": 90
                            },
                            {
                                "name": "Uninstall WebSphere Application Server",
                                "x": -120,
                                "y": 160,
                                "h": 60,
                                "w": 320
                            }
                        ],
                        "type": "graph",
                        "name": "705e3933-3367-4cbf-b1c0-b628abd839e7",
                        "children": [
                            {
                                "type": "finish",
                                "name": "cd5bb105eefe6006868371274031e6",
                                "children": []
                            },
                            {
                                "allowFailure": false,
                                "useImpersonation": false,
                                "showHidden": false,
                                "impersonationUseSudo": false,
                                "commandName": "Uninstall WebSphere Application Server",
                                "pluginName": "WAS - Install",
                                "pluginVersion": 3,
                                "properties": {
                                    "WASInstallPath": "${p:environment\/WASInstallPath}",
                                    "IMInstallPath": "${p:environment\/InstallationManagerHome}",
                                    "VersionName": "${p:version\/VersionName}"
                                },
                                "type": "plugin",
                                "name": "Uninstall WebSphere Application Server",
                                "children": []
                            }
                        ]
                    }
                }
            ],
            "configTemplates": [],
            "genericProcesses": [],
            "teamMappings": []
        },
        {
            "name": "WebSphere - Node",
            "description": "",
            "created": 1426621132826,
            "componentType": "STANDARD",
            "ignoreQualifiers": 0,
            "importAutomatically": false,
            "useVfs": true,
            "active": true,
            "deleted": false,
            "defaultVersionType": "FULL",
            "cleanupDaysToKeep": 0,
            "cleanupCountToKeep": 0,
            "envPropDefs": [],
            "resPropDefs": [],
            "versionPropDefs": [],
            "propSheetGroup": {"propSheets": [
                {
                    "name": "custom",
                    "properties": [
                        {
                            "name": "ProfileTemplatePath",
                            "value": "${p:environment\/WASInstallPath}\/profileTemplates\/managed",
                            "description": "Path to the template for the profile to create",
                            "secure": false
                        },
                        {
                            "name": "WASDmgrHostname",
                            "value": "${p:agent\/Hostname}",
                            "description": "Hostname of the deployment manager",
                            "secure": false
                        },
                        {
                            "name": "WASDmgrPort",
                            "value": "8879",
                            "description": "Port of the deployment manager",
                            "secure": false
                        },
                        {
                            "name": "WASProfileName",
                            "value": "Node01",
                            "description": "Name of the new profile to create",
                            "secure": false
                        },
                        {
                            "name": "WASProfilePath",
                            "value": "${p:environment\/WASInstallPath}\/profiles\/Node01",
                            "description": "Directory to place the new profile in",
                            "secure": false
                        }
                    ]
                },
                {
                    "name": "template",
                    "properties": []
                }
            ]},
            "processes": [
                {
                    "name": "Install",
                    "description": "",
                    "defaultWorkingDir": "${p:resource\/work.dir}\/${p:component.name}",
                    "takesVersion": true,
                    "inventoryActionType": "ADD",
                    "status": "Installed",
                    "configActionType": "ADD",
                    "active": true,
                    "path": "components\/b8bb28b7-5ba2-4b1f-8972-793a64322c41\/processes\/ded9225d-1299-4b04-8124-c146e18c02fc",
                    "propDefs": [],
                    "rootActivity": {
                        "edges": [
                            {
                                "to": "Create Node Profile",
                                "type": "ALWAYS",
                                "value": ""
                            },
                            {
                                "to": "e54158cba9bcecfdcad6c13f4fbe9f",
                                "from": "Create Node Profile",
                                "type": "SUCCESS",
                                "value": ""
                            }
                        ],
                        "offsets": [
                            {
                                "name": "Create Node Profile",
                                "x": -65,
                                "y": 200,
                                "h": 60,
                                "w": 210
                            },
                            {
                                "name": "e54158cba9bcecfdcad6c13f4fbe9f",
                                "x": -5,
                                "y": 460,
                                "h": 50,
                                "w": 90
                            }
                        ],
                        "type": "graph",
                        "name": "6ac8b58f-8f33-4d44-8928-9a0ba9c634d3",
                        "children": [
                            {
                                "type": "finish",
                                "name": "e54158cba9bcecfdcad6c13f4fbe9f",
                                "children": []
                            },
                            {
                                "allowFailure": false,
                                "useImpersonation": false,
                                "showHidden": false,
                                "impersonationUseSudo": false,
                                "commandName": "Create Node Profile",
                                "pluginName": "WAS - Install",
                                "pluginVersion": 3,
                                "properties": {
                                    "WASInstallPath": "${p:environment\/WASInstallPath}",
                                    "WASProfilePath": "${p:component\/WASProfilePath}",
                                    "WASProfileName": "${p:component\/WASProfileName}",
                                    "ProfileTemplatePath": "${p:component\/ProfileTemplatePath}",
                                    "WASAdminUsername": "${p:environment\/WASAdminUsername}",
                                    "WASAdminPassword": "${p:environment\/WASAdminPassword}"
                                },
                                "type": "plugin",
                                "name": "Create Node Profile",
                                "children": []
                            }
                        ]
                    }
                },
                {
                    "name": "Start",
                    "description": "",
                    "defaultWorkingDir": "${p:resource\/work.dir}\/${p:component.name}",
                    "takesVersion": true,
                    "inventoryActionType": "ADD",
                    "status": "Active",
                    "configActionType": "ADD",
                    "active": true,
                    "path": "components\/b8bb28b7-5ba2-4b1f-8972-793a64322c41\/processes\/63b466bc-7a0f-4a39-9238-cb04aaebd7da",
                    "propDefs": [],
                    "rootActivity": {
                        "edges": [
                            {
                                "to": "Start and Register Node",
                                "type": "ALWAYS",
                                "value": ""
                            },
                            {
                                "to": "86e000c67a13a3ef2c8ceb6f187e31",
                                "from": "Start and Register Node",
                                "type": "SUCCESS",
                                "value": ""
                            }
                        ],
                        "offsets": [
                            {
                                "name": "Start and Register Node",
                                "x": -80,
                                "y": 97,
                                "h": 60,
                                "w": 240
                            },
                            {
                                "name": "86e000c67a13a3ef2c8ceb6f187e31",
                                "x": -5,
                                "y": 210,
                                "h": 50,
                                "w": 90
                            }
                        ],
                        "type": "graph",
                        "name": "efae32d7-5cdb-4919-b1af-1b324504b113",
                        "children": [
                            {
                                "type": "finish",
                                "name": "86e000c67a13a3ef2c8ceb6f187e31",
                                "children": []
                            },
                            {
                                "allowFailure": false,
                                "useImpersonation": false,
                                "showHidden": false,
                                "impersonationUseSudo": false,
                                "commandName": "Start and Register Node",
                                "pluginName": "WAS - Install",
                                "pluginVersion": 3,
                                "properties": {
                                    "WASAdminUsername": "${p:environment\/WASAdminUsername}",
                                    "WASAdminPassword": "${p:environment\/WASAdminPassword}",
                                    "WASProfilePath": "${p:environment\/WASInstallPath}\/profiles\/Node01",
                                    "WASDmgrHostname": "${p:WASDmgrHostname}",
                                    "WASDmgrPort": "${p:WASDmgrPort}"
                                },
                                "type": "plugin",
                                "name": "Start and Register Node",
                                "children": []
                            }
                        ]
                    }
                },
                {
                    "name": "Stop",
                    "description": "",
                    "defaultWorkingDir": "${p:resource\/work.dir}\/${p:component.name}",
                    "takesVersion": true,
                    "inventoryActionType": "REMOVE",
                    "status": "Active",
                    "active": true,
                    "path": "components\/b8bb28b7-5ba2-4b1f-8972-793a64322c41\/processes\/9b0f3d07-1f8f-4a60-a0aa-15521fa74a4d",
                    "propDefs": [],
                    "rootActivity": {
                        "edges": [
                            {
                                "to": "Stop Node",
                                "type": "ALWAYS",
                                "value": ""
                            },
                            {
                                "to": "ed7070788b73dca51bb5589d067b34",
                                "from": "Stop Node",
                                "type": "SUCCESS",
                                "value": ""
                            }
                        ],
                        "offsets": [
                            {
                                "name": "ed7070788b73dca51bb5589d067b34",
                                "x": -5,
                                "y": 210,
                                "h": 50,
                                "w": 90
                            },
                            {
                                "name": "Stop Node",
                                "x": -40,
                                "y": 88,
                                "h": 60,
                                "w": 160
                            }
                        ],
                        "type": "graph",
                        "name": "ced91f08-2413-4c69-b6f3-168d64f58db6",
                        "children": [
                            {
                                "type": "finish",
                                "name": "ed7070788b73dca51bb5589d067b34",
                                "children": []
                            },
                            {
                                "allowFailure": false,
                                "useImpersonation": false,
                                "showHidden": false,
                                "impersonationUseSudo": false,
                                "commandName": "Stop Node",
                                "pluginName": "WAS - Install",
                                "pluginVersion": 3,
                                "properties": {
                                    "WASInstallPath": "${p:environment\/WASInstallPath}",
                                    "WASAdminUsername": "${p:environment\/WASAdminUsername}",
                                    "WASAdminPassword": "${p:environment\/WASAdminPassword}",
                                    "WASProfileName": "Node01"
                                },
                                "type": "plugin",
                                "name": "Stop Node",
                                "children": []
                            }
                        ]
                    }
                },
                {
                    "name": "Uninstall",
                    "description": "",
                    "defaultWorkingDir": "${p:resource\/work.dir}\/${p:component.name}",
                    "takesVersion": true,
                    "inventoryActionType": "REMOVE",
                    "status": "Installed",
                    "active": true,
                    "path": "components\/b8bb28b7-5ba2-4b1f-8972-793a64322c41\/processes\/a85e38c7-478d-4876-93ff-e0a238b39f50",
                    "propDefs": [],
                    "rootActivity": {
                        "edges": [
                            {
                                "to": "a0ef30e2a931a9bca3dfdae15a81da",
                                "from": "Remove Node Profile",
                                "type": "SUCCESS",
                                "value": ""
                            },
                            {
                                "to": "Remove Node Profile",
                                "type": "ALWAYS",
                                "value": ""
                            }
                        ],
                        "offsets": [
                            {
                                "name": "a0ef30e2a931a9bca3dfdae15a81da",
                                "x": -5,
                                "y": 210,
                                "h": 50,
                                "w": 90
                            },
                            {
                                "name": "Remove Node Profile",
                                "x": -70,
                                "y": 100,
                                "h": 60,
                                "w": 220
                            }
                        ],
                        "type": "graph",
                        "name": "f3974fb7-53a2-46f4-a578-9bb198fb11d4",
                        "children": [
                            {
                                "type": "finish",
                                "name": "a0ef30e2a931a9bca3dfdae15a81da",
                                "children": []
                            },
                            {
                                "allowFailure": false,
                                "useImpersonation": false,
                                "showHidden": false,
                                "impersonationUseSudo": false,
                                "commandName": "Remove Node Profile",
                                "pluginName": "WAS - Install",
                                "pluginVersion": 3,
                                "properties": {
                                    "WASInstallPath": "${p:environment\/WASInstallPath}",
                                    "WASProfilePath": "${p:environment\/WASInstallPath}\/profiles\/Node01",
                                    "WASProfileName": "Node01"
                                },
                                "type": "plugin",
                                "name": "Remove Node Profile",
                                "children": []
                            }
                        ]
                    }
                }
            ],
            "configTemplates": [],
            "genericProcesses": [],
            "teamMappings": []
        }
    ],
    "environments": [{
        "name": "WAS Install",
        "description": "",
        "color": "#00B2EF",
        "requireApprovals": false,
        "exemptProcesses": [],
        "lockSnapshots": false,
        "cleanupDaysToKeep": 0,
        "cleanupCountToKeep": 0,
        "order": 0,
        "active": true,
        "propSheet": {"properties": [
            {
                "name": "IHSInstallPath",
                "value": "\/opt\/IBM\/HttpServer",
                "description": "Location where IHS will be installed",
                "secure": false
            },
            {
                "name": "InstallationManagerHome",
                "value": "\/opt\/IBM\/InstallationManager",
                "description": "Location where IBM Installation Manager is installed. For example \/opt\/IBM\/InstallationManager",
                "secure": false
            },
            {
                "name": "WASAdminPassword",
                "value": "",
                "description": "Password for the WAS administrative user",
                "secure": true
            },
            {
                "name": "WASAdminUsername",
                "value": "",
                "description": "Username for a user with WAS administrative privileges",
                "secure": false
            },
            {
                "name": "WASInstallPath",
                "value": "\/opt\/IBM\/WebSphere\/AppServer",
                "description": "Location where WAS will be installed",
                "secure": false
            },
            {
                "name": "WASPluginInstallPath",
                "value": "\/opt\/IBM\/WASPlugin",
                "description": "Location where the WAS plugin will be installed",
                "secure": false
            }
        ]},
        "baseResources": [{
            "path": "\/RHEL",
            "id": "d8650b63-2658-407e-8949-b55938d95eab"
        }],
        "componentPropSheets": [
            {
                "properties": [],
                "componentName": "IBM HTTP Server"
            },
            {
                "properties": [],
                "componentName": "WebSphere - Deployment Manager"
            },
            {
                "properties": [],
                "componentName": "WebSphere - ND"
            },
            {
                "properties": [],
                "componentName": "WebSphere - Node"
            }
        ],
        "versionConditions": [],
        "teamMappings": []
    }],
    "processes": [
        {
            "name": "Install",
            "description": "",
            "inventoryManagementType": "AUTOMATIC",
            "offlineAgentHandling": "PRE_EXECUTION_CHECK",
            "rootActivity": {
                "edges": [
                    {
                        "to": "205c1a1fca105ee36d60f37e5edc6c",
                        "from": "146453f357058df2ed6e6958c6a60a",
                        "type": "SUCCESS",
                        "value": ""
                    },
                    {
                        "to": "614be4af10180823ada78ca9106384",
                        "from": "2fd07a3ec4ba28cb760588516f2b15",
                        "type": "SUCCESS",
                        "value": ""
                    },
                    {
                        "to": "b36b21210486d0fcc5057bb6c01fe0",
                        "from": "614be4af10180823ada78ca9106384",
                        "type": "SUCCESS",
                        "value": ""
                    },
                    {
                        "to": "146453f357058df2ed6e6958c6a60a",
                        "type": "ALWAYS",
                        "value": ""
                    },
                    {
                        "to": "ea45fc14fa648a71ee6f05a5363691",
                        "from": "2574a6c9eafd33c57cbaac856dbc7f",
                        "type": "SUCCESS",
                        "value": ""
                    },
                    {
                        "to": "614be4af10180823ada78ca9106384",
                        "from": "205c1a1fca105ee36d60f37e5edc6c",
                        "type": "SUCCESS",
                        "value": ""
                    },
                    {
                        "to": "2fd07a3ec4ba28cb760588516f2b15",
                        "from": "146453f357058df2ed6e6958c6a60a",
                        "type": "SUCCESS",
                        "value": ""
                    },
                    {
                        "to": "2574a6c9eafd33c57cbaac856dbc7f",
                        "from": "b36b21210486d0fcc5057bb6c01fe0",
                        "type": "SUCCESS",
                        "value": ""
                    }
                ],
                "offsets": [
                    {
                        "name": "146453f357058df2ed6e6958c6a60a",
                        "x": -60,
                        "y": 100,
                        "h": 50,
                        "w": 200
                    },
                    {
                        "name": "ea45fc14fa648a71ee6f05a5363691",
                        "x": 0,
                        "y": 600,
                        "h": 50,
                        "w": 90
                    },
                    {
                        "name": "2574a6c9eafd33c57cbaac856dbc7f",
                        "x": -60,
                        "y": 510,
                        "h": 50,
                        "w": 210
                    },
                    {
                        "name": "b36b21210486d0fcc5057bb6c01fe0",
                        "x": -65,
                        "y": 400,
                        "h": 60,
                        "w": 220
                    },
                    {
                        "name": "2fd07a3ec4ba28cb760588516f2b15",
                        "x": -300,
                        "y": 191,
                        "h": 50,
                        "w": 300
                    },
                    {
                        "name": "614be4af10180823ada78ca9106384",
                        "x": -105,
                        "y": 300,
                        "h": 60,
                        "w": 300
                    },
                    {
                        "name": "205c1a1fca105ee36d60f37e5edc6c",
                        "x": 85,
                        "y": 191,
                        "h": 50,
                        "w": 220
                    }
                ],
                "type": "graph",
                "name": "467204a2-e466-4042-a8d4-b7db098bc15a",
                "children": [
                    {
                        "type": "finish",
                        "name": "ea45fc14fa648a71ee6f05a5363691",
                        "children": []
                    },
                    {
                        "componentName": "WebSphere - ND",
                        "properties": [
                            {
                                "name": "failFast",
                                "value": "false"
                            },
                            {
                                "name": "runOnlyOnFirst",
                                "value": "false"
                            },
                            {
                                "name": "maxIteration",
                                "value": "-1"
                            }
                        ],
                        "type": "componentEnvironmentIterator",
                        "name": "146453f357058df2ed6e6958c6a60a",
                        "children": [{
                            "componentName": "WebSphere - ND",
                            "status": "Active",
                            "type": "inventoryVersionDiff",
                            "name": "66cc1b38-da99-4f60-a7c6-29ecbc218a2f",
                            "children": [{
                                "componentProcessName": "Install",
                                "componentName": "WebSphere - ND",
                                "allowFailure": false,
                                "properties": {},
                                "type": "componentProcess",
                                "name": "Install WebSphere - ND",
                                "children": []
                            }]
                        }]
                    },
                    {
                        "componentName": "WebSphere - Deployment Manager",
                        "properties": [
                            {
                                "name": "failFast",
                                "value": "false"
                            },
                            {
                                "name": "runOnlyOnFirst",
                                "value": "false"
                            },
                            {
                                "name": "maxIteration",
                                "value": "-1"
                            }
                        ],
                        "type": "componentEnvironmentIterator",
                        "name": "614be4af10180823ada78ca9106384",
                        "children": [{
                            "componentName": "WebSphere - Deployment Manager",
                            "status": "Active",
                            "type": "inventoryVersionDiff",
                            "name": "9e85b324-eaf9-4936-88ff-3acf49b9f353",
                            "children": [{
                                "componentProcessName": "Start",
                                "componentName": "WebSphere - Deployment Manager",
                                "allowFailure": false,
                                "properties": {},
                                "type": "componentProcess",
                                "name": "Start Deployment Manager",
                                "children": []
                            }]
                        }]
                    },
                    {
                        "componentName": "WebSphere - Node",
                        "properties": [
                            {
                                "name": "failFast",
                                "value": "false"
                            },
                            {
                                "name": "runOnlyOnFirst",
                                "value": "false"
                            },
                            {
                                "name": "maxIteration",
                                "value": "-1"
                            }
                        ],
                        "type": "componentEnvironmentIterator",
                        "name": "b36b21210486d0fcc5057bb6c01fe0",
                        "children": [{
                            "componentName": "WebSphere - Node",
                            "status": "Active",
                            "type": "inventoryVersionDiff",
                            "name": "3d307fb1-5668-4bce-bff5-5b09b2c669e1",
                            "children": [{
                                "componentProcessName": "Start",
                                "componentName": "WebSphere - Node",
                                "allowFailure": false,
                                "properties": {},
                                "type": "componentProcess",
                                "name": "Start Nodes",
                                "children": []
                            }]
                        }]
                    },
                    {
                        "componentName": "WebSphere - Deployment Manager",
                        "properties": [
                            {
                                "name": "failFast",
                                "value": "false"
                            },
                            {
                                "name": "runOnlyOnFirst",
                                "value": "false"
                            },
                            {
                                "name": "maxIteration",
                                "value": "-1"
                            }
                        ],
                        "type": "componentEnvironmentIterator",
                        "name": "2fd07a3ec4ba28cb760588516f2b15",
                        "children": [{
                            "componentName": "WebSphere - Deployment Manager",
                            "status": "Installed",
                            "type": "inventoryVersionDiff",
                            "name": "bde840e0-0d38-48f4-8b91-fb9d7306095d",
                            "children": [{
                                "componentProcessName": "Install",
                                "componentName": "WebSphere - Deployment Manager",
                                "allowFailure": false,
                                "properties": {},
                                "type": "componentProcess",
                                "name": "Install WebSphere - Deployment Manager",
                                "children": []
                            }]
                        }]
                    },
                    {
                        "componentName": "WebSphere - Node",
                        "properties": [
                            {
                                "name": "failFast",
                                "value": "false"
                            },
                            {
                                "name": "runOnlyOnFirst",
                                "value": "false"
                            },
                            {
                                "name": "maxIteration",
                                "value": "-1"
                            }
                        ],
                        "type": "componentEnvironmentIterator",
                        "name": "205c1a1fca105ee36d60f37e5edc6c",
                        "children": [{
                            "componentName": "WebSphere - Node",
                            "status": "Installed",
                            "type": "inventoryVersionDiff",
                            "name": "00ae5d5b-924a-4910-8532-4490a41f34ac",
                            "children": [{
                                "componentProcessName": "Install",
                                "componentName": "WebSphere - Node",
                                "allowFailure": false,
                                "properties": {},
                                "type": "componentProcess",
                                "name": "Install WebSphere - Node",
                                "children": []
                            }]
                        }]
                    },
                    {
                        "componentName": "IBM HTTP Server",
                        "properties": [
                            {
                                "name": "failFast",
                                "value": "false"
                            },
                            {
                                "name": "runOnlyOnFirst",
                                "value": "false"
                            },
                            {
                                "name": "maxIteration",
                                "value": "-1"
                            }
                        ],
                        "type": "componentEnvironmentIterator",
                        "name": "2574a6c9eafd33c57cbaac856dbc7f",
                        "children": [{
                            "componentName": "IBM HTTP Server",
                            "status": "Active",
                            "type": "inventoryVersionDiff",
                            "name": "cf4552a7-0da4-4a43-aefb-20c6fc31296e",
                            "children": [{
                                "componentProcessName": "Install",
                                "componentName": "IBM HTTP Server",
                                "allowFailure": false,
                                "properties": {},
                                "type": "componentProcess",
                                "name": "Install IBM HTTP Server",
                                "children": []
                            }]
                        }]
                    }
                ]
            },
            "propDefs": []
        },
        {
            "name": "Uninstall",
            "description": "",
            "inventoryManagementType": "AUTOMATIC",
            "offlineAgentHandling": "PRE_EXECUTION_CHECK",
            "rootActivity": {
                "edges": [
                    {
                        "to": "9effbdca761307b7a59d4ad2a2d701",
                        "from": "50309f1adc8b50260486968fd8c167",
                        "type": "SUCCESS",
                        "value": ""
                    },
                    {
                        "to": "9effbdca761307b7a59d4ad2a2d701",
                        "from": "4433dba3c9463b952f76795c980e56",
                        "type": "SUCCESS",
                        "value": ""
                    },
                    {
                        "to": "41600970db5105e6f9217fe8339c77",
                        "from": "9effbdca761307b7a59d4ad2a2d701",
                        "type": "SUCCESS",
                        "value": ""
                    },
                    {
                        "to": "4433dba3c9463b952f76795c980e56",
                        "from": "58f20f77857360d059b7050612a878",
                        "type": "SUCCESS",
                        "value": ""
                    },
                    {
                        "to": "50309f1adc8b50260486968fd8c167",
                        "from": "7c0e044c1c1aec5856a51df3183fae",
                        "type": "SUCCESS",
                        "value": ""
                    },
                    {
                        "to": "7c0e044c1c1aec5856a51df3183fae",
                        "type": "ALWAYS",
                        "value": ""
                    },
                    {
                        "to": "fa1d556c56c5f68c7ff89351f06a87",
                        "from": "41600970db5105e6f9217fe8339c77",
                        "type": "SUCCESS",
                        "value": ""
                    },
                    {
                        "to": "58f20f77857360d059b7050612a878",
                        "type": "ALWAYS",
                        "value": ""
                    }
                ],
                "offsets": [
                    {
                        "name": "fa1d556c56c5f68c7ff89351f06a87",
                        "x": -10,
                        "y": 490,
                        "h": 50,
                        "w": 90
                    },
                    {
                        "name": "9effbdca761307b7a59d4ad2a2d701",
                        "x": -75,
                        "y": 290,
                        "h": 50,
                        "w": 220
                    },
                    {
                        "name": "7c0e044c1c1aec5856a51df3183fae",
                        "x": 80,
                        "y": 90.00000000000001,
                        "h": 60,
                        "w": 230
                    },
                    {
                        "name": "41600970db5105e6f9217fe8339c77",
                        "x": -75,
                        "y": 390,
                        "h": 50,
                        "w": 220
                    },
                    {
                        "name": "50309f1adc8b50260486968fd8c167",
                        "x": 80,
                        "y": 180,
                        "h": 60,
                        "w": 230
                    },
                    {
                        "name": "4433dba3c9463b952f76795c980e56",
                        "x": -320,
                        "y": 180,
                        "h": 60,
                        "w": 320
                    },
                    {
                        "name": "58f20f77857360d059b7050612a878",
                        "x": -320,
                        "y": 90,
                        "h": 60,
                        "w": 320
                    }
                ],
                "type": "graph",
                "name": "ba45047b-2942-4e15-bf98-ff9a42f0776c",
                "children": [
                    {
                        "type": "finish",
                        "name": "fa1d556c56c5f68c7ff89351f06a87",
                        "children": []
                    },
                    {
                        "componentName": "WebSphere - ND",
                        "properties": [
                            {
                                "name": "runOnlyOnFirst",
                                "value": "false"
                            },
                            {
                                "name": "failFast",
                                "value": "false"
                            },
                            {
                                "name": "maxIteration",
                                "value": "-1"
                            }
                        ],
                        "type": "componentEnvironmentIterator",
                        "name": "9effbdca761307b7a59d4ad2a2d701",
                        "children": [{
                            "componentName": "WebSphere - ND",
                            "component": {
                                "id": "527545cf-9a1e-4b48-927f-012c452f5460",
                                "securityResourceId": "42c55573-3567-4a1f-bb64-210f81f5d6a6",
                                "name": "WebSphere - ND",
                                "description": "",
                                "created": 1426621132776,
                                "componentType": "STANDARD",
                                "ignoreQualifiers": 0,
                                "importAutomatically": false,
                                "useVfs": true,
                                "active": true,
                                "integrationFailed": false,
                                "deleted": false,
                                "defaultVersionType": "FULL",
                                "cleanupDaysToKeep": 0,
                                "cleanupCountToKeep": 0,
                                "tags": [],
                                "user": "admin"
                            },
                            "status": "Active",
                            "selectionType": "ALL_EXISTING",
                            "type": "uninstallAllVersionsIterator",
                            "name": "a081ac6e434302ce7b29f62a43caf9",
                            "children": [{
                                "componentProcessName": "Uninstall",
                                "componentName": "WebSphere - ND",
                                "allowFailure": false,
                                "properties": {},
                                "type": "componentProcess",
                                "name": "Uninstall WebSphere - ND",
                                "children": []
                            }]
                        }]
                    },
                    {
                        "componentName": "WebSphere - Deployment Manager",
                        "properties": [
                            {
                                "name": "runOnlyOnFirst",
                                "value": "false"
                            },
                            {
                                "name": "failFast",
                                "value": "false"
                            },
                            {
                                "name": "maxIteration",
                                "value": "-1"
                            }
                        ],
                        "type": "componentEnvironmentIterator",
                        "name": "58f20f77857360d059b7050612a878",
                        "children": [{
                            "componentName": "WebSphere - Deployment Manager",
                            "component": {
                                "id": "5ef8926c-1772-4aec-996f-57137841f00e",
                                "securityResourceId": "6d1bbb58-b716-45eb-9a45-8ab57b7034b4",
                                "name": "WebSphere - Deployment Manager",
                                "description": "",
                                "created": 1426621132705,
                                "componentType": "STANDARD",
                                "ignoreQualifiers": 0,
                                "importAutomatically": false,
                                "useVfs": true,
                                "active": true,
                                "integrationFailed": false,
                                "deleted": false,
                                "defaultVersionType": "FULL",
                                "cleanupDaysToKeep": 0,
                                "cleanupCountToKeep": 0,
                                "tags": [],
                                "user": "admin"
                            },
                            "status": "Active",
                            "selectionType": "ALL_EXISTING",
                            "type": "uninstallAllVersionsIterator",
                            "name": "2baea4c985ff1f3d6a2a64a4398c2e",
                            "children": [{
                                "componentProcessName": "Stop",
                                "componentName": "WebSphere - Deployment Manager",
                                "allowFailure": false,
                                "properties": {},
                                "type": "componentProcess",
                                "name": "Stop Deployment Manager",
                                "children": []
                            }]
                        }]
                    },
                    {
                        "componentName": "WebSphere - Node",
                        "properties": [
                            {
                                "name": "runOnlyOnFirst",
                                "value": "false"
                            },
                            {
                                "name": "failFast",
                                "value": "false"
                            },
                            {
                                "name": "maxIteration",
                                "value": "-1"
                            }
                        ],
                        "type": "componentEnvironmentIterator",
                        "name": "7c0e044c1c1aec5856a51df3183fae",
                        "children": [{
                            "componentName": "WebSphere - Node",
                            "component": {
                                "id": "b8bb28b7-5ba2-4b1f-8972-793a64322c41",
                                "securityResourceId": "da28e52c-e086-4d77-b899-e06faa9600fc",
                                "name": "WebSphere - Node",
                                "description": "",
                                "created": 1426621132826,
                                "componentType": "STANDARD",
                                "ignoreQualifiers": 0,
                                "importAutomatically": false,
                                "useVfs": true,
                                "active": true,
                                "integrationFailed": false,
                                "deleted": false,
                                "defaultVersionType": "FULL",
                                "cleanupDaysToKeep": 0,
                                "cleanupCountToKeep": 0,
                                "tags": [],
                                "user": "admin"
                            },
                            "status": "Active",
                            "selectionType": "ALL_EXISTING",
                            "type": "uninstallAllVersionsIterator",
                            "name": "f707efc3089fea6f19835ba412d08c",
                            "children": [{
                                "componentProcessName": "Stop",
                                "componentName": "WebSphere - Node",
                                "allowFailure": false,
                                "properties": {},
                                "type": "componentProcess",
                                "name": "Stop Node",
                                "children": []
                            }]
                        }]
                    },
                    {
                        "componentName": "WebSphere - Deployment Manager",
                        "properties": [
                            {
                                "name": "runOnlyOnFirst",
                                "value": "false"
                            },
                            {
                                "name": "failFast",
                                "value": "false"
                            },
                            {
                                "name": "maxIteration",
                                "value": "-1"
                            }
                        ],
                        "type": "componentEnvironmentIterator",
                        "name": "4433dba3c9463b952f76795c980e56",
                        "children": [{
                            "componentName": "WebSphere - Deployment Manager",
                            "component": {
                                "id": "5ef8926c-1772-4aec-996f-57137841f00e",
                                "securityResourceId": "6d1bbb58-b716-45eb-9a45-8ab57b7034b4",
                                "name": "WebSphere - Deployment Manager",
                                "description": "",
                                "created": 1426621132705,
                                "componentType": "STANDARD",
                                "ignoreQualifiers": 0,
                                "importAutomatically": false,
                                "useVfs": true,
                                "active": true,
                                "integrationFailed": false,
                                "deleted": false,
                                "defaultVersionType": "FULL",
                                "cleanupDaysToKeep": 0,
                                "cleanupCountToKeep": 0,
                                "tags": [],
                                "user": "admin"
                            },
                            "status": "Installed",
                            "selectionType": "ALL_EXISTING",
                            "type": "uninstallAllVersionsIterator",
                            "name": "7c2dd470f9b827b9a8b477bd895861",
                            "children": [{
                                "componentProcessName": "Uninstall",
                                "componentName": "WebSphere - Deployment Manager",
                                "allowFailure": false,
                                "properties": {},
                                "type": "componentProcess",
                                "name": "Uninstall Deployment Manager",
                                "children": []
                            }]
                        }]
                    },
                    {
                        "componentName": "WebSphere - Node",
                        "properties": [
                            {
                                "name": "runOnlyOnFirst",
                                "value": "false"
                            },
                            {
                                "name": "failFast",
                                "value": "false"
                            },
                            {
                                "name": "maxIteration",
                                "value": "-1"
                            }
                        ],
                        "type": "componentEnvironmentIterator",
                        "name": "50309f1adc8b50260486968fd8c167",
                        "children": [{
                            "componentName": "WebSphere - Node",
                            "component": {
                                "id": "b8bb28b7-5ba2-4b1f-8972-793a64322c41",
                                "securityResourceId": "da28e52c-e086-4d77-b899-e06faa9600fc",
                                "name": "WebSphere - Node",
                                "description": "",
                                "created": 1426621132826,
                                "componentType": "STANDARD",
                                "ignoreQualifiers": 0,
                                "importAutomatically": false,
                                "useVfs": true,
                                "active": true,
                                "integrationFailed": false,
                                "deleted": false,
                                "defaultVersionType": "FULL",
                                "cleanupDaysToKeep": 0,
                                "cleanupCountToKeep": 0,
                                "tags": [],
                                "user": "admin"
                            },
                            "status": "Installed",
                            "selectionType": "ALL_EXISTING",
                            "type": "uninstallAllVersionsIterator",
                            "name": "13b616814127e0d9dc034dceb520e1",
                            "children": [{
                                "componentProcessName": "Uninstall",
                                "componentName": "WebSphere - Node",
                                "allowFailure": false,
                                "properties": {},
                                "type": "componentProcess",
                                "name": "Uninstall Node",
                                "children": []
                            }]
                        }]
                    },
                    {
                        "componentName": "IBM HTTP Server",
                        "properties": [
                            {
                                "name": "runOnlyOnFirst",
                                "value": "false"
                            },
                            {
                                "name": "failFast",
                                "value": "false"
                            },
                            {
                                "name": "maxIteration",
                                "value": "-1"
                            }
                        ],
                        "type": "componentEnvironmentIterator",
                        "name": "41600970db5105e6f9217fe8339c77",
                        "children": [{
                            "componentName": "IBM HTTP Server",
                            "component": {
                                "id": "31d3fa67-2145-4cfc-83b5-d86e5f6cf935",
                                "securityResourceId": "c4b587db-a912-4385-91de-fc1734bde15d",
                                "name": "IBM HTTP Server",
                                "description": "",
                                "created": 1426621132597,
                                "componentType": "STANDARD",
                                "ignoreQualifiers": 0,
                                "importAutomatically": false,
                                "useVfs": true,
                                "active": true,
                                "integrationFailed": false,
                                "deleted": false,
                                "defaultVersionType": "FULL",
                                "cleanupDaysToKeep": 0,
                                "cleanupCountToKeep": 0,
                                "tags": [],
                                "user": "admin"
                            },
                            "status": "Active",
                            "selectionType": "ALL_EXISTING",
                            "type": "uninstallAllVersionsIterator",
                            "name": "e7dc20f472c4f0d40d2a47f48359ac",
                            "children": [{
                                "componentProcessName": "Uninstall",
                                "componentName": "IBM HTTP Server",
                                "allowFailure": false,
                                "properties": {},
                                "type": "componentProcess",
                                "name": "Uninstall IBM HTTP Server",
                                "children": []
                            }]
                        }]
                    }
                ]
            },
            "propDefs": []
        }
    ],
    "genericProcesses": [],
    "teamMappings": []
}