<?xml version="1.0" encoding="UTF-8"?><!--
- Licensed Materials - Property of IBM Corp.
- IBM UrbanCode Deploy
- (c) Copyright IBM Corporation 2011, 2017. All Rights Reserved.
-
- U.S. Government Users Restricted Rights - Use, duplication or disclosure restricted by
- GSA ADP Schedule Contract with IBM Corp.
--><plugin-upgrade xmlns="http://www.urbancode.com/UpgradeXMLSchema_v1" xmlns:server="http://www.urbancode.com/PluginServerXMLSchema_v1" xmlns:xsi="http://www.w3.org/2001/XMLSchema-instance">
  <migrate to-version="2">
    <migrate-command name="Check Server Status">
      <migrate-properties>
        <migrate-property name="serverUrl" default="${p?:resource/wl.serverUrl}"/>
      </migrate-properties>
    </migrate-command>
  </migrate>
  <migrate to-version="3">
  </migrate>
  <migrate to-version="4">
  </migrate>
  <migrate to-version="5">
    <migrate-command name="Deploy SOA Composite Application">
      <migrate-properties>
        <migrate-property name="soaUrl" default="${p?:resource/wl.soaUrl}"/>
      </migrate-properties>
    </migrate-command>
  </migrate>
  <migrate to-version="6">
    <migrate-command name="Start Server">
      <migrate-properties>
        <migrate-property name="userConfigFile" default="${p?:resource/wl.userconfigfile}"/>
        <migrate-property name="userKeyFile" default="${p?:resource/wl.userkeyfile}"/>
        <migrate-property name="hostname" default="${p?:resource/wl.nmhostname}"/>
        <migrate-property name="port" default="${p?:resource/wl.nmport}"/>
        <migrate-property name="nmType" default="ssl"/>
      </migrate-properties>
    </migrate-command>
  </migrate>
  <migrate to-version="7">
    <migrate-command name="Suspend Server">
      <migrate-properties>
        <migrate-property name="userConfigFile" default="${p?:resource/wl.userconfigfile}"/>
        <migrate-property name="userKeyFile" default="${p?:resource/wl.userkeyfile}"/>
      </migrate-properties>
    </migrate-command>
    <migrate-command name="Resume Server">
      <migrate-properties>
        <migrate-property name="userConfigFile" default="${p?:resource/wl.userconfigfile}"/>
        <migrate-property name="userKeyFile" default="${p?:resource/wl.userkeyfile}"/>
      </migrate-properties>
    </migrate-command>
    <migrate-command name="Shutdown Server">
      <migrate-properties>
        <migrate-property name="userConfigFile" default="${p?:resource/wl.userconfigfile}"/>
        <migrate-property name="userKeyFile" default="${p?:resource/wl.userkeyfile}"/>
      </migrate-properties>
    </migrate-command>
    <migrate-command name="Deploy">
      <migrate-properties>
        <migrate-property name="userConfigFile" default="${p?:resource/wl.userconfigfile}"/>
        <migrate-property name="userKeyFile" default="${p?:resource/wl.userkeyfile}"/>
      </migrate-properties>
    </migrate-command>
    <migrate-command name="Deploy SOA Composite Application">
      <migrate-properties>
        <migrate-property name="userConfigFile" default="${p?:resource/wl.userconfigfile}"/>
        <migrate-property name="userKeyFile" default="${p?:resource/wl.userkeyfile}"/>
      </migrate-properties>
    </migrate-command>
    <migrate-command name="Undeploy">
      <migrate-properties>
        <migrate-property name="userConfigFile" default="${p?:resource/wl.userconfigfile}"/>
        <migrate-property name="userKeyFile" default="${p?:resource/wl.userkeyfile}"/>
      </migrate-properties>
    </migrate-command>
    <migrate-command name="Start Application">
      <migrate-properties>
        <migrate-property name="userConfigFile" default="${p?:resource/wl.userconfigfile}"/>
        <migrate-property name="userKeyFile" default="${p?:resource/wl.userkeyfile}"/>
      </migrate-properties>
    </migrate-command>
    <migrate-command name="Stop Application">
      <migrate-properties>
        <migrate-property name="userConfigFile" default="${p?:resource/wl.userconfigfile}"/>
        <migrate-property name="userKeyFile" default="${p?:resource/wl.userkeyfile}"/>
      </migrate-properties>
    </migrate-command>
    <migrate-command name="Check Server Status">
      <migrate-properties>
        <migrate-property name="userConfigFile" default="${p?:resource/wl.userconfigfile}"/>
        <migrate-property name="userKeyFile" default="${p?:resource/wl.userkeyfile}"/>
      </migrate-properties>
    </migrate-command>
  </migrate>
  <migrate to-version="8">
    <migrate-command name="Suspend Server">
      <migrate-properties>
        <migrate-property name="password" default="${p?:resource/wl.password}"/>
        </migrate-properties>
    </migrate-command>
    <migrate-command name="Resume Server">
      <migrate-properties>
        <migrate-property name="password" default="${p?:resource/wl.password}"/>
      </migrate-properties>
    </migrate-command>
    <migrate-command name="Shutdown Server">
      <migrate-properties>
        <migrate-property name="password" default="${p?:resource/wl.password}"/>
      </migrate-properties>
    </migrate-command>
    <migrate-command name="Start Server">
      <migrate-properties>
        <migrate-property name="password" default="${p?:resource/wl.password}"/>
      </migrate-properties>
    </migrate-command>
    <migrate-command name="Deploy">
      <migrate-properties>
        <migrate-property name="password" default="${p?:resource/wl.password}"/>
        <migrate-property name="appName"/>
      </migrate-properties>
    </migrate-command>
    <migrate-command name="Deploy SOA Composite Application">
      <migrate-properties>
        <migrate-property name="password" default="${p?:resource/wl.password}"/>
      </migrate-properties>
    </migrate-command>
    <migrate-command name="Undeploy">
      <migrate-properties>
        <migrate-property name="password" default="${p?:resource/wl.password}"/>
        <migrate-property name="appName"/>
      </migrate-properties>
    </migrate-command>
    <migrate-command name="Start Application">
      <migrate-properties>
        <migrate-property name="password" default="${p?:resource/wl.password}"/>
        <migrate-property name="appName"/>
      </migrate-properties>
    </migrate-command>
    <migrate-command name="Stop Application">
      <migrate-properties>
        <migrate-property name="password" default="${p?:resource/wl.password}"/>
        <migrate-property name="appName"/>
      </migrate-properties>
    </migrate-command>
    <migrate-command name="Check Server Status">
      <migrate-properties>
        <migrate-property name="password" default="${p?:resource/wl.password}"/>
      </migrate-properties>
    </migrate-command>
  </migrate>
</plugin-upgrade>
