<?xml version="1.0" encoding="UTF-8"?>
<!--
- Licensed Materials - Property of IBM Corp.
- IBM UrbanCode Build
- IBM UrbanCode Deploy
- IBM UrbanCode Release
- IBM AnthillPro
- (c) Copyright IBM Corporation 2002, 2013. All Rights Reserved.
-
- U.S. Government Users Restricted Rights - Use, duplication or disclosure restricted by
- GSA ADP Schedule Contract with IBM Corp.
-->
<plugin-upgrade
        xmlns="http://www.urbancode.com/UpgradeXMLSchema_v1"
        xmlns:xsi="http://www.w3.org/2001/XMLSchema-instance">

    <migrate to-version="2">
        <migrate-command name="Deploy Portal WAR" />
        <migrate-command name="Deploy Theme" />
        <migrate-command name="Execute ConfigEngine command" />
        <migrate-command name="Install PAA" >
            <migrate-properties>
                <migrate-property name="additionalArgs" default=""/>
            </migrate-properties>
        </migrate-command>
        <migrate-command name="Invoke XMLAccess script" />
    </migrate>
    <migrate to-version="3">
        <migrate-command name="Deploy Portal WAR" >
            <migrate-properties>
                <migrate-property name="wpContextRoot" default="wps"/>
            </migrate-properties>
        </migrate-command>
        <migrate-command name="Deploy Theme" >
            <migrate-properties>
                <migrate-property name="wpContextRoot" default="wps"/>
            </migrate-properties>
        </migrate-command>
        <migrate-command name="Invoke XMLAccess script" >
            <migrate-properties>
                <migrate-property name="wpContextRoot" default="wps"/>
            </migrate-properties>
        </migrate-command>
    </migrate>
    <migrate to-version="4"/>
    <migrate to-version="5">
        <migrate-command name="Deploy Portal WAR" >
            <migrate-properties>
                <migrate-property name="vpPort" old="wpPort" default="${p:resource/portal.config.port}"/>
            </migrate-properties>
        </migrate-command>
        <migrate-command name="Deploy Theme" >
            <migrate-properties>
                <migrate-property name="vpPort" old="wpPort" default="${p:resource/portal.config.port}"/>
            </migrate-properties>
        </migrate-command>
        <migrate-command name="Invoke XMLAccess script" >
            <migrate-properties>
                <migrate-property name="vpPort" old="wpPort" default="${p:resource/portal.config.port}"/>
            </migrate-properties>
        </migrate-command>
    </migrate>
    <migrate to-version="6"/>
    <migrate to-version="7"/>
    <migrate to-version="8"/>
</plugin-upgrade>
