<?xml version="1.0" encoding="UTF-8"?>
<!--
- Licensed Materials - Property of IBM* Corp. and/or HCL**
- UrbanCode Deploy
- (c) Copyright IBM Corporation 2016, 2017. All Rights Reserved.
- (c) Copyright HCL Corporation 2018, 2019 All Rights Reserved.
-
- U.S. Government Users Restricted Rights - Use, duplication or disclosure restricted by
- GSA ADP Schedule Contract with IBM Corp.
-
- * Trademark of International Business Machines
- ** Trademark of HCL Technologies Limited
-->

<plugin-upgrade
        xmlns="http://www.urbancode.com/UpgradeXMLSchema_v1"
        xmlns:xsi="http://www.w3.org/2001/XMLSchema-instance">

  <migrate to-version="2">
    <migrate-command name="Run Scan">
    </migrate-command>

    <migrate-command name="Retrieve Reports">
        <migrate-properties>
            <migrate-property name="filepath"/>
        </migrate-properties>
    </migrate-command>
  </migrate>
  <migrate to-version="3">
    <migrate-command name="Configure Job Options">
       <migrate-properties>
            <migrate-property name="httpAuth"/>
        </migrate-properties>
    </migrate-command>
  </migrate>
  <migrate to-version="4">
    <migrate-command name="Configure Job Options">
       <migrate-properties>
            <migrate-property name="recordedTraffic"/>
        </migrate-properties>
    </migrate-command>
    <migrate-command name="Retrieve Application PDF Report">
    </migrate-command>
    <migrate-command name="Run Scan">
       <migrate-properties>
            <migrate-property name="retries"/>
        </migrate-properties>
    </migrate-command>
  </migrate>
  <migrate to-version="5">
      <migrate-command name="Retrieve PDF Report" old="Retrieve Application PDF Report">
          <migrate-properties>
              <migrate-property name="scanName"/>
              <migrate-property name="scanFIID"/>
          </migrate-properties>
      </migrate-command>
  </migrate>
  <migrate to-version="6">
      <migrate-command name="Retrieve PDF Report">
          <migrate-properties>
              <migrate-property name="scanName"/>
          </migrate-properties>
      </migrate-command>
  </migrate>
  <migrate to-version="7">
      <migrate-command name="Retrieve Report" old="Retrieve Reports">
          <migrate-properties>
              <migrate-property name="issuesAllowed" default="0"/>
          </migrate-properties>
      </migrate-command>
      <migrate-command name="Retrieve PDF Report">
          <migrate-properties>
              <migrate-property name="port"/>
          </migrate-properties>
      </migrate-command>
  </migrate>
  <migrate to-version="8">
  </migrate>
  <migrate to-version="9">
    <migrate-command name="Configure Job Options">
       <migrate-properties>
            <migrate-property name="setAuto" default="" />
            <migrate-property name="httpAuth" default="" />
        </migrate-properties>
    </migrate-command>
  </migrate>
  <migrate to-version="10">
    <migrate-command name="Run Scan">
       <migrate-properties>
            <migrate-property name="timeout" default="" />
        </migrate-properties>
    </migrate-command>
  </migrate>
  <migrate to-version="11">
    <migrate-command name="Run Scan">
       <migrate-properties>
            <migrate-property name="waitForScanComp" default="" />
            <migrate-property name="stopScan" default="" />
        </migrate-properties>
    </migrate-command>
  </migrate>
  <migrate to-version="12">
  </migrate>
  <migrate to-version="13">
    <migrate-command name="Retrieve Report">
        <migrate-properties>
            <migrate-property name="filePath" default=""/>
            <migrate-property name="printReport" default=""/>
        </migrate-properties>
    </migrate-command>
    <migrate-command name="Run Scan">
       <migrate-properties>
            <migrate-property name="timeout" default="" />
        </migrate-properties>
    </migrate-command>
    <migrate-command name="Wait for Scan" old="Wait for Scan or Report Pack">
       <migrate-properties>
            <migrate-property name="timeout" default="" />
        </migrate-properties>
    </migrate-command>
  </migrate>
  <migrate to-version="14">
    <migrate-command name="Create Scan">
       <migrate-properties>
            <migrate-property name="payload" default="" />
        </migrate-properties>
    </migrate-command>
  </migrate>
    <migrate to-version="15">
  </migrate>
      <migrate to-version="16">
  </migrate>
        <migrate to-version="17">
  </migrate>
          <migrate to-version="18">
  </migrate>
        <migrate to-version="19">
  </migrate>
          <migrate to-version="20">
  </migrate>
        <migrate to-version="21">
  </migrate>
        <migrate to-version="22">
  </migrate>
        <migrate to-version="23">
  </migrate>
        <migrate to-version="24">
  </migrate>


</plugin-upgrade>
