<?xml version="1.0" encoding="UTF-8"?>
<!--
- Licensed Materials - Property of IBM Corp.
- IBM UrbanCode Deploy
- (c) Copyright IBM Corporation 2011, 2013. All Rights Reserved.
-
- U.S. Government Users Restricted Rights - Use, duplication or disclosure restricted by
- GSA ADP Schedule Contract with IBM Corp.
-->
<plugin-upgrade
        xmlns="http://www.urbancode.com/UpgradeXMLSchema_v1"
        xmlns:xsi="http://www.w3.org/2001/XMLSchema-instance">
  <migrate to-version="4">
    <migrate-command name="Create Environment"/>
    <migrate-command name="Create Component Mapping"/>
    <migrate-command name="Create Environment Property"/>
    <migrate-command name="Set Component Environment Property"/>
  </migrate>
  <migrate to-version="5">
    <migrate-command name="Create Environment"/>
    <migrate-command name="Create Component Mapping"/>
    <migrate-command name="Create Environment Property"/>
    <migrate-command name="Set Component Environment Property"/>
  </migrate>
  <migrate to-version="7">
    <migrate-command name="Create Environment"/>
    <migrate-command name="Create Component Mapping"/>
    <migrate-command name="Create Environment Property"/>
    <migrate-command name="Set Component Environment Property"/>
    <migrate-command name="Get Environment Properties"/>
    <migrate-command name="Get Component Environment Properties"/>
    <migrate-command name="Inactivate Environment"/>
  </migrate>
  <migrate to-version="8">
    <migrate-command name="Create Environment"/>
    <migrate-command name="Create Component Mapping"/>
    <migrate-command name="Create Environment Property"/>
    <migrate-command name="Set Component Environment Property"/>
    <migrate-command name="Get Environment Properties"/>
    <migrate-command name="Get Component Environment Properties"/>
    <migrate-command name="Check If Environment Exists"/>
    <migrate-command name="Add User To Role For Environment"/>
    <migrate-command name="Add Group To Role For Environment"/>
  </migrate>
  <migrate to-version="9">
    <migrate-command name="Create Environment"/>
    <migrate-command name="Create Component Mapping"/>
    <migrate-command name="Create Environment Property"/>
    <migrate-command name="Set Component Environment Property"/>
    <migrate-command name="Get Environment Properties"/>
    <migrate-command name="Get Component Environment Properties"/>
    <migrate-command name="Check If Environment Exists"/>
    <migrate-command name="Add User To Role For Environment"/>
    <migrate-command name="Add Group To Role For Environment"/>
    <migrate-command name="Verify Inventory Status"/>
  </migrate>
    <migrate to-version="10">
    <migrate-command name="Create Environment">
       <migrate-properties>
         <migrate-property name="mappings" default="" />
       </migrate-properties>
    </migrate-command>
    <migrate-command name="Delete Environment"/>
    <migrate-command name="Create Component Mapping"/>
    <migrate-command name="Create Environment Property"/>
    <migrate-command name="Set Component Environment Property"/>
    <migrate-command name="Get Environment Properties"/>
    <migrate-command name="Get Component Environment Properties"/>
    <migrate-command name="Check If Environment Exists"/>
    <migrate-command name="Add User To Role For Environment"/>
    <migrate-command name="Add Group To Role For Environment"/>
    <migrate-command name="Verify Inventory Status"/>
    <migrate-command name="Inactivate Environment"/>
  </migrate>
  <migrate to-version="11">
    <migrate-command name="Create Environment">
       <migrate-properties>
         <migrate-property name="properties" default="" />
       </migrate-properties>
    </migrate-command>
    <migrate-command name="Delete Environment"/>
    <migrate-command name="Create Component Mapping"/>
    <migrate-command name="Create Environment Property"/>
    <migrate-command name="Set Component Environment Property"/>
    <migrate-command name="Get Environment Properties"/>
    <migrate-command name="Get Component Environment Properties"/>
    <migrate-command name="Check If Environment Exists"/>
    <migrate-command name="Add User To Role For Environment"/>
    <migrate-command name="Add Group To Role For Environment"/>
    <migrate-command name="Verify Inventory Status"/>
    <migrate-command name="Inactivate Environment"/>
  </migrate>
  <migrate to-version="11">
    <migrate-command name="Create Environment"/>
    <migrate-command name="Delete Environment"/>
    <migrate-command name="Create Component Mapping"/>
    <migrate-command name="Create Environment Property"/>
    <migrate-command name="Set Component Environment Property"/>
    <migrate-command name="Get Environment Properties"/>
    <migrate-command name="Get Component Environment Properties"/>
    <migrate-command name="Check If Environment Exists"/>
    <migrate-command name="Add User To Role For Environment"/>
    <migrate-command name="Add Group To Role For Environment"/>
    <migrate-command name="Verify Inventory Status"/>
    <migrate-command name="Inactivate Environment"/>
  </migrate>
  <migrate to-version="61">
    <migrate-command name="Create Environment"/>
    <migrate-command name="Delete Environment"/>
    <migrate-command name="Create Component Mapping"/>
    <migrate-command name="Create Environment Property"/>
    <migrate-command name="Set Component Environment Property"/>
    <migrate-command name="Get Environment Properties"/>
    <migrate-command name="Get Component Environment Properties"/>
    <migrate-command name="Check If Environment Exists"/>
    <migrate-command name="Verify Inventory Status"/>
    <migrate-command name="Inactivate Environment"/>
  </migrate>
  <migrate to-version="62">
    <migrate-command name="Create Environment"/>
    <migrate-command name="Delete Environment"/>
    <migrate-command name="Create Component Mapping"/>
    <migrate-command name="Create Environment Property"/>
    <migrate-command name="Set Component Environment Property"/>
    <migrate-command name="Get Environment Properties"/>
    <migrate-command name="Get Component Environment Properties"/>
    <migrate-command name="Check If Environment Exists"/>
    <migrate-command name="Verify Inventory Status"/>
    <migrate-command name="Inactivate Environment"/>
  </migrate>
  <migrate to-version="63">
    <migrate-command name="Create Environment"/>
    <migrate-command name="Delete Environment"/>
    <migrate-command name="Create Component Mapping"/>
    <migrate-command name="Create Environment Property"/>
    <migrate-command name="Set Component Environment Property"/>
    <migrate-command name="Get Environment Properties"/>
    <migrate-command name="Get Component Environment Properties"/>
    <migrate-command name="Check If Environment Exists"/>
    <migrate-command name="Verify Inventory Status"/>
    <migrate-command name="Inactivate Environment"/>
  </migrate>
    <migrate to-version="64">
    <migrate-command name="Create Environment"/>
    <migrate-command name="Delete Environment"/>
    <migrate-command name="Create Component Mapping"/>
    <migrate-command name="Create Environment Property"/>
    <migrate-command name="Set Component Environment Property"/>
    <migrate-command name="Get Environment Properties"/>
    <migrate-command name="Get Component Environment Properties"/>
    <migrate-command name="Check If Environment Exists"/>
    <migrate-command name="Verify Inventory Status"/>
  </migrate>
</plugin-upgrade>
