<?xml version="1.0" encoding="UTF-8"?><!--
 Licensed Materials - Property of IBM
 5748-XX8
 (C) Copyright IBM Corp. 2013, 2014 All Rights Reserved
 US Government Users Restricted Rights - Use, duplication or
 disclosure restricted by GSA ADP Schedule Contract with
 IBM Corp.
--><pluginInfo> 
  <author name="IBM">
    <organization>IBM</organization>
    <website>http://www.ibm.com</website>
  </author>
  
  <integration type="Automation"/>

  <!-- 
  **license type is NOT required**
  
  If your plugin uses any licensed software please acknowledge it by 
  listing the license type below  
  -->
  <!--
  <licenses>
    <license type=""/>
  </licenses>
  -->
  
  <tool-description>The Android plug-in provides functionality for interacting with Android emulators and devices.</tool-description>
  
  <!-- Do not change the release-version, the build process injects it. -->
  <release-version>2.640914</release-version>  
    
  <release-notes>
    <release-note plugin-version="1">
      This plug-in provides access to steps for interacting with mobile Android applications.
    </release-note>
    <release-note plugin-version="2">
      Fixes APAR PI35342 - compatibility defect with IBM Urbancode Deploy version 6.1.0.4 and later.
    </release-note>
  </release-notes>
</pluginInfo>