<?xml version="1.0" encoding="UTF-8"?>
<!--
- Licensed Materials - Property of IBM Corp.
- IBM UrbanCode Deploy
- (c) Copyright IBM Corporation 2011, 2013. All Rights Reserved.
-
- U.S. Government Users Restricted Rights - Use, duplication or disclosure restricted by
- GSA ADP Schedule Contract with IBM Corp.
-->
<plugin-upgrade
        xmlns="http://www.urbancode.com/UpgradeXMLSchema_v1"
        xmlns:xsi="http://www.w3.org/2001/XMLSchema-instance">
  <migrate to-version="2">
    <migrate-command name="Install Template">
    </migrate-command>
  </migrate>
  
  <migrate to-version="3">
    <migrate-command name="Install Template">
    </migrate-command>
    <migrate-command name="Import Properties">
    </migrate-command>
    <migrate-command name="Batch Import Properties">
    </migrate-command>
  </migrate>
</plugin-upgrade>
