<?xml version="1.0" encoding="UTF-8"?>
<plugin-upgrade
        xmlns="http://www.urbancode.com/UpgradeXMLSchema_v1"
        xmlns:xsi="http://www.w3.org/2001/XMLSchema-instance">

  <migrate to-version="3">
    <migrate-command name="Verify Deployment">
    </migrate-command>
  </migrate>
  <migrate to-version="4">
    <migrate-command name="Verify Deployment">
    </migrate-command>
    <migrate-command name="Wait for web page">
    </migrate-command>
  </migrate>
  <migrate to-version="5">
    <migrate-command name="Verify Deployment">
    </migrate-command>
    <migrate-command name="Wait for web page">
    </migrate-command>
  </migrate>
</plugin-upgrade>