<?xml version="1.0" encoding="UTF-8" standalone="no"?>
<!--
 * Licensed Materials - Property of IBM* and/or HCL**
 * UrbanCode Build
 * (c) Copyright IBM Corporation 2012, 2017. All Rights Reserved.
 * (c) Copyright HCL Technologies Ltd. 2018. All Rights Reserved.
 *
 * U.S. Government Users Restricted Rights - Use, duplication or disclosure restricted by
 * GSA ADP Schedule Contract with IBM Corp.
 *
 * * Trademark of International Business Machines
 * ** Trademark of HCL Technologies Limited
 -->
<plugin-upgrade xmlns="http://www.urbancode.com/UpgradeXMLSchema_v1" xmlns:xsi="http://www.w3.org/2001/XMLSchema-instance">
 <migrate to-version="2">
    <migrate-command name="Docker Push">
        <migrate-properties>
            <migrate-property name="dockerHost"/>
            <migrate-property name="imageName"/>
            <migrate-property name="username"/>
            <migrate-property name="password"/>
            <migrate-property name="email"/>
            <migrate-property name="server"/>
        </migrate-properties>
    </migrate-command>
  </migrate>
  <migrate to-version="3"/>

  <migrate to-version="4">
    <migrate-command name="Docker Push">
        <migrate-properties>
            <migrate-property name="username"/>
            <migrate-property name="password"/>
            <migrate-property name="email"/>
        </migrate-properties>
    </migrate-command>
  </migrate>

  <migrate to-version="5">
  </migrate>

  <migrate to-version="6">
    <migrate-command name="Docker Login">
        <migrate-properties>
            <migrate-property name="dockerOptions"/>
            <migrate-property name="server"/>
            <migrate-property name="username"/>
            <migrate-property name="password"/>
        </migrate-properties>
    </migrate-command>
    <migrate-command name="Docker Build">
        <migrate-properties>
            <migrate-property name="dockerFile"/>
            <migrate-property name="imagePropName"/>
            <migrate-property name="dockerOptions"/>
            <migrate-property name="dockerBuildOptions"/>
            <migrate-property name="buildFlags"/>
        </migrate-properties>
        <remove-properties>
            <remove-property name="dockerHost"/>
            <remove-property name="imageTagName"/>
        </remove-properties>
    </migrate-command>
      <migrate-command name="Docker Tag">
        <migrate-properties>
            <migrate-property name="dockerOptions"/>
            <migrate-property name="server"/>
            <migrate-property name="targetImageName"/>
            <migrate-property name="sourceImageName"/>
        </migrate-properties>
      </migrate-command>
      <migrate-command name="Docker Push">
        <migrate-properties>
             <migrate-property name="dockerOptions"/>
             <migrate-property name="skipImageSigning"/>
        </migrate-properties>
        <remove-properties>
             <remove-property name="email"/>
             <remove-property name="username"/>
             <remove-property name="password"/>
             <remove-property name="dockerHost"/>
        </remove-properties>
      </migrate-command>
      <migrate-command name="Docker Logout">
        <migrate-properties>
             <migrate-property name="dockerOptions"/>
             <migrate-property name="server"/>
        </migrate-properties>
      </migrate-command>
  </migrate>

  <migrate to-version="7">
      <migrate-command name="Docker Image Remove">
          <migrate-properties>
              <migrate-property name="dockerOptions"/>
              <migrate-property name ="arguments"/>
              <migrate-property name="imageName"/>
          </migrate-properties>
      </migrate-command>
      <migrate-command name="Docker Container Remove">
          <migrate-properties>
              <migrate-property name="dockerOptions"/>
              <migrate-property name="arguments"/>
              <migrate-property name="containerName"/>
          </migrate-properties>
      </migrate-command>
      <migrate-command name="Docker Commit">
          <migrate-properties>
              <migrate-property name="dockerOptions"/>
              <migrate-property name="arguments"/>
              <migrate-property name="containerName"/>
              <migrate-property name="imageName"/>
          </migrate-properties>
      </migrate-command>
      <migrate-command name="Docker Load">
          <migrate-properties>
              <migrate-property name="dockerOptions"/>
              <migrate-property name="arguments"/>
              <migrate-property name="tarFile"/>
          </migrate-properties>
      </migrate-command>
      <migrate-command name="Docker Save">
          <migrate-properties>
              <migrate-property name="dockerOptions"/>
              <migrate-property name="arguments"/>
              <migrate-property name="tarFile"/>
              <migrate-property name="imageName"/>
          </migrate-properties>
      </migrate-command>
      <migrate-command name="Docker Export">
          <migrate-properties>
              <migrate-property name="dockerOptions"/>
              <migrate-property name="arguments"/>
              <migrate-property name="tarFile"/>
              <migrate-property name="containerName"/>
          </migrate-properties>
      </migrate-command>
      <migrate-command name="Docker Copy">
          <migrate-properties>
              <migrate-property name="dockerOptions"/>
              <migrate-property name="arguments"/>
              <migrate-property name="source"/>
              <migrate-property name="destination"/>
          </migrate-properties>
      </migrate-command>
      <migrate-command name="Docker Import">
          <migrate-properties>
              <migrate-property name="dockerOptions"/>
              <migrate-property name="arguments"/>
              <migrate-property name="fileSystem"/>
              <migrate-property name="imageName"/>
          </migrate-properties>
      </migrate-command>
      <migrate-command name="Docker Build">
          <migrate-properties>
              <migrate-property name="imageTag"/>
              <migrate-property name="arguments"/>
              <migrate-property name="dockerOptions"/>
          </migrate-properties>
          <remove-properties>
              <remove-property name="dockerBuildOptions"/>
          </remove-properties>
      </migrate-command>
      <migrate-command name="Docker Tag">
          <remove-properties>
              <remove-property name="server"/>
          </remove-properties>
      </migrate-command>
      <migrate-command name="Docker Push">
          <remove-properties>
              <remove-property name="server"/>
          </remove-properties>
      </migrate-command>
  </migrate>
</plugin-upgrade>
