<?xml version="1.0" encoding="UTF-8"?>
<pluginInfo>
  
  <author name="IBM">
    <organization>IBM</organization>
    <email/>
    <website/>
    <bio/>
  </author>
  
  <!--
  
  **intergration type IS Required**
  
  The integration type section identifies where the plugin fits into the process
  excepted types are SCM, Artifact, Automation, Deploy 
  
  For example:
  
  The plugin pulls Artifacts from an artifact repository during deployment
  the Type would be "Artifact"
  or 
  The plugin deploys to a middleware server 
  the Type would be "Deploy"
  -->
  
  <integration type="Deploy"/>
  
  
  <!-- 
  **source is NOT required**
  
  The source section identifies the location of the plugin source code
  For example 
  https://github.com/...
  -->
  
  <!--<source url=""/>-->
  
  <!-- 
  **license type is NOT required**
  
  If your plugin uses any licensed software please acknowledge it by 
  listing the license type below  
  -->
  
  <!--
  <licenses>
    <license type=""/>
  </licenses>
  -->
  <!-- 
  **tool-description IS required**
  
  The tool-description section is used to summarize the software 
  the plugin was created to integrate with. 
  
  For example: 
  Apache Ant is a software tool to automate software processes during the build or 
  deployment of an application. Ant uses an propitiatory XML file to define build 
  and/or deployment steps(referred to as targets by ant) . The Ant executable is 
  called to execute the targets in the build.xml.
  -->
  
  <tool-description>WebSphere Portal is a framework-including a runtime server, services, tools, and many other features-that is used to integrate enterprises into a single, customizable interface called a portal. An enterprise portal combines components, applications, processes, and content from a wide variety of sources into a unified presentation, which users can access from a wide variety of devices.</tool-description>
  
  <!-- 
  **related-info is NOT required**
  
  The releated-info section is used to define links which may be useful to users of the plugin 
  but don't fall into the release-notes or tool-description section. 
  
  For example: releated-info can be links to pdf documentation, help videos related to plugin setup or the product's
  website.
  
  excepted values for type include: PDF, WEBSITE, VIDEO  
  -->
  
  <related-info>
    <link description="Please visit this site for more information on Websphere Portal." title="IBM Websphere Portal Homepage" type="WEBSITE" url="http://www-03.ibm.com/software/products/us/en/websportfami/"/>
  </related-info>

  <!-- 
  **meta-html in NOT required**
  
  The meta-html section is used define the meta description and the meta keywords of the plugin page.The meta 
  description tag allows you to influence the description of your page in the web crawlers that support the 
  tag The meta keywords tag allows   you to provide additional text for crawler-based search engines to index 
  along with your body copy. 
  
  If multiple keywords are used they must be comma(,) delimited   
  -->  
  
  <meta-html>
    <meta content="" name="description"/>
    <meta content="" name="keywords"/>  
  </meta-html>
    
  <!-- Do not change the release-version, the build process injects it. -->
  <release-version>1.457768</release-version>
    
    
  <release-notes>
    <!--
      **release-note IS required**
      
      The plugin version name must match the plugin version found in the plugin.xml file 
      
      The release-note should document the changes, improvements, or bug fixes introduced 
      with the new plugin version 
        
      The release-note may contain text or reference a file in the plugin zip package
      
      For example your release note could be:
      Support for was added for version 10.0 for software X
      or 
      releaseNotes/release1.html (where release1.html contains html formatted version information)
      
      To add a new release note add this with a description in it of the changes:
      <release-note plugin-version="9">....</release-note>
      
      Our automated release process will replace 'LATEST' with the released version.
      
      If this already exists in the file, then the described changes have not been released yet and
      you should just append to the existing 'LATEST' tag.
      -->
      
      <release-note plugin-version="LATEST">
	  1. Code change to preserve whitespaces in the generated XML Access scripts
	  2. Code change to explicitly set XML validation to false while parsing
      </release-note>
      <release-note plugin-version="1">
 Installing this plugin will enable you to invoke a ConfigEngine command as well as an XMLAccess script on a WebSphere Portal server. It also supports the deployment of Portal themes, skins, PAAs and WARs.
      </release-note>
    
  </release-notes>
</pluginInfo>
