<?xml version="1.0" encoding="UTF-8"?>
<pluginInfo>
  <author>
    <name>IBM AMC Team</name>
    <email></email>
    <website>http://www.ibm.com</website>
  </author>
  <licenses>
    <license></license>
  </licenses>
  <integrationType>Deploy</integrationType>
  <categories>
    <category>IBM</category>
	<category>middleware</category>
  </categories>
  <versions>
    <version name="1">
	  <releaseNote>
The WebSphere Portal plugin can be used to invoke a ConfigEngine command or an XMLAccess script on a WebSphere Portal server. It can also be used to deploy themes, skins, PAAs and WARs.
	   </releaseNote>
    </version>
  </versions>
</pluginInfo>
