<?xml version="1.0" encoding="UTF-8"?><!--
- Licensed Materials - Property of IBM Corp.
- IBM UrbanCode Deploy
- (c) Copyright IBM Corporation 2014, 2017. All Rights Reserved.
-
- U.S. Government Users Restricted Rights - Use, duplication or disclosure restricted by
- GSA ADP Schedule Contract with IBM Corp.
--><pluginInfo>
  <!--

  **author name IS required**

  The Author Section is used to give credit to the author of the plugin.
  Name is the only required element/attribute, but feel free to also include your email,
  website  or bio to allow users of your plugin to praise your work, ask questions
  or share their use case to help grow your plugin's functionality.
  -->

  <author name="IBM">
    <organization>IBM UrbanCode</organization>
    <email>ucplugin@us.ibm.com</email>
    <website>https://www.ibmdw.net/urbancode/plugins/</website>
    <bio/>
  </author>

  <!--

  **intergration type IS Required**

  The integration type section identifies where the plugin fits into the process
  excepted types are SCM, Build, Artifact, Automation, Deploy

  For example:

  The plugin pulls Artifacts from an artifact repository during deployment
  the Type would be "Artifact"
  or
  The plugin deploys to a middleware server
  the Type would be "Deploy"
  -->

  <integration type="Artifact"/>


  <!--
  **source is NOT required**

  The source section identifies the location of the plugin source code
  For example
  https://github.com/...
  -->
  <!--
  <source url=""/>
  -->
  <!--
  **license type is NOT required**

  If your plugin uses any licensed software please acknowledge it by
  listing the license type below
  -->
  <!--
  <licenses>
    <license type=""/>
  </licenses>
  -->
  <!--
  **tool-description IS required**

  The tool-description section is used to summarize the software
  the plugin was created to integrate with.

  For example:
  Apache Ant is a software tool to automate software processes during the build or
  deployment of an application. Ant uses an propitiatory XML file to define build
  and/or deployment steps(referred to as targets by ant) . The Ant executable is
  called to execute the targets in the build.xml.
  -->

  <tool-description>Artifactory is an open source repository and artifacts manager. It acts as a host proxy for Maven, Ant, Gradle, Ivy, NuGet and RubyGems repositories.</tool-description>

  <!--
  **related-info is NOT required**

  The releated-info section is used to define links which may be useful to users of the plugin
  but don't fall into the release-notes or tool-description section.

  For example: releated-info can be links to pdf documentation, help videos related to plugin setup or the product's
  website.

  excepted values for type include: PDF, WEBSITE, VIDEO
  -->
  <related-info>
    <link description="Artifactory website" title="Artifactory website" type="WEBSITE" url="www.jfrog.com/home/v_artifactory_opensource_overview‎"/>
  </related-info>
  <!--
  **meta-html in NOT required**

  The meta-html section is used define the meta description and the meta keywords of the plugin page.The meta
  description tag allows you to influence the description of your page in the web crawlers that support the
  tag The meta keywords tag allows   you to provide additional text for crawler-based search engines to index
  along with your body copy.

  If multiple keywords are used they must be comma(,) delimited
  -->

  <meta-html>
    <meta content="" name="description"/>
    <meta content="" name="keywords"/>
  </meta-html>

  <!-- Do not change the release-version, the build process injects it. -->
  <release-version>11.898453</release-version>

  <release-notes>
    <!--
      **release-note IS required**

      The plugin-version name must match the plugin version found in the plugin.xml file

      The release-note should document the changes, improvements, or bug fixes introduced
      with the new plugin version

      The release-note may contain text or reference a file in the plugin zip package

      For example your release note could be:
      Support for was added for version 10.0 for software X
      or
      releaseNotes/release1.html (where release1.html contains html formatted version information)

      To add a new release note add this with a description in it of the changes:
      <release-note plugin-version="1">....</release-note>

      Our automated release process will replace 'LATEST' with the released version.

      If this already exists in the file, then the described changes have not been released yet and
      you should just append to the existing 'LATEST' tag.
      -->

      <release-note plugin-version="1">
Install this plugin to import artifacts from an Artifactory repository as the component version.
      </release-note>

      <release-note plugin-version="2">
Fixes APAR PI35342 - compatibility defect with IBM Urbancode Deploy version 6.1.0.4 and later
      </release-note>

      <release-note plugin-version="3">
Fixes APAR PI56091 - 'Import New Versions' option for 'Specific Version' field is not used. Plugin
could show errors if a version is already imported during the same import.
      </release-note>
    <release-note plugin-version="4">
Adds ability to import versions for which the package name and version number are separated by "-" in the version title as opposed to "."
    </release-note>
    <release-note plugin-version="5">
      Fixes APAR PI57417. Plug-in now checks the agent settings for acceptance of self signed certificates.
    </release-note>
    <release-note plugin-version="6">
      <p>Fixes Defect: The 'Copy to CodeStation' checkbox is ignored and files are copied to codestation regardless of preference. The 'Copy to Codestation' checkbox is now functional.</p>
    </release-note>
    <release-note plugin-version="7">
      <p>Added functionality to set Artifactory properties as UCD component version properties.</p>
      <p>Added ability to set Artifactory properties as UCD version statues.</p>
      <p>Added ability to set Artifactory properties as links on UCD versions.</p>
      <p>Added ability to retrieve multiple file extension types.</p>
    </release-note>
    <release-note plugin-version="8">
      <p>Added option to unzip archived files before uploading.</p>
    </release-note>
    <release-note plugin-version="9">
      <p>Fixes APAR PI73859. Now 'Run Process After a Version is Created' works even when no properties exist for artifact.</p>
      <p>Plugin now properly sets output properties after version import.</p>
    </release-note>
    <release-note plugin-version="10">
      <p>Fixes APAR PI76587. Not selecting 'Copy into Codestation' now sets versions properties.</p>
    </release-note>
    <release-note plugin-version="11">
      <p>Plugin now downloads files and folders in version subfolders.</p>
      <p>A few logging and bug fixes.</p>
    </release-note>
  </release-notes>
</pluginInfo>