<?xml version="1.0" encoding="UTF-8" standalone="no"?>
<!--
- Licensed Materials - Property of IBM* and/or HCL**
- UrbanCode Deploy
- (c) Copyright IBM Corporation 2002, 2017. All Rights Reserved.
- (c) Copyright HCL Technologies Ltd. 2018. All Rights Reserved.
-
- U.S. Government Users Restricted Rights - Use, duplication or disclosure restricted by
- GSA ADP Schedule Contract with IBM Corp.
-
- * Trademark of International Business Machines
- ** Trademark of HCL Technologies Limited
--><pluginInfo>
  <!--

  **author name IS required**

  The Author Section is used to give credit to the author of the plugin.
  Name is the only required element/attribute, but feel free to also include your email,
  website  or bio to allow users of your plugin to praise your work, ask questions
  or share their use case to help grow your plugin's functionality.
  -->

  <author name="UrbanCode">
    <organization>UrbanCode</organization>
    <email>info@urbancode.com</email>
    <website>http://urbancode.com</website>
    <bio/>
  </author>

  <!--

  **intergration type IS Required**

  The integration type section identifies where the plugin fits into the process
  excepted types are SCM, Build, Artifact, Automation, Deploy

  For example:

  The plugin pulls Artifacts from an artifact repository during deployment
  the Type would be "Artifact"
  or
  The plugin deploys to a middleware server
  the Type would be "Deploy"
  -->

  <integration type="automation"/>


  <!--
  **source is NOT required**

  The source section identifies the location of the plugin source code
  For example
  https://github.com/...
  -->
  <!--
  <source url=""/>
  -->
  <!--
  **license type is NOT required**

  If your plugin uses any licensed software please acknowledge it by
  listing the license type below
  -->
  <!--
  <licenses>
    <license type=""/>
  </licenses>
  -->
  <!--
  **tool-description IS required**

  The tool-description section is used to summarize the software
  the plugin was created to integrate with.

  For example:
  Apache Ant is a software tool to automate software processes during the build or
  deployment of an application. Ant uses an propitiatory XML file to define build
  and/or deployment steps(referred to as targets by ant) . The Ant executable is
  called to execute the targets in the build.xml.
  -->

  <tool-description> SQL*Plus (commonly known as sqlplus) is an Oracle database client that can run SQL and PL/SQL commands and display their results. SQL*Plus is the default, the simplest and the most basic Oracle utility, with a basic command-line interface, commonly used by users, administrators, and programmers.</tool-description>

  <!--
  **related-info is NOT required**

  The releated-info section is used to define links which may be useful to users of the plugin
  but don't fall into the release-notes or tool-description section.

  For example: releated-info can be links to pdf documentation, help videos related to plugin setup or the product's
  website.

  excepted values for type include: PDF, WEBSITE, VIDEO
  -->

  <!--
  <related-info>
    <link title="" type="" description="" url =""/>
  </related-info>
  -->
  <!--
  **meta-html in NOT required**

  The meta-html section is used define the meta description and the meta keywords of the plugin page.The meta
  description tag allows you to influence the description of your page in the web crawlers that support the
  tag The meta keywords tag allows   you to provide additional text for crawler-based search engines to index
  along with your body copy.

  If multiple keywords are used they must be comma(,) delimited
  -->

  <meta-html>
    <meta content="" name="description"/>
    <meta content="" name="keywords"/>
  </meta-html>

  <!-- Do not change the release-version, the build process injects it. -->
  <release-version>20.1098503</release-version>

  <release-notes>
    <!--
      **release-note IS required**

      The plugin-version name must match the plugin version found in the plugin.xml file

      The release-note should document the changes, improvements, or bug fixes introduced
      with the new plugin version

      The release-note may contain text or reference a file in the plugin zip package

      For example your release note could be:
      Support for was added for version 10.0 for software X
      or
      releaseNotes/release1.html (where release1.html contains html formatted version information)

      To add a new release note add this with a description in it of the changes:
      <release-note plugin-version="3">....</release-note>

      Our automated release process will replace 'LATEST' with the released version.

      If this already exists in the file, then the described changes have not been released yet and
      you should just append to the existing 'LATEST' tag.
      -->

      Execute SQL scripts through Oracle's SQL*Plus application.  These steps can be used when designing a component process.

      <release-note plugin-version="5">
Add support for wildcards when specifying SQL scripts.
      </release-note>
    <release-note plugin-version="6">
Add step for running SQL control files
    </release-note>
    <release-note plugin-version="7">
Fixed bug with using wildcards in Run SQLPlus script step
    </release-note>
    <release-note plugin-version="8">
Authentication through Oracle Wallet support
Added functionality for additional environment variables
    </release-note>
    <release-note plugin-version="9">
Support property file encryption.
    </release-note>
    <release-note plugin-version="10">
Added error handling; step will now fail when SP2- errors or compilation errors are received.
    </release-note>
    <release-note plugin-version="11">
Added error handling; step will now fail when ORA- messages are received.
    </release-note>
    <release-note plugin-version="12">
Fixed error when separating SQL files by commas. Fixed bug, reintroduced in version 10, when using wildcards in Run SQLPlus script step.
    </release-note>
    <release-note plugin-version="13">
Fixed falsely reported compilation errors.
    </release-note>
    <release-note plugin-version="14">
Fixed exceptions to bubble up instead of printing a potentially unrelated error message.
    </release-note>
    <release-note plugin-version="15">
Adding support for args when specifying SQL scripts.
    </release-note>
    <release-note plugin-version="16">
Fixed APAR PH03192 - Plugin now reports PLS compilation errors.
    </release-note>
    <release-note plugin-version="17">
RFE 47981 - Added a password script field that can be used to retrieve the password for database authentication.
    </release-note>
    <release-note plugin-version="18">
Added support for @@ for SQL*Plus UCD plugin.
    </release-note>
    <release-note plugin-version="19">
Fixed APAR PH18690 - Null file references.
Added option to skip SQL error checking.
    </release-note>
    <release-note plugin-version="20">
Fixed APAR PH19241 - Avoid memory leaks by streaming file contents instead of storing them in memory.
    </release-note>
  </release-notes>
</pluginInfo>
