<?xml version="1.0" encoding="UTF-8"?><!--
- Licensed Materials - Property of IBM Corp.
- IBM UrbanCode Deploy
- (c) Copyright IBM Corporation 2011, 2017. All Rights Reserved.
-
- U.S. Government Users Restricted Rights - Use, duplication or disclosure restricted by
- GSA ADP Schedule Contract with IBM Corp.
--><pluginInfo>
  <!-- Do not change the release-version, the build process injects it. -->
  <release-version>11.930027</release-version>

  <release-notes>
    <!--
      The release-note should document the changes, improvements, or bug fixes introduced
      with the new plugin version

      The release-note may contain text

      For example your release note could be:
      Support for was added for version 10.0 for software X

      To add a new release note add this with a description in it of the changes:
      <release-note plugin-version="1">....</release-note>
    -->

    <release-note plugin-version="1">
Initial release of the OpenShift plugin.
Provides an oc CLI wrapper for executing the deploy, rollback, scale and tag commands.
    </release-note>
    <release-note plugin-version="2">
Fixed issue with setting oc script home, changed Resource Type in Scale step to dropdown.
    </release-note>
    <release-note plugin-version="3">
Updated to work with oc CLI 3.1
    </release-note>
    <release-note plugin-version="4">
Support property file encryption.
    </release-note>
    <release-note plugin-version="5">
Added steps Create Secret, Patch Secret, Replace DeploymentConfig and Patch DeploymentConfig.
    </release-note>
      <release-note plugin-version="6">
Added step Create Object from Template.
      </release-note>
      <release-note plugin-version="7">
Fixes to Create Object from Template step. Plugin collects token automatically when using REST steps. JSON files can be passed in as well as JSON.
      </release-note>
      <release-note plugin-version="8">
Create Object From Template step now allows for parameter file to be passed in.
      </release-note>
      <release-note plugin-version="9">
Fix to parameter passing in Create Object From Template step.
Allows for pull secrets and app secrets to be patched at once.
      </release-note>
      <release-note plugin-version="10">
Remove oc version check before oc login.
      </release-note>
      <release-note plugin-version="11">
Updated to ensure all response texts are zOS compatible.
      </release-note>
  </release-notes>
</pluginInfo>