<?xml version="1.0" encoding="UTF-8" standalone="no"?>
<plugin-upgrade xmlns="http://www.urbancode.com/UpgradeXMLSchema_v1" xmlns:server="http://www.urbancode.com/PluginServerXMLSchema_v1" xmlns:xsi="http://www.w3.org/2001/XMLSchema-instance">
  <!-- The purpose of plugin.xml is to provide upgrade paths when the plugin version is changed.
       If the upgrade paths are specified correctly, users will be upgraded to the new version 
       without interruption. -->
    <migrate to-version="4">
    	<migrate-command name="Run an HCL OneTest UI - UI Test test" old="Run Web UI Tester Test"/>
	</migrate>
	<migrate to-version="5">
    	<migrate-command name="Run an HCL OneTest UI - UI Test test" old="Run Web UI Tester Test"/>
	</migrate>
	<migrate to-version="6">
    	<migrate-command name="Run an HCL OneTest UI - UI Test test" old="Run Web UI Tester Test"/>
	</migrate>
	<migrate to-version="7">
    	<migrate-command name="Run an HCL OneTest UI - UI Test test" old="Run Web UI Tester Test"/>
	</migrate>
	<migrate to-version="8">
    	<migrate-command name="Run an HCL OneTest UI - UI Test test" old="Run Web UI Tester Test"/>
	</migrate>
	<migrate to-version="9">
    	<migrate-command name="Run an HCL OneTest UI - UI Test test" old="Run Web UI Tester Test"/>
	</migrate>
	<migrate to-version="10">
    	<migrate-command name="Run an HCL OneTest UI - UI Test test" old="Run Web UI Tester Test"/>
	</migrate>
	<migrate to-version="11">
    	<migrate-command name="Run an HCL OneTest UI - UI Test test" old="Run Web UI Tester Test"/>
	</migrate>	
</plugin-upgrade>
