<?xml version="1.0" encoding="UTF-8"?>
<pluginInfo>
	<!-- **author name IS required** The Author Section is used to give credit to the author of the plugin. Name is the only required element/attribute, but feel free to also include your email, website or bio to allow users of your plugin to praise your work, ask questions or share their use case to help grow your plugin's functionality. -->

	<author name="IBM Middleware Configuration for WebSphere">
		<organization>IBM Rational</organization>
		<email></email>
		<website></website>
		<bio></bio>
	</author>

	<!-- **intergration type IS Required** The integration type section identifies where the plugin fits into the process excepted types are SCM, Artifact, Automation, Deploy For example: The plugin pulls Artifacts from an artifact repository during deployment the Type would be "Artifact" or The plugin deploys to a middleware server the Type would be "Deploy" -->

	<integration type="Automation" />


	<tool-description>This plug-in adds capabilities that allow for WebSphere Application Server (WAS) configuration to be captured, associated with an Application and promoted across Environments.</tool-description>


	<!-- **meta-html in NOT required** The meta-html section is used define the meta description and the meta keywords of the plugin page.The meta description tag allows you to influence the description of your page in the web crawlers that support the tag The meta keywords tag allows you to provide additional text for crawler-based search engines to index along with your body copy. If multiple keywords are used they must be comma(,) delimited -->

	<meta-html>
		<meta name="description" content="" />
		<meta name="keywords" content="" />
	</meta-html>

	<release-version>8.140924</release-version>

	<release-notes>
		<!-- **release-note IS required** The plugin version name must match the plugin version found in the plugin.xml file The release-note should document the changes, improvements, or bug fixes introduced with the new plugin version The release-note may contain text or reference a file in the plugin zip package For example your release note could be: Support for was added for version 10.0 for software X or releaseNotes/release1.html (where release1.html contains html formatted version information) 
			To add a new release note add this with a description in it of the changes: <release-note plugin-version="9">....</release-note> Our automated release process will replace 'LATEST' with the released version. If this already exists in the file, then the described changes have not been released yet and you should just append to the existing 'LATEST' tag. -->


		<release-note plugin-version="LATEST">
			Security and bug fixes
		</release-note>

		<release-note plugin-version="8">
			Security and bug fixes
		</release-note>

		<release-note plugin-version="7">
			Bug fixes
		</release-note>

		<release-note plugin-version="6">
			Quick execute, cell to cell compare, and layered templates
		</release-note>
		
		<release-note plugin-version="5">
			Bug fixes
		</release-note>

		<release-note plugin-version="4">
			XPath support and the ability to generate a template without importing WAS configuration for the 'Generate Template' step. Performance improvements for WAS configuration data import.
		</release-note>
		
		<release-note plugin-version="3">
			Support for 6.0.1.0 server version
		</release-note>
	
		<release-note plugin-version="2">
			Compare and server configuration support
		</release-note>	
		
		<release-note plugin-version="1">
			Initial plugin release
		</release-note>

	</release-notes>
</pluginInfo>