<?xml version="1.0" encoding="UTF-8"?>
<!--
- Licensed Materials - Property of IBM* and/or HCL**
- UrbanCode Deploy
- (c) Copyright IBM Corporation 2013, 2017. All Rights Reserved.
- (c) Copyright HCL Technologies Ltd. 2018. All Rights Reserved.
-
- U.S. Government Users Restricted Rights - Use, duplication or disclosure restricted by
- GSA ADP Schedule Contract with IBM Corp.
-
- * Trademark of International Business Machines
- ** Trademark of HCL Technologies Limited
-->
<plugin-upgrade
        xmlns="http://www.urbancode.com/UpgradeXMLSchema_v1"
        xmlns:xsi="http://www.w3.org/2001/XMLSchema-instance">


  <migrate to-version="2">
    <migrate-command name="Send HTTP Call"/>
  </migrate>
  <migrate to-version="3">
    <migrate-command name="Send HTTP Call"/>
  </migrate>
  <migrate to-version="4">
    <migrate-command name="Send HTTP Call"/>
  </migrate>
  <migrate to-version="5">
    <migrate-command name="Upload to FTP Server">
        <migrate-properties>
            <migrate-property name="fileType" default="BINARY"/>
            <migrate-property name="uploadDir" old="uploadFile" default="" />
            <migrate-property name="fileRename" />
        </migrate-properties>
    </migrate-command>
    <migrate-command name="Send HTTP Call"/>
  </migrate>
  <migrate to-version="6">
    <migrate-command name="Send HTTP Call"/>
    <migrate-command name="Upload to FTP Server"/>
  </migrate>
  <migrate to-version="7">
  </migrate>
  <migrate to-version="8">
  </migrate>
  <migrate to-version="9">
  </migrate>
  <migrate to-version="10">
  </migrate>
  <migrate to-version="11">
    <migrate-command name="Send HTTP Call">
        <migrate-properties>
            <migrate-property name="acceptType" default="*/*"/>
        </migrate-properties>
    </migrate-command>
  </migrate>
  <migrate to-version="12">
  </migrate>
  <migrate to-version="13">
  <migrate-command name="Send HTTP Call">
        <migrate-properties>
            <migrate-property name="contentType" default="*/*"/>
            <migrate-property name="acceptType" default="*/*"/>
        </migrate-properties>
    </migrate-command>
  </migrate>
  <migrate to-version="14">
      <migrate-command name="Upload to FTP Server">
            <migrate-properties>
                <migrate-property name="connectionMode" default="default"/>
            </migrate-properties>
        </migrate-command>
  </migrate>
  <migrate to-version="15">
  </migrate>
  <migrate to-version="16">
      <migrate-command name="Send HTTP Call">
            <migrate-properties>
                <migrate-property name="timeout" default=""/>
            </migrate-properties>
        </migrate-command>
  </migrate>
  <migrate to-version="17">
  </migrate>
  <migrate to-version="18">
  </migrate>
    <migrate to-version="19">
    </migrate>
</plugin-upgrade>
