<?xml version="1.0" encoding="UTF-8"?>
<!--
- Licensed Materials - Property of HCL
- UrbanCode Deploy
- (c) Copyright HCL Technologies Ltd. 2018. All Rights Reserved.
-->
<plugin-upgrade xmlns="http://www.urbancode.com/UpgradeXMLSchema_v1" >
    <migrate to-version="42">
    </migrate>
    <migrate to-version="2">
        <migrate-command name="Import Version" >
            <migrate-properties>
                <migrate-property name="checkHash" default="false"/>
                <migrate-property name="versionPattern" default=""/>
            </migrate-properties>
        </migrate-command>
    </migrate>
</plugin-upgrade>
