<?xml version="1.0" encoding="UTF-8"?>
<!--
- Licensed Materials - Property of IBM Corp.
- IBM UrbanCode Deploy
- (c) Copyright IBM Corporation 2014, 2016. All Rights Reserved.
-
- U.S. Government Users Restricted Rights - Use, duplication or disclosure restricted by
- GSA ADP Schedule Contract with IBM Corp.
-->
<plugin-upgrade
        xmlns="http://www.urbancode.com/UpgradeXMLSchema_v1"
        xmlns:xsi="http://www.w3.org/2001/XMLSchema-instance">

  <migrate to-version="2">

  </migrate>

  <migrate to-version="3">

  </migrate>

  <migrate to-version="4">

  </migrate>

  <migrate to-version="5">
    <migrate-command name="Download version (Maven build)"/>
    <migrate-command name="Download version (non-Maven build)"/>
    <migrate-command name="Download NuGet package"/>
    <migrate-command name="Promote Build">
      <migrate-properties>
        <migrate-property name="buildSource" default=""/>
        <migrate-property name="buildTarget" default=""/>
      </migrate-properties>
    </migrate-command>
    <migrate-command name="Set Item Properties"/>
    <migrate-command name="Download Latest Build for SNAPSHOT"/>
  </migrate>

  <migrate to-version="6">
    <migrate-command name="Retrieve Build Artifacts Archive"/>
  </migrate>

</plugin-upgrade>

