<?xml version="1.0" encoding="UTF-8"?>
<pluginInfo>
  <author>
    <name>Ryan Haffey</name>
    <email>rmh@urbancode.com</email>
    <website>http://urbancode.com</website>
  </author>
  <licenses>
    <license>lgpl 3.0</license>
  </licenses>
    <integrationType>Deploy</integrationType>
  <categories>
    <category>windows</category>
	<category>Microsoft</category>
	<category>middleware</category>
  </categories>
  <versions>
    <version name="4">
	  <releaseNote>
	    releasenotes/4.html
	  </releaseNote>
    </version>
    <version name="3">
	  <releaseNote>
	    releasenotes/3.html
	  </releaseNote>
    </version>
  </versions>
</pluginInfo>