<?xml version="1.0" encoding="UTF-8"?>

<!-- 
====================================================================== 
Licensed Materials - Property of IBM Corp. 
IBM Rational Automation Framework 
(c) Copyright IBM Corporation 2003, 2012. All Rights Reserved.   

U.S. Government Users Restricted Rights - Use, duplication or disclosure restricted by 
GSA ADP Schedule Contract with IBM Corp. 


File name: list_targets_common.xml

This is the configuration build file.
====================================================================== 
-->

<project default="default" basedir=".">
	<description>
		Contains various targets that list the configuration
	</description>

	<target name="was_common_configure_list_variables"
	        depends="only_execute"
	        description="List all Variables">
		
		<rafwlog id="CRWWA3077I" resourcebundle="was">
					<logarg value="${CELL_NAME}" />
		</rafwlog>
		<antcall target="call_wsadmin">
			<param name="TASK" value="listVariables" />
			<param name="LANG" value="jython" />
			<param name="SCRIPT_NAME"
			       value="${WAS_COMMON_ND_SCRIPTS}/listVariables.py" />
		</antcall>
	</target>

	<target name="was_common_configure_list_jms"
	        depends="only_execute"
	        description="List JMS Settings">
		
		<rafwlog id="CRWWA3078I" resourcebundle="was"/>
		<antcall target="call_wsadmin">
			<param name="TASK" value="listJMS" />
			<param name="LANG" value="jython" />
			<param name="SCRIPT_NAME"
			       value="${WAS_COMMON_ND_SCRIPTS}/listJMS.py" />
		</antcall>
	</target>

	<target name="was_common_configure_list_wc_threadpool_settings"
	        depends="only_execute"
	        description="List WebContainer Thread Pool Settings for a given server">
		
		<rafwlog id="CRWWA3079I" resourcebundle="was"/>
		<antcall target="call_wsadmin">
			<param name="TASK" value="listWCThreadPoolSettings" />
			<param name="LANG" value="jython" />
			<param name="SCRIPT_NAME"
			       value="${WAS_COMMON_ND_SCRIPTS}/listWCThreadPoolSettings.py" />
		</antcall>
	</target>

	<target name="was_common_configure_list_webcontainers"
	        depends="only_execute"
	        description="List all WebContainer settings">
		
		<rafwlog id="CRWWA3080I" resourcebundle="was">
			<logarg value="${CELL_NAME}" />
		</rafwlog>
		<antcall target="call_wsadmin">
			<param name="TASK" value="listWebContainers" />
			<param name="LANG" value="jython" />
			<param name="SCRIPT_NAME"
			       value="${WAS_COMMON_ND_SCRIPTS}/listWebContainers.py" />
			<param name="ARGS" value="" />
		</antcall>
	</target>

	<target name="was_common_configure_list_sharedlibs"
	        depends="only_execute"
	        description="List all SharedLibs">
		<rafwlog id="CRWWA3081I" resourcebundle="was">
					<logarg value="${CELL_NAME}" />
				</rafwlog>
		<antcall target="call_wsadmin">
			<param name="TASK" value="listSharedLibs" />
			<param name="LANG" value="jython" />
			<param name="SCRIPT_NAME"
			       value="${WAS_COMMON_ND_SCRIPTS}/listSharedLibs.py" />
			<param name="ARGS" value="" />
		</antcall>
	</target>

	<target name="was_common_configure_list_apps"
	        depends="only_execute"
	        description="List all Apps">
		
		<rafwlog id="CRWWA3082I" resourcebundle="was">
							<logarg value="${CELL_NAME}" />
		</rafwlog>
		<antcall target="call_wsadmin">
			<param name="TASK" value="listApps" />
			<param name="LANG" value="jython" />
			<param name="SCRIPT_NAME"
			       value="${WAS_COMMON_ND_SCRIPTS}/listApps.py" />
			<param name="ARGS" value="" />
		</antcall>
	</target>

	<target name="was_common_configure_list_datasources"
	        depends="only_execute"
	        description="List all JDBProviders">
	
		<rafwlog id="CRWWA3083I" resourcebundle="was">
									<logarg value="${CELL_NAME}" />
		</rafwlog>
		<antcall target="call_wsadmin">
			<param name="TASK" value="listDataSources" />
			<param name="LANG" value="jython" />
			<param name="SCRIPT_NAME"
			       value="${WAS_COMMON_ND_SCRIPTS}/listDataSources.py" />
			<param name="ARGS" value="" />
		</antcall>
	</target>

	<target name="was_common_configure_list_jvm_settings"
	        depends="only_execute"
	        description="List all JVMSettings">
		
		<rafwlog id="CRWWA3084I" resourcebundle="was">
											<logarg value="${CELL_NAME}" />
		</rafwlog>
		<antcall target="call_wsadmin">
			<param name="TASK" value="listJVMSettings" />
			<param name="LANG" value="jython" />
			<param name="SCRIPT_NAME"
			       value="${WAS_COMMON_ND_SCRIPTS}/listJVMSettings.py" />
			<param name="ARGS" value="" />
		</antcall>
	</target>


	<target name="was_common_configure_list_jdbc_providers"
	        depends="only_execute"
	        description="List all JDBProviders">
		<rafwlog id="CRWWA3085I" resourcebundle="was">
				<logarg value="${CELL_NAME}" />
		</rafwlog>
		<antcall target="call_wsadmin">
			<param name="TASK" value="listJDBCProviders" />
			<param name="LANG" value="jython" />
			<param name="SCRIPT_NAME"
			       value="${WAS_COMMON_ND_SCRIPTS}/listJDBCProviders.py" />
			<param name="ARGS" value="" />
		</antcall>
	</target>

	<target name="was_common_configure_list_cell_nodes"
	        depends="only_execute"
	        description="List all Nodes this cell is responsible for">
		
		<rafwlog id="CRWWA3086I" resourcebundle="was">
						<logarg value="${CELL_NAME}" />
				</rafwlog>
		<antcall target="call_wsadmin">
			<param name="TASK" value="listCellNodes" />
			<param name="LANG" value="jython" />
			<param name="SCRIPT_NAME"
			       value="${WAS_COMMON_ND_SCRIPTS}/listCellNodes.py" />
			<param name="ARGS" value="${CELL_PROPERTIES}" />
		</antcall>
	</target>

	<target name="was_common_configure_list_cell_servers"
	        depends="only_execute"
	        description="List all Servers this cell is responsible for">
		
		<rafwlog id="CRWWA3087I" resourcebundle="was">
								<logarg value="${CELL_NAME}" />
						</rafwlog>
		<antcall target="call_wsadmin">
			<param name="TASK" value="listCellServers" />
			<param name="LANG" value="jython" />
			<param name="SCRIPT_NAME"
			       value="${WAS_COMMON_ND_SCRIPTS}/listCellServers.py" />
			<param name="ARGS" value="${CELL_PROPERTIES}" />
		</antcall>
	</target>

	<target name="was_common_configure_list_cell_clusters"
	        depends="only_execute"
	        description="List all Clusters this cell is responsible for">
		
		<rafwlog id="CRWWA3087I" resourcebundle="was">
				<logarg value="${CELL_NAME}" />
		</rafwlog>
		<antcall target="call_wsadmin">
			<param name="TASK" value="listCellServers" />
			<param name="LANG" value="jython" />
			<param name="SCRIPT_NAME"
			       value="${WAS_COMMON_ND_SCRIPTS}/listCellClusters.py" />
			<param name="ARGS" value="${CELL_PROPERTIES}" />
		</antcall>
	</target>
</project>
