<?xml version="1.0" encoding="UTF-8" standalone="no"?>
<pluginInfo>
  <!-- Do not change the release-version, the build process injects it. -->
  <release-version>12.1103505</release-version>

  <release-notes>
    <!--
      The release-note should document the changes, improvements, or bug fixes introduced
      with the new plugin version

      The release-note may contain text

      For example your release note could be:
      Support for was added for version 10.0 for software X

      To add a new release note add this with a description in it of the changes:
      <release-note plugin-version="1">....</release-note>
    -->

    <release-note plugin-version="1">
      Initial release. Installing this plugin will give you access to the steps listed below.
    </release-note>
    <release-note plugin-version="2">
      -Fixed issue where plugin could not auto-import example processes, component templates, and appplications
      -Added plugin dependencies for various plugin steps used in example processes, component templates, and applications
      -Fixed issue where topology discovery resource role attributes would not parse ":" characters properly
    </release-note>
    <release-note plugin-version="3">
      -Fixed issue where plugin would not load on UrbanCode: Deploy 6.2.2
    </release-note>
    <release-note plugin-version="4">
      -New feature: Live Compare. Compare your component versions against your live IIS configuration to find differences between the two.
      -Changed plugin step name "IIS Configuration Discover and Configure" to "IIS Configuration Discovery" to better represent its purpose
      -Renamed configure action from "Configure using IIS Configuration Discover and Configure" to "Configure using IIS Configuration Topology Discovery" to better represent its purpose
      -Topology discoveries can only be ran from webServer resource role rather than webServer, sites, apps, and app pools. This was done to better represent the purpose of a topology discovery.
      -Multiple properties were renamed. Descriptions for properties were enhanced for clarity
      -Minimum UrbanCode: Deploy version increased from 6.2.0.0 to 6.2.0.2 as well as some plugin versions that come with that newer version. This was to incorporate upcoming Live Compare changes.
      -Example processes, application, and components were altered to accomodate changes in property names
      -Tokenize plugin step now prints the values that will be replaced by tokens
      -Resource roles now restricted to their correct parent roles when dragging and dropping onto the resource tree
    </release-note>
    <release-note plugin-version="5">
      -Fixed issue where optional arguments for msdeploy commands were not working correctly
    </release-note>
    <release-note plugin-version="6">
      -Support property file encryption
      -Fixed issue where apps were not getting discovered correctly during a Topology Discovery
      -Fixed issue where optional arguments were incorrectly placed onto msdeploy commands
    </release-note>
    <release-note plugin-version="7">
      -Fixed an issue where agents installed on non-Windows platforms would produce an error when placed in the resource tree
    </release-note>
    <release-note plugin-version="8">
      -Error and debugging information now prints correctly to output log on UrbanCode: Deploy
      -IISApp resource roles can now be added to other IISApp resource roles
    </release-note>
    <release-note plugin-version="9">
      -A topology discovery can now be run without editing and saving the properties of the webServer group after an auto-discovery as in previous versions.
    </release-note>
    <release-note plugin-version="10">
      -Added optional operations handling by the plugin. Optional operations are used by msdeploy.
    </release-note>
    <release-note plugin-version="11">
      -AChange dependency on UrbanCode Deploy Versioned File Storage plug-in to version 30 and UrbanCode Deploy Versions to version 66.
    </release-note>
    <release-note plugin-version="12">
        Fixing CVE:CVE-2019-4233
    </release-note>

  </release-notes>
</pluginInfo>
