<?xml version="1.0" encoding="UTF-8" standalone="no"?>
<plugin-upgrade
	xmlns="http://www.urbancode.com/UpgradeXMLSchema_v1"
	xmlns:server="http://www.urbancode.com/PluginServerXMLSchema_v1"
	xmlns:xsi="http://www.w3.org/2001/XMLSchema-instance">

	<migrate to-version="1">
		<migrate-command name="IBM DevOps Test Hub">

		</migrate-command>
	</migrate>
	<migrate to-version="2">
		<migrate-command name="IBM DevOps Test Hub" />
	</migrate>
	<migrate to-version="3">
		<migrate-command name="IBM DevOps Test Hub" />
	</migrate>
	<migrate to-version="4">
		<migrate-command name="IBM DevOps Test Hub" />
	</migrate>
</plugin-upgrade>
