<?xml version="1.0" encoding="UTF-8"?><!-- - Licensed Materials - Property of IBM Corp. - IBM UrbanCode Build - 
    IBM UrbanCode Deploy - IBM UrbanCode Release - IBM AnthillPro - (c) Copyright 
    IBM Corporation 2002, 2016. All Rights Reserved. - - U.S. Government Users 
    Restricted Rights - Use, duplication or disclosure restricted by - GSA ADP 
    Schedule Contract with IBM Corp. --><pluginInfo xmlns="http://www.urbancode.com/InfoXMLSchema_v1" xmlns:server="http://www.urbancode.com/PluginServerXMLSchema_v1" xmlns:xsi="http://www.w3.org/2001/XMLSchema-instance">
    <!-- **author name IS required** The Author Section is used to give credit 
        to the author of the plugin. Name is the only required element/attribute, 
        but feel free to also include your email, website or bio to allow users of 
        your plugin to praise your work, ask questions or share their use case to 
        help grow your plugin's functionality. -->

    <author name="UrbanCode">
        <organization>UrbanCode</organization>
        <email>info@urbancode.com</email>
        <website>http://urbancode.com</website>
        <bio/>
    </author>

    <!-- **intergration type IS Required** The integration type section identifies 
        where the plugin fits into the process excepted types are SCM, Build, Artifact, 
        Automation, Deploy For example: The plugin pulls Artifacts from an artifact 
        repository during deployment the Type would be "Artifact" or The plugin deploys 
        to a middleware server the Type would be "Deploy" -->

    <integration type="Source"/>


    <!-- **source is NOT required** The source section identifies the location 
        of the plugin source code For example https://github.com/... -->
    <!-- <source url=""/> -->
    <!-- **license type is NOT required** If your plugin uses any licensed software 
        please acknowledge it by listing the license type below -->
    <!-- <licenses> <license type=""/> </licenses> -->
    <!-- **tool-description IS required** The tool-description section is used 
        to summarize the software the plugin was created to integrate with. For example: 
        Apache Ant is a software tool to automate software processes during the build 
        or deployment of an application. Ant uses an propitiatory XML file to define 
        build and/or deployment steps(referred to as targets by ant) . The Ant executable 
        is called to execute the targets in the build.xml. -->

    <tool-description>The zOS File plugin automates uploading data sets, UNIX files and generic artifacts from a z/OS system.
    </tool-description>

    <!-- **related-info is NOT required** The releated-info section is used 
        to define links which may be useful to users of the plugin but don't fall 
        into the release-notes or tool-description section. For example: releated-info 
        can be links to pdf documentation, help videos related to plugin setup or 
        the product's website. excepted values for type include: PDF, WEBSITE, VIDEO -->
    <!-- <related-info> <link title="" type="" description="" url =""/> </related-info> -->
    <!-- **meta-html in NOT required** The meta-html section is used define 
        the meta description and the meta keywords of the plugin page.The meta description 
        tag allows you to influence the description of your page in the web crawlers 
        that support the tag The meta keywords tag allows you to provide additional 
        text for crawler-based search engines to index along with your body copy. 
        If multiple keywords are used they must be comma(,) delimited -->

    <meta-html>
        <meta content="" name="description"/>
        <meta content="" name="keywords"/>
    </meta-html>

    <!-- Do not change the release-version, the build process injects it. -->
    <release-version>2.917658</release-version>

    <release-notes>
        <!-- **release-note IS required** The plugin-version name must match the 
            plugin version found in the plugin.xml file The release-note should document 
            the changes, improvements, or bug fixes introduced with the new plugin version 
            The release-note may contain text or reference a file in the plugin zip package 
            For example your release note could be: Support for was added for version 
            10.0 for software X or releaseNotes/release1.html (where release1.html contains 
            html formatted version information) -->

        <release-note plugin-version="1">
            Initial Release of zOS File source configuration.
        </release-note>
        <release-note plugin-version="2">
            Support Run Process after a Version is Created. UrbanCode Deploy server 6.2.5 is required to change the Run Process after a Version is Created setting for a zOS component.  
        </release-note>
    </release-notes>
</pluginInfo>