<?xml version="1.0" encoding="UTF-8" standalone="no"?>
<!--
- Licensed Materials - Property of IBM* and/or HCL**
- UrbanCode Deploy
- UrbanCode Build
- UrbanCode Release
- AnthillPro
- (c) Copyright IBM Corporation 2011, 2017. All Rights Reserved.
- (c) Copyright HCL Technologies Ltd. 2018. All Rights Reserved.
-
- U.S. Government Users Restricted Rights - Use, duplication or disclosure restricted by
- GSA ADP Schedule Contract with IBM Corp.
-
- * Trademark of International Business Machines
- ** Trademark of HCL Technologies Limited
--><pluginInfo>
  <!--

  **author name IS required**

  The Author Section is used to give credit to the author of the plugin.
  Name is the only required element/attribute, but feel free to also include your email,
  website  or bio to allow users of your plugin to praise your work, ask questions
  or share their use case to help grow your plugin's functionality.
  -->

  <author name="UrbanCode">
    <organization>UrbanCode</organization>
    <email>info@urbancode.com</email>
    <website>http://urbancode.com</website>
    <bio/>
  </author>

  <!--

  **intergration type IS Required**

  The integration type section identifies where the plugin fits into the process
  excepted types are SCM, Build, Artifact, Automation, Deploy

  For example:

  The plugin pulls Artifacts from an artifact repository during deployment
  the Type would be "Artifact"
  or
  The plugin deploys to a middleware server
  the Type would be "Deploy"
  -->

  <integration type="Source"/>


  <!--
  **source is NOT required**

  The source section identifies the location of the plugin source code
  For example
  https://github.com/...
  -->
  <!--
  <source url=""/>
  -->
  <!--
  **license type is NOT required**

  If your plugin uses any licensed software please acknowledge it by
  listing the license type below
  -->
  <!--
  <licenses>
    <license type=""/>
  </licenses>
  -->
  <!--
  **tool-description IS required**

  The tool-description section is used to summarize the software
  the plugin was created to integrate with.

  For example:
  Apache Ant is a software tool to automate software processes during the build or
  deployment of an application. Ant uses an propitiatory XML file to define build
  and/or deployment steps(referred to as targets by ant) . The Ant executable is
  called to execute the targets in the build.xml.
  -->

  <tool-description>Microsoft's Team Foundation Server (TFS) product offering includes source control, data collection, reporting, and project tracking, and is intended for collaborative software development projects.</tool-description>

  <!--
  **related-info is NOT required**

  The releated-info section is used to define links which may be useful to users of the plugin
  but don't fall into the release-notes or tool-description section.

  For example: releated-info can be links to pdf documentation, help videos related to plugin setup or the product's
  website.

  excepted values for type include: PDF, WEBSITE, VIDEO
  -->
  <!--
  <related-info>
    <link title="" type="" description="" url =""/>
  </related-info>
  -->
  <!--
  **meta-html in NOT required**

  The meta-html section is used define the meta description and the meta keywords of the plugin page.The meta
  description tag allows you to influence the description of your page in the web crawlers that support the
  tag The meta keywords tag allows   you to provide additional text for crawler-based search engines to index
  along with your body copy.

  If multiple keywords are used they must be comma(,) delimited
  -->

  <meta-html>
    <meta content="" name="description"/>
    <meta content="" name="keywords"/>
  </meta-html>

  <!-- Do not change the release-version, the build process injects it. -->
  <release-version>27.1179519</release-version>

  <release-notes>
    <!--
      **release-note IS required**

      The plugin-version name must match the plugin version found in the plugin.xml file

      The release-note should document the changes, improvements, or bug fixes introduced
      with the new plugin version

      The release-note may contain text or reference a file in the plugin zip package

      For example your release note could be:
      Support for was added for version 10.0 for software X
      or
      releaseNotes/release1.html (where release1.html contains html formatted version information)
      -->

      <release-note plugin-version="1">
        Initial release of the TFS source configuration plugin.
      </release-note>
      <release-note plugin-version="2">
        Fixes running a process after creating a version
      </release-note>
      <release-note plugin-version="3">
        Add support for TFS 2013
      </release-note>
      <release-note plugin-version="4">
        Fix reversion of 2013 to 2012 in UI
      </release-note>
      <release-note plugin-version="5">
        Use correctly formatted paths in xcopy, and fix the property type of the excludes field for importing versions
      </release-note>
      <release-note plugin-version="6">
        Fixes APAR PI57417. Plug-in now checks the agent settings for acceptance of self signed certificates.
      </release-note>
      <release-note plugin-version="7">
        Add functionality to create multiple verisons based on the number of build definitions in a single import.
      </release-note>
      <release-note plugin-version="8">
        Fixes false positive when run on Linux.
        Fixes false negatives  on automatic imports when there are no new versions.
        Fixes muiltiple bugs with the muitiple build definition feature.
        Small improvements to plug-in helper descriptions.
      </release-note>
      <release-note plugin-version="9">
        Fixes APAR PI70294. Fixes errors during automatic version import.
      </release-note>
      <release-note plugin-version="10">
        Support property file encryption.
      </release-note>
      <release-note plugin-version="11">
        Loops through TFTool jars in order to delete tfsVersion input property.
      </release-note>
      <release-note plugin-version="12">
        Supports 2015 and 2017.
      </release-note>
      <release-note plugin-version="13">
        Fixes APAR PI40551. Now uses working directory for temporary artifact storage.
      </release-note>
      <release-note plugin-version="14">
        Fixes APAR PI67556. Added missing "Preserve Execution Permissions" option
      </release-note>
      <release-note plugin-version="15">
        Added support for default credentials and improved the error handling of invalid credentials.
      </release-note>
      <release-note plugin-version="16">
        Fixes APAR PI87707, a regression where the user who requested a manual version import was not being tracked.
      </release-note>
    <release-note plugin-version="17">
       APAR PI89045: add support for setting isFinished flag flag when importing versions.
    </release-note>
    <release-note plugin-version="18">
        Fixing CVE:CVE-2019-4233
    </release-note>
    <release-note plugin-version="19">
        Allow specifying custom java opts
    </release-note>
    <release-note plugin-version="20">
        Fixing CVE:CVE-2021-4104
    </release-note>
    <release-note plugin-version="21">
        Remove log4j functionality related to: CVE-2019-17571, CVE-2020-9488. CVE-2021-4104, CVE-2022-23302, CVE-2022-23305, CVE-2022-23307
    </release-note>
    <release-note plugin-version="22">
      Update udclient and uDeployRestClient
    </release-note>
    <release-note plugin-version="23">
      Updating jettison library for CVE-2022-40150 CVE-2022-40149
    </release-note>
    <release-note plugin-version="24">
      Updating jettison library for CVE-2022-45693 and CVE-2022-45685
    </release-note>
    <release-note plugin-version="25">
      Updating log4j dependencies
    </release-note>
    <release-note plugin-version="26">
      Updating Jettison library to 1.5.4 for CVE-2023-1436
    </release-note>
    <release-note plugin-version="27">
      Update commons-lang to 3.18
      resolves finding for non-exploitable CVE-2025-48924
    </release-note>
  </release-notes>
</pluginInfo>
