<?xml version="1.0" encoding="UTF-8" standalone="no"?>
<!--
- Licensed Materials - Property of IBM Corp.
- IBM UrbanCode Build
- IBM UrbanCode Deploy
- IBM UrbanCode Release
- IBM AnthillPro
- (c) Copyright IBM Corporation 2002, 2017. All Rights Reserved.
-
- U.S. Government Users Restricted Rights - Use, duplication or disclosure restricted by
- GSA ADP Schedule Contract with IBM Corp.
--><pluginInfo>
  <!--

  **author name IS required**

  The Author Section is used to give credit to the author of the plugin.
  Name is the only required element/attribute, but feel free to also include your email,
  website  or bio to allow users of your plugin to praise your work, ask questions
  or share their use case to help grow your plugin's functionality.
  -->

  <author name="UrbanCode">
    <organization>UrbanCode</organization>
    <email>info@urbancode.com</email>
    <website>http://urbancode.com</website>
    <bio/>
  </author>

  <!--

  **intergration type IS Required**

  The integration type section identifies where the plugin fits into the process
  excepted types are SCM, Build, Artifact, Automation, Deploy

  For example:

  The plugin pulls Artifacts from an artifact repository during deployment
  the Type would be "Artifact"
  or
  The plugin deploys to a middleware server
  the Type would be "Deploy"
  -->

  <integration type=""/>


  <!--
  **source is NOT required**

  The source section identifies the location of the plugin source code
  For example
  https://github.com/...
  -->
  <!--
  <source url=""/>
  -->
  <!--
  **license type is NOT required**

  If your plugin uses any licensed software please acknowledge it by
  listing the license type below
  -->
  <!--
  <licenses>
    <license type=""/>
  </licenses>
  -->
  <!--
  **tool-description IS required**

  The tool-description section is used to summarize the software
  the plugin was created to integrate with.

  For example:
  Apache Ant is a software tool to automate software processes during the build or
  deployment of an application. Ant uses an propitiatory XML file to define build
  and/or deployment steps(referred to as targets by ant) . The Ant executable is
  called to execute the targets in the build.xml.
  -->

  <tool-description> </tool-description>

  <!--
  **related-info is NOT required**

  The releated-info section is used to define links which may be useful to users of the plugin
  but don't fall into the release-notes or tool-description section.

  For example: releated-info can be links to pdf documentation, help videos related to plugin setup or the product's
  website.

  excepted values for type include: PDF, WEBSITE, VIDEO
  -->
  <!--
  <related-info>
    <link title="" type="" description="" url =""/>
  </related-info>
  -->
  <!--
  **meta-html in NOT required**

  The meta-html section is used define the meta description and the meta keywords of the plugin page.The meta
  description tag allows you to influence the description of your page in the web crawlers that support the
  tag The meta keywords tag allows   you to provide additional text for crawler-based search engines to index
  along with your body copy.

  If multiple keywords are used they must be comma(,) delimited
  -->

  <meta-html>
    <meta content="" name="description"/>
    <meta content="" name="keywords"/>
  </meta-html>

  <!-- Do not change the release-version, the build process injects it. -->
  <release-version>23.1154049</release-version>

  <release-notes>
    <!--
      **release-note IS required**

      The plugin-version name must match the plugin version found in the plugin.xml file

      The release-note should document the changes, improvements, or bug fixes introduced
      with the new plugin version

      The release-note may contain text or reference a file in the plugin zip package

      For example your release note could be:
      Support for was added for version 10.0 for software X
      or
      releaseNotes/release1.html (where release1.html contains html formatted version information)
      -->

      <release-note plugin-version="1">
This plugins will give the user access to steps for interacting with WebSphere Liberty Profiles for configuration and deployment. These steps will be available in the step tree in location Application Server/Java/WebSphere Liberty.
      </release-note>
      <release-note plugin-version="3">
Fixes APAR PI35342 - compatibility defect with IBM Urbancode Deploy version 6.1.0.4 and later.
      </release-note>
      <release-note plugin-version="4">
Added support for new plugin step named Create Collective.
      </release-note>
      <release-note plugin-version="5">
Fixes APAR PI59316 - Install Server Archive step not preserving file permissions when unzipping.
      </release-note>
      <release-note plugin-version="6">
Added support for new plugin step named Join Collective.
Use correct attribute names in quickStartSecurity node.
Add optionalArgs field to Create Collective step.
      </release-note>
      <release-note plugin-version="7">
Fixes APAR PI60739 - Start Server step does not complete if started on Windows.
      </release-note>
      <release-note plugin-version="8">
Added support for new plugin steps named Register Host, Unregister Host, Update Host and Upload File To Collective Host.
Add support for joining a server to a collective via the collective controller.
Add support for starting and stopping a server via its collective controller.
      </release-note>
      <release-note plugin-version="9">
Add support to allow specifying multiple servers for Start/Stop Server, Create/Delete Server and Join Collective steps.
Add support to allow specifying wlp.user.dir in plugin steps.
Fixed charset issue when writing server configuration files on z/OS.
      </release-note>
      <release-note plugin-version="10">
Add a step to generate Component-Resource properties from Liberty variable tags in the configuration files.
Add a step to replace the values of Liberty variables in the configuration files with the values of Component-Resource properties.
Fix problems on Windows platforms related to spaces in paths.
      </release-note>
      <release-note plugin-version="11">
Support property file encryption.
      </release-note>
      <release-note plugin-version="12">
Fixes APAR PI77192 - Error in IBM WebSphere Liberty Plugin step JoinCollective
      </release-note>
      <release-note plugin-version="13">
Added support to handle the case where the specified Liberty installation directory only contains the directory named 'wlp', not 'bin', 'lib', etc.
Added support for starting/stopping all servers in wlp.user.dir.
      </release-note>
      <release-note plugin-version="14">
Fixes APAR PI81234 Timeout occurs on "Start Application" step in WAS Liberty Plugin
      </release-note>
      <release-note plugin-version="15">
Fixes APAR PI82000 Start Server Plugin step incorrectly reports failure on non-English platforms
      </release-note>
      <release-note plugin-version="16">
Implements RFE 104618 to merge multiple plugin-cfg.xml(s) from multiple servers and propagates it to target web servers.
      </release-note>
      <release-note plugin-version="17">
Updated plugin documentation to describe output properties created by Start Server and Stop Server steps.  Also fixed problem where output properties were not being set correctly when starting/stopping servers via the collective controller.
RFE 100414 - Added the context sensitive help for plugin step named Install or update application via server.xml
Fixes APAR PI88752 to stream the Liberty process output to the plugin start/stop UCD output
      </release-note>
      <release-note plugin-version="18">
Fixes APAR PI94186 - 'Install Server Archive' step expecting 'bin' directory and unzip not preserving file permissions
      </release-note>
      <release-note plugin-version="19">
Fixes APAR PI97742 - 'Create Collective' step incorrectly encodes userPassword with linefeed added at the end
      </release-note>
      <release-note plugin-version="20">
Install Server Archive step no longer creates paths with 'wlp/wlp' when the installation directory ends with 'wlp' and the archive paths begin with 'wlp'.
Also fixed problem in Install Server Archive step where execute permission was not being added to files in the bin directory.
      </release-note>
    <release-note plugin-version="21">
        Fixing CVE:CVE-2019-4233
    </release-note>
    <release-note plugin-version="22">
        Minor Fix - to pick JAVA_HOME set as per agent on linux machine
    </release-note>
    <release-note plugin-version="23">
        Updated Jettison and log4j dependencies
    </release-note>

  </release-notes>
</pluginInfo>
