<?xml version="1.0" encoding="UTF-8"?>
<!--
- Licensed Materials - Property of IBM Corp.
- IBM UrbanCode Build
- IBM UrbanCode Deploy
- IBM UrbanCode Release
- IBM AnthillPro
- (c) Copyright IBM Corporation 2002, 2017. All Rights Reserved.
-
- U.S. Government Users Restricted Rights - Use, duplication or disclosure restricted by
- GSA ADP Schedule Contract with IBM Corp.
-->
<plugin-upgrade
        xmlns="http://www.urbancode.com/UpgradeXMLSchema_v1"
        xmlns:xsi="http://www.w3.org/2001/XMLSchema-instance">

  <migrate to-version="6">
  </migrate>
  <migrate to-version="7">
  </migrate>
  <migrate to-version="8">
  </migrate>
  <migrate to-version="9">
    <migrate-command name="Execute SQL Scripts">
      <migrate-properties>
        <migrate-property name="showWarnings" default="false"/>
        <migrate-property name="treatWarningsAsErrors" default="false"/>
      </migrate-properties>
    </migrate-command>
    <migrate-command name="Execute SQL Scripts with PassTicket Authentication">
      <migrate-properties>
        <migrate-property name="showWarnings" default="false"/>
        <migrate-property name="treatWarningsAsErrors" default="false"/>
      </migrate-properties>
    </migrate-command>
  </migrate>
  <migrate to-version="10">
    <migrate-command name="Execute SQL Scripts">
      <migrate-properties>
        <migrate-property name="keepformat" default="false"/>
      </migrate-properties>
    </migrate-command>
    <migrate-command name="Execute SQL Scripts with PassTicket Authentication">
      <migrate-properties>
        <migrate-property name="keepformat" default="false"/>
      </migrate-properties>
    </migrate-command>
  </migrate>
  <migrate to-version="11">
    <migrate-command name="Execute SQL Scripts">
    <migrate-properties>
        <migrate-property name="encoding" default=""/>
      </migrate-properties>
    </migrate-command>
    <migrate-command name="Execute SQL Scripts with PassTicket Authentication">
      <migrate-properties>
        <migrate-property name="encoding" default=""/>
      </migrate-properties>
    </migrate-command>
  </migrate>
  <migrate to-version="12">
    <migrate-command name="Execute SQL Scripts">
      <migrate-properties>
        <migrate-property name="expandProperties" default="true"/>
      </migrate-properties>
    </migrate-command>
    <migrate-command name="Execute SQL Scripts with PassTicket Authentication">
      <migrate-properties>
        <migrate-property name="expandProperties" default="true"/>
      </migrate-properties>
    </migrate-command>
  </migrate>
  <migrate to-version="13">
  </migrate>
</plugin-upgrade>
