<?xml version="1.0" encoding="UTF-8"?><plugin-upgrade xmlns="http://www.urbancode.com/UpgradeXMLSchema_v1" xmlns:server="http://www.urbancode.com/PluginServerXMLSchema_v1" xmlns:xsi="http://www.w3.org/2001/XMLSchema-instance">

    <!-- The purpose of plugin.xml is to provide upgrade paths when the plugin version is changed.
         If the upgrade paths are specified correctly, users will be upgraded to the new version
         without interruption. -->
    <migrate to-version="2">
		<migrate-command name="Copy Artifacts"></migrate-command>
		<migrate-command name="FTP Artifacts"></migrate-command>
		<migrate-command name="Deploy Data Sets"></migrate-command>
		<migrate-command name="Rollback Data Sets"></migrate-command>
		<migrate-command name="Run TSO or ISPF Command"></migrate-command>
		<migrate-command name="Allocate Data Set"></migrate-command>
		<migrate-command name="Allocate SMS Managed Data Set"></migrate-command>
		<migrate-command name="Copy Data Set"></migrate-command>
		<migrate-command name="Allocate Data Set From Existing"></migrate-command>
		<migrate-command name="Submit Job"></migrate-command>
		<migrate-command name="Wait For Job"></migrate-command>
		<migrate-command name="Remove Redundant Versions"></migrate-command>
		<migrate-command name="Remove All Versions"></migrate-command>
		<migrate-command name="Replace Tokens MVS"></migrate-command>
    </migrate>
    <migrate to-version="3">
		<migrate-command name="Copy Artifacts"></migrate-command>
		<migrate-command name="FTP Artifacts"></migrate-command>
		<migrate-command name="Deploy Data Sets"></migrate-command>
		<migrate-command name="Rollback Data Sets"></migrate-command>
		<migrate-command name="Run TSO or ISPF Command"></migrate-command>
		<migrate-command name="Allocate Data Set"></migrate-command>
		<migrate-command name="Allocate SMS Managed Data Set"></migrate-command>
		<migrate-command name="Copy Data Set"></migrate-command>
		<migrate-command name="Allocate Data Set From Existing"></migrate-command>
		<migrate-command name="Submit Job"></migrate-command>
		<migrate-command name="Wait For Job"></migrate-command>
		<migrate-command name="Remove Redundant Versions"></migrate-command>
		<migrate-command name="Remove All Versions"></migrate-command>
		<migrate-command name="Replace Tokens MVS"></migrate-command>
    </migrate>
</plugin-upgrade>