<?xml version="1.0" encoding="UTF-8" standalone="no"?>
<!--
- Licensed Materials - Property of IBM Corp.
- IBM UrbanCode Deploy
- (c) Copyright IBM Corporation 2011, 2017. All Rights Reserved.
- (c) Copyright HCL Technologies Ltd. 2022. All Rights Reserved.
-
- U.S. Government Users Restricted Rights - Use, duplication or disclosure restricted by
- GSA ADP Schedule Contract with IBM Corp.
--><pluginInfo>

	<integration type="Artifact"/>

	<tool-description>This plugin is used to download zOS artifacts from nexus or Artifactory.</tool-description>

	<related-info>
		<link description="Nexus website" title="Nexus website" type="WEBSITE" url="http://www.sonatype.com/nexus/solution-overview"/>
		<link description="Artifactory website" title="Artifactory website" type="WEBSITE" url="http://www.sonatype.com/nexus/solution-overview"/>
	</related-info>


	<meta-html>
		<meta content="" name="description"/>
		<meta content="" name="keywords"/>
	</meta-html>

	<!-- Do not change the release-version, the build process injects it. -->
	<release-version>9.1140093</release-version>

	<release-notes>
		<release-note plugin-version="1">
			Used to download artifacts from external repository like NEXUS/ARTIFACTORY and then we can use Deploy Data Sets step to do zOS
			deployment. 
		</release-note>
		<release-note plugin-version="2">
			PH20336 - Fixed the default value for extRepoURL and changed the plugin to fail when it is not able to download artifacts
		</release-note>
		<release-note plugin-version="3">
			Implemented the api key changes for artifactory server 
		</release-note>
		<release-note plugin-version="4">
			Implemented the proxy changes for artifactory server 
		</release-note>
		<release-note plugin-version="5">
			Enhancement to extract files for package format v2
		</release-note>
		<release-note plugin-version="6">
			Added support to run this from non zOS agent
		</release-note>
		<release-note plugin-version="7">
			Added support to run this from non zOS agent
			Minor improvements for new package format
		</release-note>
		<release-note plugin-version="8">
			Added support to run with insecure connection
		</release-note>
		<release-note plugin-version="9">
			Minor Improvements and upgraded log4j
		</release-note>
	</release-notes>
</pluginInfo>
