<?xml version="1.0" encoding="UTF-8"?>
<!--
- Licensed Materials - Property of IBM Corp.
- IBM UrbanCode Deploy
- (c) Copyright IBM Corporation 2011, 2017. All Rights Reserved.
- (c) Copyright HCL Technologies Ltd. 2022. All Rights Reserved.
-
- U.S. Government Users Restricted Rights - Use, duplication or disclosure restricted by
- GSA ADP Schedule Contract with IBM Corp.
-->

<plugin-upgrade xmlns="http://www.urbancode.com/UpgradeXMLSchema_v1">
    <migrate to-version="2">
        <migrate-command name="Download Artifacts for zOS External Repo"/>
    </migrate>
    <migrate to-version="3">
        <migrate-command name="Download Artifacts for zOS External Repo"/>
    </migrate>
    <migrate to-version="4">
        <migrate-command name="Download Artifacts for zOS External Repo">
            <migrate-properties>
                <migrate-property name="proxyCheckBox" default="false"/>
                <migrate-property name="httpProxyHost" default=""/>
                <migrate-property name="httpProxyPort" default=""/>
            </migrate-properties>
        </migrate-command>
    </migrate>
    <migrate to-version="5">
        <migrate-command name="Download Artifacts for zOS External Repo"/>
    </migrate>
    <migrate to-version="6">
        <migrate-command name="Download Artifacts for zOS External Repo">
            <migrate-properties>
                <migrate-property name="runJavaVersion" default="EBCDIC"/>
            </migrate-properties>
        </migrate-command>
    </migrate>
    <migrate to-version="7">
        <migrate-command name="Download Artifacts for zOS External Repo"/>
    </migrate>
    <migrate to-version="8">
        <migrate-command name="Download Artifacts for zOS External Repo">
            <migrate-properties>
                <migrate-property name="allowInsecure" default="false"/>
            </migrate-properties>
        </migrate-command>
    </migrate>
    <migrate to-version="9">
        <migrate-command name="Download Artifacts for zOS External Repo"/>
    </migrate>
</plugin-upgrade>