<?xml version="1.0" encoding="UTF-8"?>
<!--
- Licensed Materials - Property of IBM Corp.
- IBM UrbanCode Deploy
- (c) Copyright IBM Corporation 2014, 2017. All Rights Reserved.
-
- U.S. Government Users Restricted Rights - Use, duplication or disclosure restricted by
- GSA ADP Schedule Contract with IBM Corp.
-->
<plugin-upgrade
        xmlns="http://www.urbancode.com/UpgradeXMLSchema_v1"
        xmlns:xsi="http://www.w3.org/2001/XMLSchema-instance">

  <migrate to-version="2">

  </migrate>

  <migrate to-version="3">

  </migrate>

  <migrate to-version="4">

  </migrate>

  <migrate to-version="5">
    <migrate-command name="Download version (Maven build)"/>
    <migrate-command name="Download version (non-Maven build)"/>
    <migrate-command name="Download NuGet package"/>
    <migrate-command name="Promote Build">
      <migrate-properties>
        <migrate-property name="buildSource" default=""/>
        <migrate-property name="buildTarget" default=""/>
      </migrate-properties>
    </migrate-command>
    <migrate-command name="Set Item Properties"/>
    <migrate-command name="Download Latest Build for SNAPSHOT"/>
  </migrate>

  <migrate to-version="6">
    <migrate-command name="Retrieve Build Artifacts Archive"/>
  </migrate>

  <migrate to-version="7">
  </migrate>

  <migrate to-version="8">
    <migrate-command name="Download version (Maven build)">
      <migrate-properties>
        <migrate-property name="allowInsecure" default="false"/>
      </migrate-properties>
    </migrate-command>
    <migrate-command name="Download version (non-Maven build)">
      <migrate-properties>
        <migrate-property name="allowInsecure" default="false"/>
      </migrate-properties>
    </migrate-command>
    <migrate-command name="Download NuGet package">
      <migrate-properties>
        <migrate-property name="allowInsecure" default="false"/>
      </migrate-properties>
    </migrate-command>
    <migrate-command name="Promote Build">
      <migrate-properties>
        <migrate-property name="allowInsecure" default="false"/>
      </migrate-properties>
    </migrate-command>
    <migrate-command name="Set Item Properties">
      <migrate-properties>
        <migrate-property name="allowInsecure" default="false"/>
      </migrate-properties>
    </migrate-command>
    <migrate-command name="Download Latest Build for SNAPSHOT">
      <migrate-properties>
        <migrate-property name="url" default="${p?:component/ArtifactoryComponentProperties/repoUrl}"/>
        <migrate-property name="repo" default="${p?:component/ArtifactoryComponentProperties/repoName}"/>
        <migrate-property name="groupId" default="${p?:component/ArtifactoryComponentProperties/groupId}"/>
        <migrate-property name="artifactId" default="${p?:component/ArtifactoryComponentProperties/artifactId}"/>
        <migrate-property name="version" default="${p?:version.name}"/>
        <migrate-property name="extension" default="${p?:component/ArtifactoryComponentProperties/extension}"/>
        <migrate-property name="allowInsecure" default="false"/>
      </migrate-properties>
    </migrate-command>
    <migrate-command name="Retrieve Build Artifacts Archive">
      <migrate-properties>
        <migrate-property name="allowInsecure" default="false"/>
      </migrate-properties>
    </migrate-command>
  </migrate>

  <migrate to-version="9">
  </migrate>
  <migrate to-version="10">
    <migrate-command name="Download version (non-Maven build)">
      <migrate-properties>
        <migrate-property name="recursive" default="false"/>
      </migrate-properties>
    </migrate-command>
  </migrate>

</plugin-upgrade>

