<?xml version="1.0" encoding="UTF-8"?><pluginInfo>
  <!-- Do not change the release-version, the build process injects it. -->
  <release-version>4.869014</release-version>

  <release-notes>
    <!--
      The release-note should document the changes, improvements, or bug fixes introduced
      with the new plugin version

      The release-note may contain text

      For example your release note could be:
      Support for was added for version 10.0 for software X

      To add a new release note add this with a description in it of the changes:
      <release-note plugin-version="1">....</release-note>
    -->

    <release-note plugin-version="1">
Initial release of the OpenShift plugin.
Provides an oc CLI wrapper for executing the deploy, rollback, scale and tag commands.
    </release-note>
    <release-note plugin-version="2">
Fixed issue with setting oc script home, changed Resource Type in Scale step to dropdown.
    </release-note>
    <release-note plugin-version="3">
Updated to work with oc CLI 3.1
    </release-note>
    <release-note plugin-version="4">
Support property file encryption.
    </release-note>
  </release-notes>
</pluginInfo>