<?xml version="1.0" encoding="UTF-8"?>
<!--
- Licensed Materials - Property of IBM Corp.
- IBM UrbanCode Deploy
- (c) Copyright IBM Corporation 2011, 2017. All Rights Reserved.
-
- U.S. Government Users Restricted Rights - Use, duplication or disclosure restricted by
- GSA ADP Schedule Contract with IBM Corp.
-->

<plugin-upgrade
        xmlns="http://www.urbancode.com/UpgradeXMLSchema_v1"
        xmlns:xsi="http://www.w3.org/2001/XMLSchema-instance">

  <migrate to-version="2">
    <migrate-command name="Push API Product Definitions to Drafts" old="Push Local API or Product Definitions to Drafts">
      <migrate-properties>
        <migrate-property name="definition" default="${p:component/apic.definition}"/>
      </migrate-properties>
    </migrate-command>
    <migrate-command name="Publish API Product Definitions" old="Publish API and Product Definitions">
      <migrate-properties>
        <migrate-property name="definition" default="${p:component/apic.definition}"/>
      </migrate-properties>
    </migrate-command>
    <migrate-command name="Publish an Application" old="Publish Application to Provider App">
      <migrate-properties>
        <migrate-property name="app" default="${p:component/apic.app}"/>
      </migrate-properties>
    </migrate-command>
  </migrate>
  <migrate to-version="3">
    <migrate-command name="Login"/>
  </migrate>
  <migrate to-version="4">
  </migrate>
  <migrate to-version="5">
  </migrate>
</plugin-upgrade>
