<?xml version="1.0" encoding="UTF-8"?>
<!--
    (c) Copyright IBM Corporation 2011, 2018.
    This is licensed under the following license.
    The Eclipse Public 1.0 License (http://www.eclipse.org/legal/epl-v10.html)
    U.S. Government Users Restricted Rights:  Use, duplication or disclosure restricted by GSA ADP Schedule Contract with IBM Corp.
-->

<plugin-upgrade
        xmlns="http://www.urbancode.com/UpgradeXMLSchema_v1"
        xmlns:xsi="http://www.w3.org/2001/XMLSchema-instance">

  <migrate to-version="2">
    <migrate-command name="Push API Product Definitions to Drafts" old="Push Local API or Product Definitions to Drafts">
      <migrate-properties>
        <migrate-property name="definition" default="${p:component/apic.definition}"/>
      </migrate-properties>
    </migrate-command>
    <migrate-command name="Publish API Product Definitions" old="Publish API and Product Definitions">
      <migrate-properties>
        <migrate-property name="definition" default="${p:component/apic.definition}"/>
      </migrate-properties>
    </migrate-command>
    <migrate-command name="Publish an Application" old="Publish Application to Provider App">
      <migrate-properties>
        <migrate-property name="app" default="${p:component/apic.app}"/>
      </migrate-properties>
    </migrate-command>
  </migrate>
  <migrate to-version="3">
    <migrate-command name="Login"/>
  </migrate>
  <migrate to-version="4">
  </migrate>
  <migrate to-version="5">
  </migrate>
  <migrate to-version="6">
    <migrate-command name="Publish API Product Definitions">
      <migrate-properties>
        <migrate-property name="space" default=""/>
      </migrate-properties>
    </migrate-command>
    <migrate-command name="Replace Product in Catalog">
      <migrate-properties>
        <migrate-property name="space" default=""/>
      </migrate-properties>
    </migrate-command>
  </migrate>
  <migrate to-version="7">
    <migrate-command name="Login">
      <migrate-properties>
        <migrate-property name="loggerLevel" default="INFO"/>
        <migrate-property name="realm" default="${p?:apic.realm}"/>
      </migrate-properties>
    </migrate-command>
    <migrate-command name="Logout">
      <migrate-properties>
          <migrate-property name="loggerLevel" default="INFO"/>
      </migrate-properties>
    </migrate-command>
    <migrate-command name="Push API Product Definitions to Drafts (API Connect v5.x)" old="Push API Product Definitions to Drafts">
      <migrate-properties>
          <migrate-property name="loggerLevel" default="INFO"/>
      </migrate-properties>
    </migrate-command>
    <migrate-command name="Publish API Product Definitions">
      <migrate-properties>
          <migrate-property name="loggerLevel" default="INFO"/>
      </migrate-properties>
    </migrate-command>
    <migrate-command name="Publish an Application (API Connect v5.x)" old="Publish an Application">
      <migrate-properties>
          <migrate-property name="loggerLevel" default="INFO"/>
      </migrate-properties>
    </migrate-command>
    <migrate-command name="Set Configuration Variable">
      <migrate-properties>
          <migrate-property name="loggerLevel" default="INFO"/>
      </migrate-properties>
    </migrate-command>
    <migrate-command name="Replace Product in Catalog">
      <migrate-properties>
          <migrate-property name="loggerLevel" default="INFO"/>
          <migrate-property name="plans" default="${p:component/apic.planMappings}"/>
      </migrate-properties>
    </migrate-command>
  </migrate>
</plugin-upgrade>
