<?xml version="1.0" encoding="UTF-8" standalone="no"?>
<!--
- Licensed Materials - Property of IBM* and/or HCL**
- UrbanCode Deploy
- UrbanCode Build
- UrbanCode Release
- AnthillPro
- (c) Copyright IBM Corporation 2011, 2017. All Rights Reserved.
- (c) Copyright HCL Technologies Ltd. 2018, 2019. All Rights Reserved.
-
- U.S. Government Users Restricted Rights - Use, duplication or disclosure restricted by
- GSA ADP Schedule Contract with IBM Corp.
-
- * Trademark of International Business Machines
- ** Trademark of HCL Technologies Limited
--><pluginInfo>
  <!--

  **author name IS required**

  The Author Section is used to give credit to the author of the plugin.
  Name is the only required element/attribute, but feel free to also include your email,
  website  or bio to allow users of your plugin to praise your work, ask questions
  or share their use case to help grow your plugin's functionality.
  -->

  <author name="UrbanCode">
    <organization>UrbanCode</organization>
    <email>info@urbancode.com</email>
    <website>http://urbancode.com</website>
    <bio/>
  </author>

  <!--

  **intergration type IS Required**

  The integration type section identifies where the plugin fits into the process
  excepted types are SCM, Build, Artifact, Automation, Deploy

  For example:

  The plugin pulls Artifacts from an artifact repository during deployment
  the Type would be "Artifact"
  or
  The plugin deploys to a middleware server
  the Type would be "Deploy"
  -->

  <integration type="Source"/>


  <!--
  **source is NOT required**

  The source section identifies the location of the plugin source code
  For example
  https://github.com/...
  -->
  <!--
  <source url=""/>
  -->
  <!--
  **license type is NOT required**

  If your plugin uses any licensed software please acknowledge it by
  listing the license type below
  -->
  <!--
  <licenses>
    <license type=""/>
  </licenses>
  -->
  <!--
  **tool-description IS required**

  The tool-description section is used to summarize the software
  the plugin was created to integrate with.

  For example:
  Apache Ant is a software tool to automate software processes during the build or
  deployment of an application. Ant uses an propitiatory XML file to define build
  and/or deployment steps(referred to as targets by ant) . The Ant executable is
  called to execute the targets in the build.xml.
  -->

  <tool-description>Git is a distributed revision control system with an emphasis on speed. Git was initially designed and developed by Linus Torvalds for Linux kernel development. </tool-description>

  <!--
  **related-info is NOT required**

  The releated-info section is used to define links which may be useful to users of the plugin
  but don't fall into the release-notes or tool-description section.

  For example: releated-info can be links to pdf documentation, help videos related to plugin setup or the product's
  website.

  excepted values for type include: PDF, WEBSITE, VIDEO
  -->
  <!--
  <related-info>
    <link title="" type="" description="" url =""/>
  </related-info>
  -->
  <!--
  **meta-html in NOT required**

  The meta-html section is used define the meta description and the meta keywords of the plugin page.The meta
  description tag allows you to influence the description of your page in the web crawlers that support the
  tag The meta keywords tag allows   you to provide additional text for crawler-based search engines to index
  along with your body copy.

  If multiple keywords are used they must be comma(,) delimited
  -->

  <meta-html>
    <meta content="" name="description"/>
    <meta content="" name="keywords"/>
  </meta-html>

  <!-- Do not change the release-version, the build process injects it. -->
  <release-version>28.1176784</release-version>

  <release-notes>
    <!--
      **release-note IS required**

      The plugin-version name must match the plugin version found in the plugin.xml file

      The release-note should document the changes, improvements, or bug fixes introduced
      with the new plugin version

      The release-note may contain text or reference a file in the plugin zip package

      For example your release note could be:
      Support for was added for version 10.0 for software X
      or
      releaseNotes/release1.html (where release1.html contains html formatted version information)
      -->

      <release-note plugin-version="1">
        Initial release of the Git source configuration plugin.
      </release-note>
      <release-note plugin-version="2">
        Fixes running a process after creating a version
      </release-note>
      <release-note plugin-version="3">
        PI36827 - Use the agent's /var/temp rather than java.io.tmpdir for temporary files
      </release-note>
      <release-note plugin-version="4">
        Adds functionality to supply authentication credentials to a repository.
      </release-note>
      <release-note plugin-version="5">
        Fixes APAR PI57417. Plug-in now checks the agent settings for acceptance of self signed certificates.
      </release-note>
      <release-note plugin-version="6">
        Fixes APAR PI63702. Adds functionality to separate Includes Excludes parameters with new lines or commas.
      </release-note>
      <release-note plugin-version="7">
        This release is being provided to include updated translations.
      </release-note>
      <release-note plugin-version="8">
        Plug-in now encodes username to fix authentication issues.
      </release-note>
      <release-note plugin-version="9">
        Fixes APAR PI40551. Now uses working directory for temporary artifact storage.
      </release-note>
      <release-note plugin-version="10">
        RFE 86753. Added support for Git submodules.
      </release-note>
      <release-note plugin-version="11">
        RFE 110682. On default automatic imports where Watch for Tags is not specified,
        the plug-in will make a shallow copy of depth 1 to save time and space.
        If a Version/Tag value or the Watch for Tags check box is specified, a full clone will be made.
      </release-note>
      <release-note plugin-version="12">
        Fixes APAR PI89187. Branch is now specified when making inital git clone command.
        Branch property is now optional. Default value is master.
        Improved error output when unable to identify Commit IDs or Tags.
        If specified revision is not found, a hollow component version will no longer be created.
      </release-note>
      <release-note plugin-version="13">
        Fixes APAR PI94103. Added an option to disable SSL certificate verification.
      </release-note>
      <release-note plugin-version="14">
        Fixes APAR PI87707, a regression where the user who requested a manual version import was not being tracked.
      </release-note>
      <release-note plugin-version="15">
         APAR PI89045: add support for setting isFinished flag flag when importing versions.
      </release-note>
      <release-note plugin-version="16">
          Fixing CVE:CVE-2019-4233
      </release-note>
      <release-note plugin-version="17">
         Added escape for special characters in username and password.
      </release-note>
      <release-note plugin-version="18">
         Fixes APAR PH14132: security update
      </release-note>
      <release-note plugin-version="19">
          A version's importing field will be correctly set and marked as finished importing when creating versions that aren't copied to codestation.
      </release-note>
      <release-note plugin-version="20">
          Better error messages when the version name already exists.
      </release-note>
      <release-note plugin-version="21">
        Allow specifying custom java opts
      </release-note>
      <release-note plugin-version="22">
          Remove log4j functionality related to: CVE-2019-17571, CVE-2020-9488. CVE-2021-4104, CVE-2022-23302, CVE-2022-23305, CVE-2022-23307
      </release-note>
      <release-note plugin-version="23">
        Update log4j 2.17, udclient, and uDeployRestClient libraries
      </release-note>
      <release-note plugin-version="24">
        Updating jettison library for CVE-2022-40150 CVE-2022-40149
      </release-note>
      <release-note plugin-version="25">
        Updating jettison library for CVE-2022-45693 and CVE-2022-45685
      </release-note>
      <release-note plugin-version="26">
        URBANCODE-I-404: Added sparse clone feature to clone a particular directory/file
      </release-note>
    <release-note plugin-version="27">
      Updating Jettison library to 1.5.4 for CVE-2023-1436
    </release-note>
    <release-note plugin-version="28">
      APAR-(PH58492): Handled NPE error for few properties
    </release-note>
  </release-notes>
</pluginInfo>
