<?xml version="1.0" encoding="UTF-8" standalone="no"?>
<pluginInfo xmlns="http://www.urbancode.com/InfoXMLSchema_v1" xmlns:server="http://www.urbancode.com/PluginServerXMLSchema_v1" xmlns:xsi="http://www.w3.org/2001/XMLSchema-instance">

  <author name="Rational">
    <organization>IBM Rational</organization>
    <email>pquiring@us.ibm.com</email>
    <website>http://urbancode.com</website>
    <bio/>
  </author>
  
  
  <integration type="Source"/>
  
  
  
  <tool-description> Source plugin for UCD that imports tags from images in an IBM Container Service, ICS, Docker registry. </tool-description>
  
  
  <meta-html>
    <meta content="" name="description"/>
    <meta content="" name="keywords"/>  
  </meta-html>
    
  <release-version>2.0</release-version>  
    
  <release-notes>

	  <release-note plugin-version="1">
          Initial Release.  Support for the live version of ICS in 3/2015.  Uses the credentials to a space to access the registry.
	  </release-note>
    
  </release-notes>
</pluginInfo>
