<?xml version="1.0" encoding="UTF-8" standalone="no"?>
<!--
- Licensed Materials - Property of IBM* Corp. and/or HCL**
- UrbanCode Deploy
- (c) Copyright IBM Corporation 2016, 2017. All Rights Reserved.
- (c) Copyright HCL Corporation 2018, 2019 All Rights Reserved.
-
- U.S. Government Users Restricted Rights - Use, duplication or disclosure restricted by
- GSA ADP Schedule Contract with IBM Corp.
-
- * Trademark of International Business Machines
- ** Trademark of HCL Technologies Limited
--><pluginInfo>
  <!-- Do not change the release-version, the build process injects it. -->
  <release-version>25.1166389</release-version>

  <release-notes>
    <!--
      The release-note should document the changes, improvements, or bug fixes introduced
      with the new plugin version

      The release-note may contain text

      For example your release note could be:
      Support for was added for version 10.0 for software X

      To add a new release note add this with a description in it of the changes:
      <release-note plugin-version="1">....</release-note>
    -->

    <release-note plugin-version="1">
Initial Release of AppScan Enterprise Plugin.
    </release-note>
    <release-note plugin-version="2">
Added steps: Create Scan, Configure Job Options, and List Available Templates.
Added check to base URL to ensure correct syntax.
Edited Run Scan step output.
Retrieve Reports step now saves reports as text file.
    </release-note>
    <release-note plugin-version="3">
Added option to Configure Job Options step which allows for the login sequence type to be set.
Fixed error when setting Basic Authentication for scan.
    </release-note>
	<release-note plugin-version="4">
Added option to Configure Job Options step which allows for a .htd recorded traffic file to be uploaded.
Added option to rerun scan in case of failure.
Added step to download PDF file(s) of an application's report.
    </release-note>
    <release-note plugin-version="5">
Simplified properties for Retrieve PDF Report step.
Support property file encryption.
Fixed bugs in Retrieve PDF Report step.
    </release-note>
    <release-note plugin-version="6">
Fixed bug in Retrieve PDF Reports step. Step now allows retrieval of either an entire application's report, or the report of a single scan associated with an application.
    </release-note>
    <release-note plugin-version="7">
Added output properties reportFilePath, highSevIssues, mediumSevIssues, and isReadyForDeployment to Retrieve Reports step.
Added required port input property to Retrieve PDF Report step.
    </release-note>
    <release-note plugin-version="8">
Fixes error when trying to create scan with a hyphen or period in the name.
    </release-note>
    <release-note plugin-version="9">
Fixes APAR PI83388 - Set Automatic Login, HTTP Authentication, and Disable Certificate Validation properties now follow their specified configuration.
Set Automatic Login and HTTP Authentication properties have been updated to a drop down selection allowing to enable, disable, or leave as default.
    </release-note>
    <release-note plugin-version="10">
Fixes APAR PI84034 - If Run Scan exceeds timeout, the plugin will properly stop the scan.
Updated logic to vary sleep time based on the amount of timeout left remaining. Maximum sleep interval is 2 minutes.
Updated timeout to have a minimum of 5 minutes.
    </release-note>
    <release-note plugin-version="11">
The Wait for Scan Completion hidden property has been added to the Run Scan step. If selected, the step will wait for the scan's completion status.
The Stop Scan on Failure hidden property has been added to the Run Scan Step. If selected, the step will stop the scan if the scan fails or exceeds timeout.
New output property ScanStatus will be specified on success or failure of the Run Scan Step.
    </release-note>
    <release-note plugin-version="12">
New Wait for Scan or Report Pack step.
    </release-note>
    <release-note plugin-version="13">
Retrieve PDF Report changes:
    - Added the pdfReportFilePath and detailsLink (reportURL) output properties to the Retrieve PDF Report step.
Retrieve Report changes:
    - Specify report using the Report Name property. The issue counts are identified using the report name.
    - Step now waits for Retrieve Report to enter READY state.
    - Added the criticalSevIssuesCount, lowSevIssuesCount, detailsLink (reportsURL), reportSpecificURL, and scanStatus output properties to the Retrieve Report step.
    - isReadyForDeployment output variable has been removed. Because each count is set to an output variable, implement a short script to set a personalized isReadyForDeployment logic.
    - Output file now has a .xml extension to match the contents of the file.
    - By default, the output file will be sent to the working directory.
    - Hidden checkbox to print the output files' contents to the output logs.
    - Summary file is now created containing all general information of the report back. (Saved as FIID-Summary.xml)
Run Step changes:
    - If Wait for Completion and FIID are specified and the timeout is exceed, the step will not look for the report.
    - If retrieving the report in the Run Scan step, a default value of 0 issues is given for the Issues Allowed.
    - ScanStatus output property has been changed to scanStatus.
Wait For Scan or Report Pack changes:
    - Because the Retrieve Report step will wait for READY state, this step has been renamed to Wait for Scan.
    - ScanStatus output property has been changed to scanStatus.
    </release-note>
    <release-note plugin-version="14">
Added beta feature of AppScan's Webhook configuration.
Added Delete Folder Item step to enable the deletion of a Scan or Report.
    </release-note>
    <release-note plugin-version="15">
Upgraded all steps with latest APIs.
Plugin is now compatible with new App scan server.
    </release-note>
        <release-note plugin-version="16">
    Error logs fixed
    </release-note>
            <release-note plugin-version="17">
    Create scan folder ID fix
    Retrieve Report fix
    </release-note>
    <release-note plugin-version="18">
    Added Traffic file in Configuration Step
    </release-note>
        <release-note plugin-version="19">
    Minor enhancements
    </release-note>
            <release-note plugin-version="20">
    Added PDF file type feature
    </release-note>
                <release-note plugin-version="21">
    Added Site Url feature
    Added Automated Scan Name feature
    </release-note>
    <release-note plugin-version="22">
    fixed defect to update correct testpolicyId while creating a scan.
    </release-note>
    <release-note plugin-version="23">
    added code for retriving report summary file in xml format.
    </release-note>
    <release-note plugin-version="24">
    Updated the plugin to use the new appscan Rest API to retrieve report summary file as a json file.
    </release-note>
    <release-note plugin-version="25">
    Added property ScanType for the Configure Job Options step.
    Modified timeout Logic for Retrieve report and Wait for scan step.
    </release-note>
  </release-notes>
</pluginInfo>
