<?xml version="1.0" encoding="UTF-8"?>
<!--
- Licensed Materials - Property of IBM Corp.
- IBM UrbanCode Build
- IBM UrbanCode Deploy
- IBM UrbanCode Release
- IBM AnthillPro
- (c) Copyright IBM Corporation 2002, 2017. All Rights Reserved.
-
- U.S. Government Users Restricted Rights - Use, duplication or disclosure restricted by
- GSA ADP Schedule Contract with IBM Corp.
-->
<plugin-upgrade
        xmlns="http://www.urbancode.com/UpgradeXMLSchema_v1"
        xmlns:xsi="http://www.w3.org/2001/XMLSchema-instance">

  <migrate to-version="3">
    <migrate-command name="Add Comments"/>
    <migrate-command name="Create Issue"/>
    <migrate-command name="Update Issue"/>
    <migrate-command name="Check Status"/>
    <migrate-command name="Publish Issue Report"/>
  </migrate>
  <migrate to-version="6">
    <migrate-command name="Add Comments"/>
    <migrate-command name="Create Issue">
        <migrate-properties>
            <migrate-property name="priorityName" />
            <migrate-property name="issueDescription" />
        </migrate-properties>
    </migrate-command>
    <migrate-command name="Update Issue">
        <migrate-properties>
            <migrate-property name="failMode"/>
            <migrate-property name="transitionName" old="actionName" default=""/>
            <migrate-property name="resolutionName" default=""/>
        </migrate-properties>
    </migrate-command>
    <migrate-command name="Check Status"/>
    <migrate-command name="Publish Issue Report"/>
  </migrate>
  <migrate to-version="7">
  </migrate>
  <migrate to-version="8">
  </migrate>
  <migrate to-version="9">
    <migrate-command name="Add Comments">
      <migrate-properties>
        <migrate-property name="proxyHost" default=""/>
        <migrate-property name="proxyPort" default=""/>
      </migrate-properties>
    </migrate-command>
    <migrate-command name="Create Issue">
      <migrate-properties>
        <migrate-property name="proxyHost" default=""/>
        <migrate-property name="proxyPort" default=""/>
        <migrate-property name="parentIssueKey" default=""/>
        <migrate-property name="priorityName"/>
        <migrate-property name="labels" default=""/>
      </migrate-properties>
    </migrate-command>
    <migrate-command name="Update Issue">
      <migrate-properties>
        <migrate-property name="proxyHost" default=""/>
        <migrate-property name="proxyPort" default=""/>
      </migrate-properties>
    </migrate-command>
    <migrate-command name="Check Status">
      <migrate-properties>
        <migrate-property name="proxyHost" default=""/>
        <migrate-property name="proxyPort" default=""/>
      </migrate-properties>
    </migrate-command>
  </migrate>
  <migrate to-version="10">
  </migrate>
</plugin-upgrade>
