<?xml version="1.0" encoding="UTF-8"?>
<plugin-upgrade
        xmlns="http://www.urbancode.com/UpgradeXMLSchema_v1"
        xmlns:xsi="http://www.w3.org/2001/XMLSchema-instance">
  <migrate to-version="2">
    <migrate-command name="Create System Property"/>
    <migrate-command name="Get System Configuration"/>
    <migrate-command name="Set System Configuration"/>
  </migrate>
  <migrate to-version="60">
    <migrate-command name="Create System Property"/>
    <migrate-command name="Get System Configuration"/>
    <migrate-command name="Set System Configuration"/>
  </migrate>
  <migrate to-version="61">
    <migrate-command name="Create System Property"/>
    <migrate-command name="Get System Configuration"/>
    <migrate-command name="Set System Configuration"/>
  </migrate>
</plugin-upgrade>