<?xml version="1.0" encoding="UTF-8"?>
<!--
- Licensed Materials - Property of IBM Corp.
- IBM UrbanCode Build
- IBM UrbanCode Deploy
- IBM UrbanCode Release
- IBM AnthillPro
- (c) Copyright IBM Corporation 2002, 2013. All Rights Reserved.
-
- U.S. Government Users Restricted Rights - Use, duplication or disclosure restricted by
- GSA ADP Schedule Contract with IBM Corp.
-->
<pluginInfo>
  <author>
    <name>UrbanCode</name>
    <email></email>
    <website>http://urbancode.com</website>
  </author>
  <licenses>
    <license></license>
  </licenses>
  <integrationType>Deploy</integrationType>
  <categories>
	<category>middleware</category>
  </categories>
  <versions>
    <version name="1">
	  <releaseNote>
The JBoss plugin is an automation based plugin. It is run during the deployment to automate configuration changes and execute run book automations to JBoss Application Server.The JBoss plugin starts and stops JBoss using the JBoss executable and the JBoss client.jar, as well as deploys and undeploys JBoss applications.
	  </releaseNote>
    </version>
    <version name="2">
      <releaseNote>
        JBoss plugin version 2 provides utilities for JBoss access through command line utilities.
      </releaseNote>
    </version>
  </versions>
</pluginInfo>