<?xml version="1.0" encoding="UTF-8"?><!--
- Licensed Materials - Property of IBM* and/or HCL**
- IBM UrbanCode Deploy
- (c) Copyright IBM Corporation 2017. All Rights Reserved.
- (c) Copyright HCL Technologies Ltd. 2018. All Rights Reserved.
-
- U.S. Government Users Restricted Rights - Use, duplication or disclosure restricted by
- GSA ADP Schedule Contract with IBM Corp.
-
- * Trademark of International Business Machines
- ** Trademark of HCL Technologies Limited
--><pluginInfo>
  <!-- Do not change the release-version, the build process injects it. -->
  <release-version>5.1003930</release-version>

  <release-notes>
    <!--
      The release-note should document the changes, improvements, or bug fixes introduced
      with the new plugin version

      The release-note may contain text

      For example your release note could be:
      Support for was added for version 10.0 for software X

      To add a new release note add this with a description in it of the changes:
      <release-note plugin-version="1">....</release-note>
    -->

    <release-note plugin-version="1">
      Initial release of the WebSphere BPM source configuration plug-in.
    </release-note>

    <release-note plugin-version="2">
      Updated Version name to match the names in WebSphere BPM and avoid conflicts between branches.
      Added Track property. If left blank, all snapshots in each track/branch will be imported.
      Updated Snapshot artifact name from export.zip to export.twx.
    </release-note>

    <release-note plugin-version="3">
      Fixes APAR PI98195 - Adds activeSince parameter to Snapshot object.
    </release-note>
    <release-note plugin-version="4">
      Fixes APAR PI87707, a regression where the user who requested a manual version import was not being tracked.
    </release-note>
    <release-note plugin-version="5">
       APAR PI89045: add support for setting isFinished flag flag when importing versions.
    </release-note>

  </release-notes>
</pluginInfo>