<?xml version="1.0" encoding="UTF-8"?><snippets>
    <category filters="*" id="/security/RAFW_SSL/SSLConfig" initial_state="0" label="/security/RAFW_SSL/SSLConfig" largeicon="" smallicon="">
        <description/>
        <item category="/security/RAFW_SSL/SSLConfig" class="" editorclass="" id="item_1304446305955" label="default" largeicon="" smallicon="">
            <description><![CDATA[default]]></description>
            <content><![CDATA[<SSLConfig alias="" type="JSSE">]]>&#13;<![CDATA[
	<ManagementScope RAFW_TYPE="reference" WASKey="managementScope"]]>&#13;<![CDATA[
		scopeName="" scopeType="" />]]>&#13;<![CDATA[
	<SecureSocketLayer WASKey="setting"]]>&#13;<![CDATA[
		clientAuthentication="false" clientAuthenticationSupported="false"]]>&#13;<![CDATA[
		enableCryptoHardwareSupport="false" enabledCiphers="" jsseProvider="IBMJSSE2"]]>&#13;<![CDATA[
		keyFileFormat="JKS" properties="" securityLevel="HIGH" sslProtocol="SSL_TLS"]]>&#13;<![CDATA[
		trustFileFormat="JKS">]]>&#13;<![CDATA[
		<KeyManager RAFW_TYPE="reference" WASKey="keyManager"]]>&#13;<![CDATA[
			name="IbmX509" />]]>&#13;<![CDATA[
		<KeyStore RAFW_TYPE="reference" WASKey="keyStore"]]>&#13;<![CDATA[
			name="CellDefaultKeyStore" />]]>&#13;<![CDATA[
		<KeyStore RAFW_TYPE="reference" WASKey="trustStore"]]>&#13;<![CDATA[
			name="CellDefaultTrustStore" />]]>&#13;<![CDATA[
		<TrustManager RAFW_TYPE="reference" WASKey="trustManager"]]>&#13;<![CDATA[
			name="IbmPKIX" />]]>&#13;<![CDATA[
	</SecureSocketLayer>]]>&#13;<![CDATA[
</SSLConfig>]]>&#13;<![CDATA[
]]></content>
        </item>
    </category>
</snippets>