<?xml version="1.0" encoding="UTF-8"?>
<plugin-upgrade
        xmlns="http://www.urbancode.com/UpgradeXMLSchema_v1"
        xmlns:xsi="http://www.w3.org/2001/XMLSchema-instance">
  <migrate to-version="2">
    <migrate-command name="Download Artifacts" />
  </migrate>
  <migrate to-version="3">
    <migrate-command name="Download Artifacts" />
    <migrate-command name="Run Secondary Process" />
    <migrate-command name="Assign Status" />
    <migrate-command name="Assign Label" />
  </migrate>
  <migrate to-version="4">
    <migrate-command name="Download Artifacts" />
    <migrate-command name="Run Secondary Process" />
    <migrate-command name="Assign Status" />
    <migrate-command name="Assign Label" />
  </migrate>
</plugin-upgrade>