<?xml version="1.0" encoding="UTF-8"?><!--
- Licensed Materials - Property of IBM Corp.
- IBM UrbanCode Deploy
- (c) Copyright IBM Corporation 2016, 2017. All Rights Reserved.
-
- U.S. Government Users Restricted Rights - Use, duplication or disclosure restricted by
- GSA ADP Schedule Contract with IBM Corp.
--><pluginInfo>
  <!-- Do not change the release-version, the build process injects it. -->
  <release-version>9.922421</release-version>

  <release-notes>
    <!--
      The release-note should document the changes, improvements, or bug fixes introduced
      with the new plugin version

      The release-note may contain text

      For example your release note could be:
      Support for was added for version 10.0 for software X

      To add a new release note add this with a description in it of the changes:
      <release-note plugin-version="1">....</release-note>
    -->

    <release-note plugin-version="1">
Initial Release of AppScan Enterprise Plugin.
    </release-note>
    <release-note plugin-version="2">
Added steps: Create Scan, Configure Job Options, and List Available Templates.
Added check to base URL to ensure correct syntax.
Edited Run Scan step output.
Retrieve Reports step now saves reports as text file.
    </release-note>
    <release-note plugin-version="3">
Added option to Configure Job Options step which allows for the login sequence type to be set.
Fixed error when setting Basic Authentication for scan.
    </release-note>
	<release-note plugin-version="4">
Added option to Configure Job Options step which allows for a .htd recorded traffic file to be uploaded.
Added option to rerun scan in case of failure.
Added step to download PDF file(s) of an application's report.
    </release-note>
    <release-note plugin-version="5">
Simplified properties for Retrieve PDF Report step.
Support property file encryption.
Fixed bugs in Retrieve PDF Report step.
    </release-note>
    <release-note plugin-version="6">
Fixed bug in Retrieve PDF Reports step. Step now allows retrieval of either an entire application's report, or the report of a single scan associated with an application.
    </release-note>
    <release-note plugin-version="7">
Added output properties reportFilePath, highSevIssues, mediumSevIssues, and isReadyForDeployment to Retrieve Reports step.
Added required port input property to Retrieve PDF Report step.
    </release-note>
    <release-note plugin-version="8">
Fixes error when trying to create scan with a hyphen or period in the name.
    </release-note>
    <release-note plugin-version="9">
Fixes APAR PI83388 - Set Automatic Login, HTTP Authentication, and Disable Certificate Validation properties now follow their specified configuration.
Set Automatic Login and HTTP Authentication properties have been updated to a drop down selection allowing to enable, disable, or leave as default.
    </release-note>

  </release-notes>
</pluginInfo>