{
    "securityResourceId": "321e033a-dd3f-4373-8b66-c6e68bd32a07",
    "path": "componentTemplates\/c810eb9d-318a-4625-836e-26baa4598dcd",
    "name": "MVSCOMPONENT",
    "description": "Template component which stores and deploys z\/OS data set artifacts",
    "ignoreQualifiers": 0,
    "componentType": "ZOS",
    "tags": [],
    "active": true,
    "envPropDefs": [
        {
            "name": "ucd.toolkit.home",
            "label": "ucd.toolkit.home",
            "pattern": "",
            "type": "TEXT",
            "required": true,
            "description": "The path to z\/OS Toolkit install directory. The value can be overrode by property with higher order of precedence, for example, Agent property or Resource property. ",
            "placeholder": ""
        },
        {
            "name": "deploy.base.path",
            "label": "deploy.base.path",
            "pattern": "",
            "type": "TEXT",
            "required": true,
            "description": "The base location to store deployment results and backups for rollback. The value can be overrode by property with higher order of precedence, for example, Agent property or Resource property.",
            "placeholder": ""
        },
        {
            "name": "deploy.env.pds.mapping",
            "label": "deploy.env.pds.mapping",
            "pattern": "",
            "type": "TEXT",
            "required": true,
            "description": "Specify the PDS packaged, and where to deploy them in the restore mapping table. Each line is a mapping rule with the format of From PDS,To PDS. The value can be overrode by property with higher order of precedence, for example, Agent property or Resource property.",
            "placeholder": ""
        },
        {
            "name": "jes.host",
            "label": "jes.host",
            "pattern": "",
            "type": "TEXT",
            "value": "localhost",
            "required": false,
            "description": "Hostname of Job server. Use localhost unless you have a specific requirement to submit job to another z\/OS. ",
            "placeholder": ""
        },
        {
            "name": "jes.user",
            "label": "jes.user",
            "pattern": "",
            "type": "TEXT",
            "required": false,
            "description": "Userid to logon to JES subsystem.",
            "placeholder": ""
        },
        {
            "name": "jes.password",
            "label": "jes.password",
            "pattern": "",
            "type": "SECURE",
            "required": false,
            "description": "Password to logon to JES subsystem.",
            "placeholder": ""
        },
        {
            "name": "jes.monitor.port",
            "label": "jes.monitor.port",
            "pattern": "",
            "type": "TEXT",
            "value": "6715",
            "required": false,
            "description": "JES job monitor port (1-65535). Default is 6715.",
            "placeholder": ""
        }
    ],
    "propDefs": [
        {
            "name": "ucd.repository.host",
            "label": "ucd.repository.host",
            "pattern": "",
            "type": "TEXT",
            "required": false,
            "description": "Hostname of the FTP server where you get version artifacts.",
            "placeholder": ""
        },
        {
            "name": "ucd.repository.location",
            "label": "ucd.repository.location",
            "pattern": "",
            "type": "TEXT",
            "required": true,
            "description": "The location of the repository where the z\/OS deploy toolkit stores artifacts.",
            "placeholder": ""
        },
        {
            "name": "ucd.repository.user",
            "label": "ucd.repository.user",
            "pattern": "",
            "type": "TEXT",
            "required": false,
            "description": "FTP username.",
            "placeholder": ""
        },
        {
            "name": "ucd.repository.password",
            "label": "ucd.repository.password",
            "pattern": "",
            "type": "SECURE",
            "required": false,
            "description": "FTP password.",
            "placeholder": ""
        }
    ],
    "properties": [],
    "processes": [
        {
            "name": "Deploy",
            "description": "Deploy data sets. Version artifacts is fetched from code station located in the same z\/OS.",
            "defaultWorkingDir": "${p:resource\/work.dir}\/${p:component.name}",
            "takesVersion": true,
            "inventoryActionType": "ADD",
            "status": "Active",
            "configActionType": "ADD",
            "active": true,
            "path": "componentTemplates\/c810eb9d-318a-4625-836e-26baa4598dcd\/processes\/cfc10fec-2bdb-4a6d-a14f-7fb4ddb4e165",
            "propDefs": [],
            "rootActivity": {
                "edges": [
                    {
                        "to": "Deploy Data Sets",
                        "from": "Copy Artifacts",
                        "type": "SUCCESS",
                        "value": ""
                    },
                    {
                        "to": "8328a7e245b2d6f356e73791755c2a",
                        "from": "Deploy Data Sets",
                        "type": "SUCCESS",
                        "value": ""
                    },
                    {
                        "to": "Copy Artifacts",
                        "type": "ALWAYS",
                        "value": ""
                    }
                ],
                "offsets": [
                    {
                        "name": "Copy Artifacts",
                        "x": -45,
                        "y": 124,
                        "h": 60,
                        "w": 180
                    },
                    {
                        "name": "Deploy Data Sets",
                        "x": -55,
                        "y": 230,
                        "h": 60,
                        "w": 200
                    },
                    {
                        "name": "8328a7e245b2d6f356e73791755c2a",
                        "x": 0,
                        "y": 420,
                        "h": 50,
                        "w": 90
                    }
                ],
                "type": "graph",
                "name": "49086724-1ec6-47a8-a114-231b9da17c10",
                "children": [
                    {
                        "type": "finish",
                        "name": "8328a7e245b2d6f356e73791755c2a",
                        "children": []
                    },
                    {
                        "allowFailure": false,
                        "useImpersonation": false,
                        "showHidden": false,
                        "impersonationUseSudo": false,
                        "commandName": "Copy Artifacts",
                        "pluginName": "zOS Utility",
                        "pluginVersion": 3,
                        "properties": {
                            "directoryOffset": ".",
                            "basePath": "${p:ucd.repository.location}",
                            "versionName": "${p:version.name}",
                            "componentName": "${p:component.name}"
                        },
                        "type": "plugin",
                        "name": "Copy Artifacts",
                        "children": []
                    },
                    {
                        "allowFailure": false,
                        "useImpersonation": false,
                        "showHidden": false,
                        "impersonationUseSudo": false,
                        "commandName": "Deploy Data Sets",
                        "pluginName": "zOS Utility",
                        "pluginVersion": 3,
                        "properties": {
                            "pdsMapping": "fromPDS,toPDS",
                            "checkAccess": "true",
                            "ucdToolKitHome": "${p:ucd.toolkit.home}",
                            "deployBasePath": "${p:deploy.base.path}",
                            "useEnvPdsMapping": "true",
                            "envPdsMapping": "${p:deploy.env.pds.mapping}",
                            "versionName": "${p:version.name}",
                            "componentName": "${p:component.name}"
                        },
                        "type": "plugin",
                        "name": "Deploy Data Sets",
                        "children": []
                    }
                ]
            }
        },
        {
            "name": "Deploy - get artifacts using FTP",
            "description": "Deploy data sets. Version artifacts is fetched from code station using FTP",
            "defaultWorkingDir": "${p:resource\/work.dir}\/${p:component.name}",
            "takesVersion": true,
            "inventoryActionType": "ADD",
            "status": "Active",
            "configActionType": "ADD",
            "active": true,
            "path": "componentTemplates\/c810eb9d-318a-4625-836e-26baa4598dcd\/processes\/2bdc8956-9bbb-4c2f-a626-d75af7343f50",
            "propDefs": [],
            "rootActivity": {
                "edges": [
                    {
                        "to": "cb186e01e1acada63dfc6eef9222cd",
                        "from": "Deploy Data Sets",
                        "type": "SUCCESS",
                        "value": ""
                    },
                    {
                        "to": "FTP Artifacts",
                        "type": "ALWAYS",
                        "value": ""
                    },
                    {
                        "to": "Deploy Data Sets",
                        "from": "FTP Artifacts",
                        "type": "SUCCESS",
                        "value": ""
                    }
                ],
                "offsets": [
                    {
                        "name": "cb186e01e1acada63dfc6eef9222cd",
                        "x": -5,
                        "y": 430,
                        "h": 50,
                        "w": 90
                    },
                    {
                        "name": "FTP Artifacts",
                        "x": -50,
                        "y": 122,
                        "h": 60,
                        "w": 180
                    },
                    {
                        "name": "Deploy Data Sets",
                        "x": -59.5,
                        "y": 260,
                        "h": 60,
                        "w": 200
                    }
                ],
                "type": "graph",
                "name": "90f6f9ad-9012-4869-aaef-d633ca6557e8",
                "children": [
                    {
                        "type": "finish",
                        "name": "cb186e01e1acada63dfc6eef9222cd",
                        "children": []
                    },
                    {
                        "allowFailure": false,
                        "useImpersonation": false,
                        "showHidden": false,
                        "impersonationUseSudo": false,
                        "commandName": "Deploy Data Sets",
                        "pluginName": "zOS Utility",
                        "pluginVersion": 3,
                        "properties": {
                            "pdsMapping": "fromPDS,toPDS",
                            "checkAccess": "true",
                            "ucdToolKitHome": "${p:ucd.toolkit.home}",
                            "deployBasePath": "${p:deploy.base.path}",
                            "useEnvPdsMapping": "true",
                            "envPdsMapping": "${p:deploy.env.pds.mapping}",
                            "versionName": "${p:version.name}",
                            "componentName": "${p:component.name}"
                        },
                        "type": "plugin",
                        "name": "Deploy Data Sets",
                        "children": []
                    },
                    {
                        "allowFailure": false,
                        "useImpersonation": false,
                        "showHidden": false,
                        "impersonationUseSudo": false,
                        "commandName": "FTP Artifacts",
                        "pluginName": "zOS Utility",
                        "pluginVersion": 3,
                        "properties": {
                            "directoryOffset": ".",
                            "hostName": "${p:ucd.repository.host}",
                            "userid": "${p:ucd.repository.user}",
                            "password": "crypt_v1{DESede\/CBC\/PKCS5Padding|desedekeygzfy|AiVRCfOEL2g=|0YyDepPcbvBy8LzvKLyJLGmxopaVVwEcPVG0eoU1UWbK2Ef1dQdGv+BP1xesHASA9keFWol3DfcdjEdl7S3VjPOsSpCLLZ9vGUrLXLr4CT+fHw2jKux9RraHa05LKVtGN81t0cRtdGI7AG45kW7kRg==}",
                            "basePath": "${p:ucd.repository.location}",
                            "versionName": "${p:version.name}",
                            "componentName": "${p:component.name}"
                        },
                        "type": "plugin",
                        "name": "FTP Artifacts",
                        "children": []
                    }
                ]
            }
        },
        {
            "name": "Remove all versions",
            "description": "Remove all versions in an environment including the backup created during version deployment. Use this process when you want to start next round of development with a clean environment.  Audit history is available even if versions have been removed from the environment.  ",
            "defaultWorkingDir": "${p:resource\/work.dir}\/${p:component.name}",
            "takesVersion": false,
            "status": "",
            "active": true,
            "path": "componentTemplates\/c810eb9d-318a-4625-836e-26baa4598dcd\/processes\/9db9a30e-f535-4a07-882d-9c166d8c80e2",
            "propDefs": [],
            "rootActivity": {
                "edges": [
                    {
                        "to": "Remove All Versions",
                        "type": "ALWAYS",
                        "value": ""
                    },
                    {
                        "to": "7edd88f82ceb313ee19d35d0c10ed3",
                        "from": "Remove All Versions",
                        "type": "SUCCESS",
                        "value": ""
                    }
                ],
                "offsets": [
                    {
                        "name": "7edd88f82ceb313ee19d35d0c10ed3",
                        "x": -5,
                        "y": 250,
                        "h": 50,
                        "w": 90
                    },
                    {
                        "name": "Remove All Versions",
                        "x": -70,
                        "y": 120,
                        "h": 60,
                        "w": 220
                    }
                ],
                "type": "graph",
                "name": "632d7fcd-eea0-436f-a4e1-ce4e52cc55d0",
                "children": [
                    {
                        "type": "finish",
                        "name": "7edd88f82ceb313ee19d35d0c10ed3",
                        "children": []
                    },
                    {
                        "allowFailure": false,
                        "useImpersonation": false,
                        "showHidden": false,
                        "impersonationUseSudo": false,
                        "commandName": "Remove All Versions",
                        "pluginName": "zOS Utility",
                        "pluginVersion": 3,
                        "properties": {
                            "applicationName": "${p:application.name}",
                            "environmentName": "${p:environment.name}",
                            "componentName": "${p:component.name}",
                            "deployBasePath": "${p:deploy.base.path}"
                        },
                        "type": "plugin",
                        "name": "Remove All Versions",
                        "children": []
                    }
                ]
            }
        },
        {
            "name": "Remove redundant versions",
            "description": "Remove redundant versions in an environment. Redundant versions are these versions which are replaced completely by later deployed versions. ",
            "defaultWorkingDir": "${p:resource\/work.dir}\/${p:component.name}",
            "takesVersion": false,
            "status": "",
            "active": true,
            "path": "componentTemplates\/c810eb9d-318a-4625-836e-26baa4598dcd\/processes\/ef6c594a-377d-45da-a852-4fb81a55fa15",
            "propDefs": [],
            "rootActivity": {
                "edges": [
                    {
                        "to": "41a9e39d9c9865d8001456cd9d7b54",
                        "from": "Remove Redundant Versions",
                        "type": "SUCCESS",
                        "value": ""
                    },
                    {
                        "to": "Remove Redundant Versions",
                        "type": "ALWAYS",
                        "value": ""
                    }
                ],
                "offsets": [
                    {
                        "name": "41a9e39d9c9865d8001456cd9d7b54",
                        "x": -5,
                        "y": 370,
                        "h": 50,
                        "w": 90
                    },
                    {
                        "name": "Remove Redundant Versions",
                        "x": -95,
                        "y": 180,
                        "h": 60,
                        "w": 270
                    }
                ],
                "type": "graph",
                "name": "10c98260-117d-46a8-87ab-10d6558c172d",
                "children": [
                    {
                        "type": "finish",
                        "name": "41a9e39d9c9865d8001456cd9d7b54",
                        "children": []
                    },
                    {
                        "allowFailure": false,
                        "useImpersonation": false,
                        "showHidden": false,
                        "impersonationUseSudo": false,
                        "commandName": "Remove Redundant Versions",
                        "pluginName": "zOS Utility",
                        "pluginVersion": 3,
                        "properties": {
                            "isDryRun": "false",
                            "applicationName": "${p:application.name}",
                            "environmentName": "${p:environment.name}",
                            "componentName": "${p:component.name}",
                            "deployBasePath": "${p:deploy.base.path}"
                        },
                        "type": "plugin",
                        "name": "Remove Redundant Versions",
                        "children": []
                    }
                ]
            }
        },
        {
            "name": "Remove redundant versions with manual verification",
            "description": "Remove redundant versions in an environment. Redundant versions are these versions which are replaced completely by later deployed versions. ",
            "defaultWorkingDir": "${p:resource\/work.dir}\/${p:component.name}",
            "takesVersion": false,
            "status": "",
            "active": true,
            "path": "componentTemplates\/c810eb9d-318a-4625-836e-26baa4598dcd\/processes\/0f67c02a-5740-4e65-a74f-615fcb8eee5f",
            "propDefs": [],
            "rootActivity": {
                "edges": [
                    {
                        "to": "Review Versions To Be Removed",
                        "from": "Remove Redundant Versions Dry Run",
                        "type": "SUCCESS",
                        "value": ""
                    },
                    {
                        "to": "Remove Redundant Versions",
                        "from": "Review Versions To Be Removed",
                        "type": "SUCCESS",
                        "value": ""
                    },
                    {
                        "to": "Remove Redundant Versions Dry Run",
                        "type": "ALWAYS",
                        "value": ""
                    },
                    {
                        "to": "0fbc34b5ab1760dad9dfef44d80cc6",
                        "from": "Remove Redundant Versions",
                        "type": "SUCCESS",
                        "value": ""
                    }
                ],
                "offsets": [
                    {
                        "name": "0fbc34b5ab1760dad9dfef44d80cc6",
                        "x": 0,
                        "y": 445,
                        "h": 50,
                        "w": 90
                    },
                    {
                        "name": "Remove Redundant Versions",
                        "x": -90,
                        "y": 330,
                        "h": 60,
                        "w": 270
                    },
                    {
                        "name": "Remove Redundant Versions Dry Run",
                        "x": -105,
                        "y": 120,
                        "h": 60,
                        "w": 290
                    },
                    {
                        "name": "Review Versions To Be Removed",
                        "x": -85,
                        "y": 230,
                        "h": 60,
                        "w": 260
                    },
                    {
                        "name": "cb6d6cf1f7153da91b1bc30d718ea3",
                        "x": 326.5,
                        "y": 192,
                        "h": 50,
                        "w": 360
                    }
                ],
                "type": "graph",
                "name": "7c532852-381d-43ed-80aa-5ecf78411232",
                "children": [
                    {
                        "type": "finish",
                        "name": "0fbc34b5ab1760dad9dfef44d80cc6",
                        "children": []
                    },
                    {
                        "allowFailure": false,
                        "useImpersonation": false,
                        "showHidden": false,
                        "impersonationUseSudo": false,
                        "commandName": "Remove Redundant Versions",
                        "pluginName": "zOS Utility",
                        "pluginVersion": 3,
                        "properties": {
                            "isDryRun": "true",
                            "applicationName": "${p:application.name}",
                            "environmentName": "${p:environment.name}",
                            "componentName": "${p:component.name}",
                            "deployBasePath": "${p:deploy.base.path}"
                        },
                        "type": "plugin",
                        "name": "Remove Redundant Versions Dry Run",
                        "children": []
                    },
                    {
                        "templateName": "ApprovalCreated",
                        "roleRestrictionData": {"roleRestrictions": []},
                        "propDefs": [],
                        "type": "componentManualTask",
                        "name": "Review Versions To Be Removed",
                        "children": []
                    },
                    {
                        "allowFailure": false,
                        "useImpersonation": false,
                        "showHidden": false,
                        "impersonationUseSudo": false,
                        "commandName": "Remove Redundant Versions",
                        "pluginName": "zOS Utility",
                        "pluginVersion": 3,
                        "properties": {
                            "isDryRun": "false",
                            "applicationName": "${p:application.name}",
                            "environmentName": "${p:environment.name}",
                            "componentName": "${p:component.name}",
                            "deployBasePath": "${p:deploy.base.path}"
                        },
                        "type": "plugin",
                        "name": "Remove Redundant Versions",
                        "children": []
                    },
                    {
                        "name": "cb6d6cf1f7153da91b1bc30d718ea3",
                        "text": "The versions will be removed after the work item is approved. ",
                        "type": "note",
                        "children": []
                    }
                ]
            }
        },
        {
            "name": "Sample JCL submission process",
            "description": "This process demonstrates two type  of usage of the JCL submission steps. ",
            "defaultWorkingDir": "${p:resource\/work.dir}\/${p:component.name}",
            "takesVersion": false,
            "status": "",
            "active": true,
            "path": "componentTemplates\/c810eb9d-318a-4625-836e-26baa4598dcd\/processes\/4cfc2a81-f46e-47d4-bab9-14b14ff1f1d9",
            "propDefs": [],
            "rootActivity": {
                "edges": [
                    {
                        "to": "Do something else",
                        "from": "Submit Job",
                        "type": "SUCCESS",
                        "value": ""
                    },
                    {
                        "to": "151c344677e54a10e4d6014864c9df",
                        "from": "Wait For Job",
                        "type": "SUCCESS",
                        "value": ""
                    },
                    {
                        "to": "Submit  and Wait for Completion",
                        "type": "ALWAYS",
                        "value": ""
                    },
                    {
                        "to": "151c344677e54a10e4d6014864c9df",
                        "from": "Submit  and Wait for Completion",
                        "type": "SUCCESS",
                        "value": ""
                    },
                    {
                        "to": "Submit Job",
                        "type": "ALWAYS",
                        "value": ""
                    },
                    {
                        "to": "Wait For Job",
                        "from": "Do something else",
                        "type": "SUCCESS",
                        "value": ""
                    }
                ],
                "offsets": [
                    {
                        "name": "Submit  and Wait for Completion",
                        "x": -239.5,
                        "y": 190,
                        "h": 60,
                        "w": 250
                    },
                    {
                        "name": "Wait For Job",
                        "x": 176.5,
                        "y": 333,
                        "h": 60,
                        "w": 170
                    },
                    {
                        "name": "151c344677e54a10e4d6014864c9df",
                        "x": 0,
                        "y": 420,
                        "h": 50,
                        "w": 90
                    },
                    {
                        "name": "Do something else",
                        "x": 131.5,
                        "y": 230,
                        "h": 60,
                        "w": 260
                    },
                    {
                        "name": "Submit Job",
                        "x": 176.5,
                        "y": 119,
                        "h": 60,
                        "w": 170
                    }
                ],
                "type": "graph",
                "name": "739a1271-76bd-4326-bc5a-313dbdb27225",
                "children": [
                    {
                        "type": "finish",
                        "name": "151c344677e54a10e4d6014864c9df",
                        "children": []
                    },
                    {
                        "allowFailure": false,
                        "useImpersonation": false,
                        "showHidden": false,
                        "impersonationUseSudo": false,
                        "commandName": "Submit Job",
                        "pluginName": "zOS Utility",
                        "pluginVersion": 3,
                        "properties": {
                            "mvsFilename": "",
                            "ussFilename": "",
                            "jclString": "\/\/TESTJCL  JOB  ,NOTIFY=&SYSUID\n\/\/TIME     EXEC PGM=IKJEFT1A   \n\/\/SYSPRINT DD   SYSOUT=*       \n\/\/SYSTSPRT DD   SYSOUT=*       \n\/\/SYSTSIN  DD   *              \n  TIME                         \n\/* ",
                            "explicitTokens": "",
                            "waitForJob": "true",
                            "timeout": "60",
                            "showOutput": "ALL",
                            "cutOff": "1000",
                            "maxRC": "4",
                            "hostname": "${p:jes.host}",
                            "userid": "${p:jes.user}",
                            "password": "${p:jes.password}",
                            "port": "${p:jes.monitor.port}"
                        },
                        "type": "plugin",
                        "name": "Submit  and Wait for Completion",
                        "children": []
                    },
                    {
                        "allowFailure": false,
                        "useImpersonation": false,
                        "showHidden": false,
                        "impersonationUseSudo": false,
                        "commandName": "Submit Job",
                        "pluginName": "zOS Utility",
                        "pluginVersion": 3,
                        "properties": {
                            "mvsFilename": "",
                            "ussFilename": "",
                            "jclString": "\/\/TESTJCL  JOB  ,NOTIFY=&SYSUID\n\/\/TIME     EXEC PGM=IKJEFT1A   \n\/\/SYSPRINT DD   SYSOUT=*       \n\/\/SYSTSPRT DD   SYSOUT=*       \n\/\/SYSTSIN  DD   *              \n  TIME                         \n\/*                             ",
                            "explicitTokens": "",
                            "waitForJob": "false",
                            "timeout": "60",
                            "showOutput": "ALL",
                            "cutOff": "1000",
                            "maxRC": "4",
                            "hostname": "${p:jes.host}",
                            "userid": "${p:jes.user}",
                            "password": "${p:jes.password}",
                            "port": "${p:jes.monitor.port}"
                        },
                        "type": "plugin",
                        "name": "Submit Job",
                        "children": []
                    },
                    {
                        "allowFailure": false,
                        "useImpersonation": false,
                        "showHidden": false,
                        "impersonationUseSudo": false,
                        "commandName": "Wait For Job",
                        "pluginName": "zOS Utility",
                        "pluginVersion": 3,
                        "properties": {
                            "jobId": "${p:submitStepName\/JobId}",
                            "timeout": "60",
                            "showOutput": "ALL",
                            "cutOff": "1000",
                            "maxRC": "4",
                            "hostname": "${p:jes.host}",
                            "userid": "${p:jes.user}",
                            "password": "${p:jes.password}",
                            "port": "${p:jes.monitor.port}"
                        },
                        "type": "plugin",
                        "name": "Wait For Job",
                        "children": []
                    },
                    {
                        "allowFailure": false,
                        "useImpersonation": false,
                        "showHidden": false,
                        "impersonationUseSudo": false,
                        "commandName": "Run TSO or ISPF Command",
                        "pluginName": "zOS Utility",
                        "pluginVersion": 3,
                        "properties": {
                            "serviceType": "TSO",
                            "tsoCommand": "TIME",
                            "loopType": "NONE",
                            "deployType": "*",
                            "reuseSession": "false",
                            "showLog": "false",
                            "ispProf": "",
                            "ispfGatewayPath": "\/usr\/lpp\/ispf\/bin",
                            "deployBasePath": "${p:deploy.base.path}",
                            "versionName": "${p:version.name}",
                            "componentName": "${p:component.name}"
                        },
                        "type": "plugin",
                        "name": "Do something else",
                        "children": []
                    }
                ]
            }
        },
        {
            "name": "Uninstall",
            "description": "Uninstall a version and restore the backup data sets",
            "defaultWorkingDir": "${p:resource\/work.dir}\/${p:component.name}",
            "takesVersion": true,
            "inventoryActionType": "REMOVE",
            "status": "Active",
            "active": true,
            "path": "componentTemplates\/c810eb9d-318a-4625-836e-26baa4598dcd\/processes\/558b166e-c479-4e41-8284-4a7639c8cef2",
            "propDefs": [],
            "rootActivity": {
                "edges": [
                    {
                        "to": "Rollback Data Sets",
                        "type": "ALWAYS",
                        "value": ""
                    },
                    {
                        "to": "22f91f0dc4e35ac3094f81a5c5281e",
                        "from": "Rollback Data Sets",
                        "type": "SUCCESS",
                        "value": ""
                    }
                ],
                "offsets": [
                    {
                        "name": "Rollback Data Sets",
                        "x": -65,
                        "y": 189,
                        "h": 60,
                        "w": 210
                    },
                    {
                        "name": "22f91f0dc4e35ac3094f81a5c5281e",
                        "x": 0,
                        "y": 420,
                        "h": 50,
                        "w": 90
                    }
                ],
                "type": "graph",
                "name": "938283d8-559f-4c2b-9f08-9b6bcfa588c9",
                "children": [
                    {
                        "type": "finish",
                        "name": "22f91f0dc4e35ac3094f81a5c5281e",
                        "children": []
                    },
                    {
                        "allowFailure": false,
                        "useImpersonation": false,
                        "showHidden": false,
                        "impersonationUseSudo": false,
                        "commandName": "Rollback Data Sets",
                        "pluginName": "zOS Utility",
                        "pluginVersion": 3,
                        "properties": {
                            "checkAccess": "true",
                            "delBackUpFiles": "false",
                            "ucdToolKitHome": "${p:ucd.toolkit.home}",
                            "deployBasePath": "${p:deploy.base.path}",
                            "versionName": "${p:version.name}",
                            "componentName": "${p:component.name}"
                        },
                        "type": "plugin",
                        "name": "Rollback Data Sets",
                        "children": []
                    }
                ]
            }
        }
    ],
    "genericProcesses": []
}