<?xml version="1.0" encoding="UTF-8"?>
<!--
- Licensed Materials - Property of IBM Corp.
- IBM UrbanCode Deploy
- (c) Copyright IBM Corporation 2011, 2014. All Rights Reserved.
-
- U.S. Government Users Restricted Rights - Use, duplication or disclosure restricted by
- GSA ADP Schedule Contract with IBM Corp.
-->

<plugin-upgrade
        xmlns="http://www.urbancode.com/UpgradeXMLSchema_v1"
        xmlns:xsi="http://www.w3.org/2001/XMLSchema-instance">

  <migrate to-version="2">
    <migrate-command name="Run Scan">
    </migrate-command>

    <migrate-command name="Retrieve Reports">
        <migrate-properties>
            <migrate-property name="filepath"/>
        </migrate-properties>
    </migrate-command>
  </migrate>
  <migrate to-version="3">
    <migrate-command name="Configure Job Options">
	   <migrate-properties>
            <migrate-property name="httpAuth"/>
        </migrate-properties>
    </migrate-command>
  </migrate>
  <migrate to-version="4">
    <migrate-command name="Configure Job Options">
	   <migrate-properties>
            <migrate-property name="recordedTraffic"/>
        </migrate-properties>
    </migrate-command>
	<migrate-command name="Retrieve Application PDF Report">
	</migrate-command>
	<migrate-command name="Run Scan">
	   <migrate-properties>
            <migrate-property name="retries"/>
        </migrate-properties>
    </migrate-command>
  </migrate>
  <migrate to-version="5">
      <migrate-command name="Retrieve PDF Report" old="Retrieve Application PDF Report">
          <migrate-properties>
              <migrate-property name="scanName"/>
              <migrate-property name="scanFIID"/>
          </migrate-properties>
      </migrate-command>
  </migrate>
  <migrate to-version="6">
      <migrate-command name="Retrieve PDF Report">
          <migrate-properties>
              <migrate-property name="scanName"/>
          </migrate-properties>
      </migrate-command>
  </migrate>

</plugin-upgrade>