<?xml version="1.0" encoding="UTF-8"?>
<plugin-upgrade
        xmlns="http://www.urbancode.com/UpgradeXMLSchema_v1"
        xmlns:xsi="http://www.w3.org/2001/XMLSchema-instance">
        
  <migrate to-version="7">
    <migrate-command name="Check Approval Status"/>
    <migrate-command name="Check Change Request Status"/>
    <migrate-command name="Set Change Request Status"/>
    <migrate-command name="Check Change Request's Child Tasks Statuses"/>
    <migrate-command name="Update Tasks Statuses"/>
  </migrate>
  <migrate to-version="8">
    <migrate-command name="Check Approval Status"/>
    <migrate-command name="Check Change Request Status"/>
    <migrate-command name="Set Change Request Status"/>
    <migrate-command name="Check Change Request's Child Tasks Statuses"/>
    <migrate-command name="Update Tasks Statuses"/>
    <migrate-command name="Insert Row Into CMDB Table"/>
    <migrate-command name="Delete Row From CMDB Table"/>
    <migrate-command name="Delete Multiple Rows From CMDB Table"/>
  </migrate> 
  
</plugin-upgrade>
