{
    "securityResourceId": "18a2d2b8-1c1d-7ab8-361a-73d425f6876c",
    "path": "componentTemplates\/18a2d2b8-1c30-b3e8-b6f6-33944e3e124a",
    "name": "ArgoCD Template",
    "description": "Component template for use with ArgoCD deployments",
    "ignoreQualifiers": 0,
    "componentType": "STANDARD",
    "sourceConfigPluginName": "",
    "tags": [{
        "id": "18bf8a1c-faff-2818-9e2e-8fbe5c47f776",
        "name": "ArgoCD",
        "color": "#00B2EF",
        "description": "",
        "objectType": "Component"
    }],
    "active": true,
    "envPropDefs": [],
    "resPropDefs": [],
    "propDefs": [
        {
            "name": "argocd.server",
            "label": "argocd.server",
            "pattern": "",
            "type": "TEXT",
            "isHidden": false,
            "required": true,
            "description": "The name or IP address of the Argo CD server to login to.",
            "placeholder": ""
        },
        {
            "name": "argocd.user",
            "label": "argocd.user",
            "pattern": "",
            "type": "TEXT",
            "isHidden": false,
            "required": true,
            "description": "The username of an account to authenticate.",
            "placeholder": ""
        },
        {
            "name": "argocd.password",
            "label": "argocd.password",
            "pattern": "",
            "type": "SECURE",
            "isHidden": false,
            "required": true,
            "description": "The password of an account to authenticate.",
            "placeholder": ""
        },
        {
            "name": "argocd.application.name",
            "label": "argocd.application.name",
            "pattern": "",
            "type": "TEXT",
            "isHidden": false,
            "required": true,
            "description": "The name of the Argo CD application.",
            "placeholder": ""
        },
        {
            "name": "argocd.global.flags",
            "label": "argocd.global.flags",
            "pattern": "",
            "type": "TEXTAREA",
            "isHidden": false,
            "required": false,
            "description": "Global flags that should be applied to all commands, such as --config=..\/argocd.config",
            "placeholder": ""
        },
        {
            "name": "argocd.cmd.path",
            "label": "argocd.cmd.path",
            "pattern": "",
            "type": "TEXT",
            "isHidden": false,
            "required": false,
            "description": "The name of the argocd command if it is in the system path or the full path to run the argocd command.",
            "placeholder": ""
        }
    ],
    "properties": [],
    "processes": [
        {
            "name": "Sync And Get Status",
            "description": "Perform app-sync and app-get steps, then check the HealthStatus output property for the application",
            "defaultWorkingDir": "${p:resource\/work.dir}\/${p:component.name}",
            "takesVersion": false,
            "status": "",
            "active": true,
            "path": "componentTemplates\/18a2d2b8-1c30-b3e8-b6f6-33944e3e124a\/processes\/18abe008-0c73-4bd3-e9bd-33ecad701270",
            "deleted": false,
            "propDefs": [],
            "rootActivity": {
                "edges": [
                    {
                        "to": "App Rollback",
                        "from": "Check Health Status",
                        "type": "VALUE",
                        "value": ""
                    },
                    {
                        "to": "Check Health Status",
                        "from": "App Get",
                        "type": "SUCCESS",
                        "value": ""
                    },
                    {
                        "to": "eb9f4e3703811a90a091bad3f3f8c7",
                        "from": "Check Health Status",
                        "type": "VALUE",
                        "value": "Healthy"
                    },
                    {
                        "to": "App Get",
                        "from": "App Sync",
                        "type": "SUCCESS",
                        "value": ""
                    },
                    {
                        "to": "Login",
                        "type": "ALWAYS",
                        "value": ""
                    },
                    {
                        "to": "App Sync",
                        "from": "Login",
                        "type": "SUCCESS",
                        "value": ""
                    },
                    {
                        "to": "eb9f4e3703811a90a091bad3f3f8c7",
                        "from": "App Rollback",
                        "type": "SUCCESS",
                        "value": ""
                    }
                ],
                "offsets": [
                    {
                        "name": "App Rollback",
                        "x": 1.0610402878637757,
                        "y": 610,
                        "h": 70,
                        "w": 220
                    },
                    {
                        "name": "eb9f4e3703811a90a091bad3f3f8c7",
                        "x": -18.938959712136224,
                        "y": 730,
                        "h": 80,
                        "w": 120
                    },
                    {
                        "name": "Login",
                        "x": -30,
                        "y": 130,
                        "h": 70,
                        "w": 170
                    },
                    {
                        "name": "Check Health Status",
                        "x": -100.87045903577256,
                        "y": 490,
                        "h": 70,
                        "w": 290
                    },
                    {
                        "name": "App Get",
                        "x": -41.22413913172714,
                        "y": 370,
                        "h": 70,
                        "w": 180
                    },
                    {
                        "name": "App Sync",
                        "x": -43.112069565863564,
                        "y": 250,
                        "h": 70,
                        "w": 190
                    }
                ],
                "layoutMode": "auto",
                "type": "graph",
                "name": "6d7c5180-108b-4cbe-9244-f039319e6a70",
                "children": [
                    {
                        "type": "finish",
                        "name": "eb9f4e3703811a90a091bad3f3f8c7",
                        "children": []
                    },
                    {
                        "allowFailure": false,
                        "useImpersonation": false,
                        "showHidden": true,
                        "impersonationUseSudo": false,
                        "pluginVersion": 1,
                        "commandName": "Login",
                        "pluginName": "Argo CD",
                        "pluginId": "com.urbancode.air.plugin.argocd",
                        "authTokenRestriction": "20000001-0001-0001-0001-000000000000",
                        "properties": {
                            "server": "${p:argocd.server}",
                            "userName": "${p:argocd.user}",
                            "password": "${p:argocd.password}",
                            "flags": "${p?:argocd.global.flags}",
                            "cmdpath": "${p?:argocd.cmd.path}",
                            "loggerLevel": "${p?:log4jLevel}"
                        },
                        "cachedAuthTokenRestriction": {
                            "name": "System Default",
                            "description": "Used by default for any plugin steps without a specified token restriction",
                            "restrictions": [{
                                "verb": "ALL",
                                "url": "\/*"
                            }]
                        },
                        "type": "plugin",
                        "name": "Login",
                        "children": []
                    },
                    {
                        "allowFailure": false,
                        "useImpersonation": false,
                        "showHidden": true,
                        "impersonationUseSudo": false,
                        "pluginVersion": 1,
                        "commandName": "App Get",
                        "pluginName": "Argo CD",
                        "pluginId": "com.urbancode.air.plugin.argocd",
                        "authTokenRestriction": "20000001-0001-0001-0001-000000000000",
                        "properties": {
                            "application": "${p:argocd.application.name}",
                            "flags": "${p?:argocd.global.flags}\n",
                            "cmdpath": "${p?:argocd.cmd.path}",
                            "waitonhealth": "false",
                            "waitonhealthtimeout": "300",
                            "loggerLevel": "${p?:log4jLevel}"
                        },
                        "cachedAuthTokenRestriction": {
                            "name": "System Default",
                            "description": "Used by default for any plugin steps without a specified token restriction",
                            "restrictions": [{
                                "verb": "ALL",
                                "url": "\/*"
                            }]
                        },
                        "type": "plugin",
                        "name": "App Get",
                        "children": []
                    },
                    {
                        "allowFailure": false,
                        "useImpersonation": false,
                        "showHidden": true,
                        "impersonationUseSudo": false,
                        "pluginVersion": 1,
                        "commandName": "App Sync",
                        "pluginName": "Argo CD",
                        "pluginId": "com.urbancode.air.plugin.argocd",
                        "authTokenRestriction": "20000001-0001-0001-0001-000000000000",
                        "properties": {
                            "application": "${p:argocd.application.name}",
                            "flags": "${p?:argocd.global.flags}\n",
                            "cmdpath": "${p?:argocd.cmd.path}",
                            "loggerLevel": "${p?:log4jLevel}",
                            "componentTemplate": "Docker Template",
                            "deleteMissingInventory": "false",
                            "authToken": "",
                            "resource": "${p?:resource.id}",
                            "resourcePath": "${p?:resource.path}",
                            "deployapplication": "${p?:application.id}",
                            "version": "${p?:version.name}",
                            "sourceConfigType": "Docker",
                            "environmentName": "${p?:environment.name}",
                            "environment": "${p?:environment.id}",
                            "componentProcessRequest": "${p?:request.id}",
                            "applicationProcessRequest": "${p?:parentRequest.id}"
                        },
                        "cachedAuthTokenRestriction": {
                            "name": "System Default",
                            "description": "Used by default for any plugin steps without a specified token restriction",
                            "restrictions": [{
                                "verb": "ALL",
                                "url": "\/*"
                            }]
                        },
                        "type": "plugin",
                        "name": "App Sync",
                        "children": []
                    },
                    {
                        "allowFailure": false,
                        "useImpersonation": false,
                        "showHidden": true,
                        "impersonationUseSudo": false,
                        "pluginVersion": 1,
                        "commandName": "App Rollback",
                        "pluginName": "Argo CD",
                        "pluginId": "com.urbancode.air.plugin.argocd",
                        "authTokenRestriction": "20000001-0001-0001-0001-000000000000",
                        "properties": {
                            "application": "${p:argocd.application.name}",
                            "id": "",
                            "flags": "${p?:argocd.global.flags}",
                            "cmdpath": "${p?:argocd.cmd.path}",
                            "loggerLevel": "${p?:log4jLevel}"
                        },
                        "cachedAuthTokenRestriction": {
                            "name": "System Default",
                            "description": "Used by default for any plugin steps without a specified token restriction",
                            "restrictions": [{
                                "verb": "ALL",
                                "url": "\/*"
                            }]
                        },
                        "type": "plugin",
                        "name": "App Rollback",
                        "children": []
                    },
                    {
                        "propertyName": "App Get\/HealthStatus",
                        "type": "switch",
                        "name": "Check Health Status",
                        "children": []
                    }
                ]
            }
        },
        {
            "name": "Sync And Run Tests",
            "description": "Perform an app-sync and then run tests on the application",
            "defaultWorkingDir": "${p:resource\/work.dir}\/${p:component.name}",
            "takesVersion": false,
            "status": "",
            "active": true,
            "path": "componentTemplates\/18a2d2b8-1c30-b3e8-b6f6-33944e3e124a\/processes\/18a2d2db-86ce-ed16-f29a-f6271bbfbe6a",
            "deleted": false,
            "propDefs": [],
            "rootActivity": {
                "edges": [
                    {
                        "to": "eb9f4e3703811a90a091bad3f3f8c7",
                        "from": "Run tests",
                        "type": "SUCCESS",
                        "value": ""
                    },
                    {
                        "to": "App Sync",
                        "from": "Login",
                        "type": "SUCCESS",
                        "value": ""
                    },
                    {
                        "to": "eb9f4e3703811a90a091bad3f3f8c7",
                        "from": "App Rollback",
                        "type": "SUCCESS",
                        "value": ""
                    },
                    {
                        "to": "Login",
                        "type": "ALWAYS",
                        "value": ""
                    },
                    {
                        "to": "Run tests",
                        "from": "App Sync",
                        "type": "SUCCESS",
                        "value": ""
                    },
                    {
                        "to": "App Rollback",
                        "from": "Run tests",
                        "type": "FAILURE",
                        "value": ""
                    }
                ],
                "offsets": [
                    {
                        "name": "Login",
                        "x": -30,
                        "y": 130,
                        "h": 70,
                        "w": 170
                    },
                    {
                        "name": "App Sync",
                        "x": -41.700019576240294,
                        "y": 250,
                        "h": 70,
                        "w": 190
                    },
                    {
                        "name": "Run tests",
                        "x": -35.10005872872087,
                        "y": 370,
                        "h": 70,
                        "w": 170
                    },
                    {
                        "name": "App Rollback",
                        "x": 7.441093453254808,
                        "y": 490,
                        "h": 70,
                        "w": 220
                    },
                    {
                        "name": "eb9f4e3703811a90a091bad3f3f8c7",
                        "x": -12.558906546745192,
                        "y": 610,
                        "h": 80,
                        "w": 120
                    }
                ],
                "layoutMode": "auto",
                "type": "graph",
                "name": "a3a5a974-ef97-4f3f-8cab-055757211bef",
                "children": [
                    {
                        "type": "finish",
                        "name": "eb9f4e3703811a90a091bad3f3f8c7",
                        "children": []
                    },
                    {
                        "allowFailure": false,
                        "useImpersonation": false,
                        "showHidden": true,
                        "impersonationUseSudo": false,
                        "pluginVersion": 1,
                        "commandName": "Login",
                        "pluginName": "Argo CD",
                        "pluginId": "com.urbancode.air.plugin.argocd",
                        "authTokenRestriction": "20000001-0001-0001-0001-000000000000",
                        "properties": {
                            "server": "${p:argocd.server}",
                            "userName": "${p:argocd.user}",
                            "password": "${p:argocd.password}",
                            "flags": "${p?:argocd.global.flags}",
                            "cmdpath": "${p?:argocd.cmd.path}",
                            "loggerLevel": "${p?:log4jLevel}"
                        },
                        "cachedAuthTokenRestriction": {
                            "name": "System Default",
                            "description": "Used by default for any plugin steps without a specified token restriction",
                            "restrictions": [{
                                "verb": "ALL",
                                "url": "\/*"
                            }]
                        },
                        "type": "plugin",
                        "name": "Login",
                        "children": []
                    },
                    {
                        "allowFailure": false,
                        "useImpersonation": false,
                        "showHidden": true,
                        "impersonationUseSudo": false,
                        "pluginVersion": 1,
                        "commandName": "App Sync",
                        "pluginName": "Argo CD",
                        "pluginId": "com.urbancode.air.plugin.argocd",
                        "authTokenRestriction": "20000001-0001-0001-0001-000000000000",
                        "properties": {
                            "application": "${p:argocd.application.name}",
                            "flags": "${p?:argocd.global.flags}\n",
                            "cmdpath": "${p?:argocd.cmd.path}",
                            "loggerLevel": "${p?:log4jLevel}",
                            "componentTemplate": "Docker Template",
                            "deleteMissingInventory": "false",
                            "authToken": "",
                            "resource": "${p?:resource.id}",
                            "resourcePath": "${p?:resource.path}",
                            "deployapplication": "${p?:application.id}",
                            "version": "${p?:version.name}",
                            "sourceConfigType": "Docker",
                            "environmentName": "${p?:environment.name}",
                            "environment": "${p?:environment.id}",
                            "componentProcessRequest": "${p?:request.id}",
                            "applicationProcessRequest": "${p?:parentRequest.id}"
                        },
                        "cachedAuthTokenRestriction": {
                            "name": "System Default",
                            "description": "Used by default for any plugin steps without a specified token restriction",
                            "restrictions": [{
                                "verb": "ALL",
                                "url": "\/*"
                            }]
                        },
                        "type": "plugin",
                        "name": "App Sync",
                        "children": []
                    },
                    {
                        "allowFailure": false,
                        "useImpersonation": false,
                        "showHidden": true,
                        "impersonationUseSudo": false,
                        "pluginVersion": 1,
                        "commandName": "App Rollback",
                        "pluginName": "Argo CD",
                        "pluginId": "com.urbancode.air.plugin.argocd",
                        "authTokenRestriction": "20000001-0001-0001-0001-000000000000",
                        "properties": {
                            "application": "${p:argocd.application.name}",
                            "id": "",
                            "flags": "${p?:argocd.global.flags}",
                            "cmdpath": "${p?:argocd.cmd.path}",
                            "loggerLevel": "${p?:log4jLevel}"
                        },
                        "cachedAuthTokenRestriction": {
                            "name": "System Default",
                            "description": "Used by default for any plugin steps without a specified token restriction",
                            "restrictions": [{
                                "verb": "ALL",
                                "url": "\/*"
                            }]
                        },
                        "type": "plugin",
                        "name": "App Rollback",
                        "children": []
                    },
                    {
                        "allowFailure": false,
                        "useImpersonation": false,
                        "showHidden": false,
                        "impersonationUseSudo": false,
                        "pluginVersion": 17,
                        "commandName": "Shell",
                        "pluginName": "Shell",
                        "pluginId": "com.urbancode.air.plugin.Shell",
                        "authTokenRestriction": "20000001-0001-0001-0001-000000000000",
                        "properties": {
                            "directoryOffset": ".",
                            "shellInterpreter": "",
                            "scriptBody": "#!\/bin\/bash\n\n# Run tests to verify application sync\/deployment\necho \"Tests passed\"\nsleep 10\nexit 0",
                            "runAsDaemon": "false",
                            "outputFile": ""
                        },
                        "cachedAuthTokenRestriction": {
                            "name": "System Default",
                            "description": "Used by default for any plugin steps without a specified token restriction",
                            "restrictions": [{
                                "verb": "ALL",
                                "url": "\/*"
                            }]
                        },
                        "type": "plugin",
                        "name": "Run tests",
                        "children": []
                    }
                ]
            }
        }
    ],
    "genericProcesses": [],
    "teamMappings": []
}
