<?xml version="1.0" encoding="UTF-8"?>
<plugin-upgrade
  xmlns="http://www.urbancode.com/UpgradeXMLSchema_v1"
  xmlns:xsi="http://www.w3.org/2001/XMLSchema-instance">

  <migrate to-version="3">
    <migrate-command name="Export Biztalk Application" />
    <migrate-command name="Export Biztalk Application Bindings" />
    <migrate-command name="Install or Upgrade Biztalk Application" />
    <migrate-command name="Remove Biztalk Application" />
    <migrate-command name="Uninstall Biztalk Application" />
    <migrate-command name="Start Biztalk Application" />
    <migrate-command name="Stop Biztalk Application" />
  </migrate>

  <migrate to-version="4">
    <migrate-command name="Export Biztalk Application" />
    <migrate-command name="Export Biztalk Application Bindings" />
    <migrate-command old="Install or Upgrade Biztalk Application" name="Import or Upgrade Biztalk Application"/>
    <migrate-command name="Remove Biztalk Application" />
    <migrate-command name="Uninstall Biztalk Application" />
    <migrate-command name="Start Biztalk Application" />
    <migrate-command name="Stop Biztalk Application" />
  </migrate>

  <migrate to-version="5">
    <migrate-command name="Export Biztalk Application" />
    <migrate-command name="Export Biztalk Application Bindings" />
    <migrate-command name="Import or Upgrade Biztalk Application">
      <migrate-properties>
        <migrate-property name="btDbServer" />
      </migrate-properties>
    </migrate-command>
    <migrate-command name="Remove Biztalk Application">
      <migrate-properties>
        <migrate-property old="btServer" name="btDbServer" />
      </migrate-properties>
    </migrate-command>
    <migrate-command name="Uninstall Biztalk Application" />
    <migrate-command name="Start Biztalk Application">
      <migrate-properties>
        <migrate-property name="btDbServer" />
      </migrate-properties>
    </migrate-command>
    <migrate-command name="Stop Biztalk Application">
      <migrate-properties>
        <migrate-property name="btDbServer" />
      </migrate-properties>
    </migrate-command>
  </migrate>

</plugin-upgrade>
