<?xml version="1.0" encoding="UTF-8"?>
<!--
- Licensed Materials - Property of IBM Corp.
- IBM UrbanCode Build
- IBM UrbanCode Deploy
- IBM UrbanCode Release
- IBM AnthillPro
- (c) Copyright IBM Corporation 2002, 2013. All Rights Reserved.
-
- U.S. Government Users Restricted Rights - Use, duplication or disclosure restricted by
- GSA ADP Schedule Contract with IBM Corp.
-->
<pluginInfo>
  <author>
    <name>UrbanCode</name>
    <email></email>
    <website>http://urbancode.com</website>
  </author>
  <licenses>
    <license></license>
  </licenses>
  <integrationType>Deploy</integrationType>
  <categories>
    <category>database</category>
   <category>Microsoft</category>
  </categories>
  <versions>
    <version name="3">
	  <releaseNote>
The Microsoft SQL Server SQLCmd plugin is an automation based plugin. It is executed as part of the deployment to help manage DB changes to Microsoft SQL Server using the SQLCMD executable.</releaseNote>
    </version>
  </versions>
</pluginInfo>