<?xml version="1.0" encoding="UTF-8"?>
<!--
- Licensed Materials - Property of IBM Corp.
- IBM UrbanCode Build
- IBM UrbanCode Deploy
- IBM UrbanCode Release
- IBM AnthillPro
- (c) Copyright IBM Corporation 2002, 2013. All Rights Reserved.
-
- U.S. Government Users Restricted Rights - Use, duplication or disclosure restricted by
- GSA ADP Schedule Contract with IBM Corp.
-->
<plugin-upgrade
  xmlns="http://www.urbancode.com/UpgradeXMLSchema_v1"
  xmlns:xsi="http://www.w3.org/2001/XMLSchema-instance">

  <migrate to-version="3">
    <migrate-command name="Export Biztalk Application" />
    <migrate-command name="Export Biztalk Application Bindings" />
    <migrate-command name="Install or Upgrade Biztalk Application" />
    <migrate-command name="Remove Biztalk Application" />
    <migrate-command name="Uninstall Biztalk Application" />
    <migrate-command name="Start Biztalk Application" />
    <migrate-command name="Stop Biztalk Application" />
  </migrate>

  <migrate to-version="4">
    <migrate-command name="Export Biztalk Application" />
    <migrate-command name="Export Biztalk Application Bindings" />
    <migrate-command old="Install or Upgrade Biztalk Application" name="Import or Upgrade Biztalk Application"/>
    <migrate-command name="Remove Biztalk Application" />
    <migrate-command name="Uninstall Biztalk Application" />
    <migrate-command name="Start Biztalk Application" />
    <migrate-command name="Stop Biztalk Application" />
  </migrate>

  <migrate to-version="5">
    <migrate-command name="Export Biztalk Application" />
    <migrate-command name="Export Biztalk Application Bindings" />
    <migrate-command name="Import or Upgrade Biztalk Application">
      <migrate-properties>
        <migrate-property name="btDbServer" />
      </migrate-properties>
    </migrate-command>
    <migrate-command name="Remove Biztalk Application">
      <migrate-properties>
        <migrate-property old="btServer" name="btDbServer" />
      </migrate-properties>
    </migrate-command>
    <migrate-command name="Uninstall Biztalk Application" />
    <migrate-command name="Start Biztalk Application">
      <migrate-properties>
        <migrate-property name="btDbServer" />
      </migrate-properties>
    </migrate-command>
    <migrate-command name="Stop Biztalk Application">
      <migrate-properties>
        <migrate-property name="btDbServer" />
      </migrate-properties>
    </migrate-command>
  </migrate>

  <migrate to-version="6">
    <migrate-command name="Export BizTalk Application" old="Export Biztalk Application" />
    <migrate-command name="Export BizTalk Application Bindings" old="Export Biztalk Application Bindings" />
    <migrate-command name="Import or Upgrade BizTalk Application" old="Import or Upgrade Biztalk Application" />
    <migrate-command name="Restart BizTalk Host" old="Restart BizTalk host" />
    <migrate-command name="Remove BizTalk Application" old="Remove Biztalk Application" />
    <migrate-command name="Uninstall BizTalk Application" old="Uninstall Biztalk Application" />
    <migrate-command name="Start BizTalk Application" old="Start Biztalk Application" />
    <migrate-command name="Stop BizTalk Application" old="Stop Biztalk Application" />
  </migrate>

</plugin-upgrade>
