<?xml version="1.0" encoding="UTF-8"?>
<!--
- Licensed Materials - Property of IBM Corp.
- IBM UrbanCode Deploy
- (c) Copyright IBM Corporation 2011, 2016. All Rights Reserved.
-
- U.S. Government Users Restricted Rights - Use, duplication or disclosure restricted by
- GSA ADP Schedule Contract with IBM Corp.
-->

<plugin-upgrade
        xmlns="http://www.urbancode.com/UpgradeXMLSchema_v1"
        xmlns:xsi="http://www.w3.org/2001/XMLSchema-instance">
        <migrate to-version="11">
        </migrate>

        <migrate to-version="12">
        </migrate>

        <migrate to-version="13">
        </migrate>

        <migrate to-version="14">
            <migrate-command name="Compose Up">
              <migrate-properties>
                <migrate-property name="envPropValues" default="${p?:envPropValues}"/>
              </migrate-properties>
            </migrate-command>
        </migrate>

        <migrate to-version="15">
            <migrate-command name="Compose Up">
              <migrate-properties>
                <migrate-property name="commandPath" default="docker-compose"/>
                <migrate-property name="saveScript" default="false"/>
              </migrate-properties>
            </migrate-command>
        </migrate>

        <migrate to-version="16">
        </migrate>

        <migrate to-version="17">
            <migrate-command name="Launch Docker Compose Application" old="Compose Up"/>
            <migrate-command name="Scale Docker Compose Application" old="Compose Scale">
              <migrate-properties>
                <migrate-property name="timeout" default=""/>
              </migrate-properties>
            </migrate-command>
        </migrate>

        <migrate to-version="18">
        </migrate>

        <migrate to-version="19">
        </migrate>

</plugin-upgrade>
