<?xml version="1.0" encoding="UTF-8" standalone="no"?>
<!--
- Licensed Materials - Property of IBM* and/or HCL**
- IBM UrbanCode Deploy
- (c) Copyright IBM Corporation 2011, 2017. All Rights Reserved.
- (c) Copyright HCL Technologies Ltd. 2018. All Rights Reserved.
-
- U.S. Government Users Restricted Rights - Use, duplication or disclosure restricted by
- GSA ADP Schedule Contract with IBM Corp.
-
- * Trademark of International Business Machines
- ** Trademark of HCL Technologies Limited
--><pluginInfo>
  <!-- Do not change the release-version, the build process injects it. -->
  <release-version>10.1164467</release-version>

  <author name="IBM UrbanCode">
    <organization>IBM UrbanCode</organization>
    <email>info@urbancode.com</email>
    <website>http://urbancode.com</website>
    <bio/>
  </author>

  <integration type="deploy"/>
  <release-notes>
    <!--
      The release-note should document the changes, improvements, or bug fixes introduced
      with the new plugin version

      The release-note may contain text

      For example your release note could be:
      Support for was added for version 10.0 for software X

      To add a new release note add this with a description in it of the changes:
      <release-note plugin-version="1">....</release-note>
    -->

    <release-note plugin-version="1">
Initial Release of DataStage Plugin
Steps Created:
Import Project - Note: Usage Analysis is currently disabled.
Export Project
DSX Import Service
List DSX File Contents
    </release-note>
    <release-note plugin-version="2">
First update to the DataStage Plugin
Steps Created:
Import ISX Project
Export ISX Project
    </release-note>

    <release-note plugin-version="3">
Support property file encryption.
    </release-note>

    <release-note plugin-version="4">
Fixed the following bugs with the Export and Import ISX Project steps:
    Fixes APAR PI76696 - Invalid spacing for additional arguments.
    The istool path is now used properly to run the istool script.
    Small updates to reading in .dsx, .xml, or .isx files.
    </release-note>

    <release-note plugin-version="5">
The following updates have been made to the Export and Import ISX Project steps:
    Fixes APAR PI79600 - Updated spacing and quotations.
    All properties are now trimmed.
    Updated success and error responses.
The following updates have been made to the Export ISX Project steps:
    Removed extraneous maxArchiveSize property.
    Updated how the archive file names are generated.
    Generated archive file names are saved as Output Properties.
    If the -nodesign flag is set, -includeexecutable will be set automatically.
    </release-note>

    <release-note plugin-version="6">
The following update has been made to the Export and Import DSX Project steps:
    RFE 94749 - Allow the user to enable the creation of a log file, to which the DataStage script output will be written.
    </release-note>

    <release-note plugin-version="7">
Fixes APAR PI8647 - Export ISX Project and Import ISX Project steps fail with Unknown Operation error.
    </release-note>

    <release-note plugin-version="8">
Fixes APAR PI99404 - Added options to configure the -qs and -qspa flags for the dscc command in the Compile Job or Routine step.
RFE 103645 - Added the Delete Assets step.
The Default value of the Abort After # Errors property in all istool steps will no longer cause errors.
The Export ISX Project will create archives with the timestamp instead of a random number.
    
    </release-note>
        <release-note plugin-version="9">
Fixes APAR PH02989 - Delete asset not working.
    </release-note>
    <release-note plugin-version="10">
Made correction for default values of few attributes
URBANCODE-I-486: Enhancing plugin to handle false import error from DataStage.
    </release-note>
  </release-notes>   
</pluginInfo>
