<?xml version="1.0" encoding="UTF-8" standalone="no"?>
<!--
- Licensed Materials - Property of IBM Corp.
- IBM UrbanCode Deploy
- (c) Copyright IBM Corporation 2011, 2016. All Rights Reserved.
-
- U.S. Government Users Restricted Rights - Use, duplication or disclosure restricted by
- GSA ADP Schedule Contract with IBM Corp.
--><pluginInfo>
  <!-- Do not change the release-version, the build process injects it. -->
  <release-version>6.1103420</release-version>

  <release-notes>
    <!--
      The release-note should document the changes, improvements, or bug fixes introduced
      with the new plugin version

      The release-note may contain text

      For example your release note could be:
      Support for was added for version 10.0 for software X

      To add a new release note add this with a description in it of the changes:
      <release-note plugin-version="1">....</release-note>
    -->

    <release-note plugin-version="1">
Initial Cloud Foundry Containers integration
    </release-note>
    <release-note plugin-version="2">
Added create group, remove group, and update group steps
Improved error logging for acquiring command output
    </release-note>
    <release-note plugin-version="3">
Added ability to autodiscover Bluemix Registries
    </release-note>
    <release-note plugin-version="4">
"Unbind IP Address" step now calls the correct groovy script.
Support property file encryption.
    </release-note>
    <release-note plugin-version="5">
Added login failure error message from "cf ic login..." command to help users resolve the issue.
Previously, the error from the failed login attempt was ignored.
    </release-note>
    <release-note plugin-version="6">
        Fixing CVE:CVE-2019-4233
    </release-note>


  </release-notes>
</pluginInfo>
