<?xml version="1.0" encoding="UTF-8"?>
<pluginInfo>
  
  <author name="UrbanCode">
    <organization>IBM</organization>
  </author>
  
  <integration type="Automation"/>
  
  
  <!-- 
  **source is NOT required**
  
  The source section identifies the location of the plugin source code
  For example 
  https://github.com/...
  -->
  <!--
  <source url=""/>
  -->
  <!-- 
  **license type is NOT required**
  
  If your plugin uses any licensed software please acknowledge it by 
  listing the license type below  
  -->
  <!--
  <licenses>
    <license type=""/>
  </licenses>
  -->
  
  <tool-description>Chef automation</tool-description>
  
  <meta-html>
    <meta content="" name="description"/>
    <meta content="" name="keywords"/>  
  </meta-html>
    
  <!-- Do not change the release-version, the build process injects it. -->
  <release-version>1.455055</release-version>  
    
  <release-notes>
	  <release-note plugin-version="">

	  </release-note>
    
  </release-notes>
</pluginInfo>
