<?xml version="1.0" encoding="UTF-8"?>
<!--
- Licensed Materials - Property of IBM Corp.
- IBM UrbanCode Build
- IBM UrbanCode Deploy
- IBM UrbanCode Release
- IBM AnthillPro
- (c) Copyright IBM Corporation 2002, 2013. All Rights Reserved.
-
- U.S. Government Users Restricted Rights - Use, duplication or disclosure restricted by
- GSA ADP Schedule Contract with IBM Corp.
-->
<plugin-upgrade
        xmlns="http://www.urbancode.com/UpgradeXMLSchema_v1"
        xmlns:xsi="http://www.w3.org/2001/XMLSchema-instance">
  
  <migrate to-version="2">
    <migrate-command name="Deploy Application">
    </migrate-command>
    <migrate-command name="Undeploy Application">
    </migrate-command>
    <migrate-command name="Start Application">
    </migrate-command>
    <migrate-command name="Stop Application">
    </migrate-command>
    <migrate-command name="Start Tomcat">
    </migrate-command>
    <migrate-command name="Stop Tomcat">
    </migrate-command>
  </migrate>
  <migrate to-version="3">
    <migrate-command name="Deploy Application">
    </migrate-command>
    <migrate-command name="Undeploy Application">
    </migrate-command>
    <migrate-command name="Start Application">
    </migrate-command>
    <migrate-command name="Stop Application">
    </migrate-command>
    <migrate-command name="Start Tomcat">
    </migrate-command>
    <migrate-command name="Stop Tomcat">
    </migrate-command>
  </migrate>
  <migrate to-version="4">
    <migrate-command name="Deploy Application">
    </migrate-command>
    <migrate-command name="Undeploy Application">
    </migrate-command>
    <migrate-command name="Start Application">
    </migrate-command>
    <migrate-command name="Stop Application">
    </migrate-command>
    <migrate-command name="Start Tomcat">
       <migrate-properties>
         <migrate-property name="catalinaBase" default=""/>
       </migrate-properties>
    </migrate-command>
    <migrate-command name="Stop Tomcat">
       <migrate-properties>
         <migrate-property name="catalinaBase" default=""/>
       </migrate-properties>
    </migrate-command>
  </migrate>
</plugin-upgrade>
