<?xml version="1.0" encoding="UTF-8" standalone="no"?>
<!--
- Licensed Materials - Property of IBM* and/or HCL**
- UrbanCode Deploy
- UrbanCode Build
- UrbanCode Release
- AnthillPro
- (c) Copyright IBM Corporation 2011, 2017. All Rights Reserved.
- (c) Copyright HCL Technologies Ltd. 2018. All Rights Reserved.
-
- U.S. Government Users Restricted Rights - Use, duplication or disclosure restricted by
- GSA ADP Schedule Contract with IBM Corp.
-
- * Trademark of International Business Machines
- ** Trademark of HCL Technologies Limited
-->
<plugin-upgrade xmlns="http://www.urbancode.com/UpgradeXMLSchema_v1" xmlns:xsi="http://www.w3.org/2001/XMLSchema-instance">
    <migrate to-version="2">
        <migrate-command name="Run Groovy Script">
            <migrate-properties>
                <migrate-property default="${GROOVY_HOME}" name="groovyHome"/>
            </migrate-properties>
        </migrate-command>
    </migrate>

    <migrate to-version="3"/>

    <migrate to-version="4"/>

    <migrate to-version="5"/>

    <migrate to-version="6"/>

    <migrate to-version="7"/>

    <migrate to-version="8"/>

    <migrate to-version="9"/>

    <migrate to-version="10"/>
    
    <migrate to-version="11"/>
    
    <migrate to-version="12">
        <migrate-command name="Run Groovy Script">
            <migrate-properties>
                <migrate-property name="classPaths"/>
            </migrate-properties>
        </migrate-command>
    </migrate>

    <migrate to-version="13"/>
  <migrate to-version="14"/>
  <migrate to-version="15"/>
  <migrate to-version="16"/>
</plugin-upgrade>
