<?xml version="1.0" encoding="UTF-8"?>

<!-- 
====================================================================== 
Licensed Materials - Property of IBM Corp. 
IBM Rational Automation Framework 
(c) Copyright IBM Corporation 2003, 2012. All Rights Reserved.   

U.S. Government Users Restricted Rights - Use, duplication or disclosure restricted by 
GSA ADP Schedule Contract with IBM Corp. 


File name: configure_wve_common_base_server.xml

Common configure actions available at the server scope shared by WVE, WAS 8.5 and higher version
====================================================================== 
-->

<project default="default" basedir=".">
	<description>
		Contains configuration tasks for WVE
	</description>

	<!-- import custom targets  -->
	<import file="${RAFW_HOME}/user/actions/configure/wve/common/base/server/custom_configure_wve_common_base_server.xml" />

	<!-- Import wve common all-scope configure targets  -->
	<import file="${RAFW_HOME}/product/actions/configure/wve/common/configure_wve_common.xml" />

	<!-- Import wve common server scope configure targets  -->
	<import file="${RAFW_HOME}/product/actions/configure/wve/common/base/server/configure_wve_common_base_server_private.xml" />

	<rafwaction name="wve_common_configure_create_odr_server">
		<inherit name="wve_common_configure_create_odr_server_private" />
	</rafwaction>
	<target name="wve_common_configure_create_odr_server"
	        depends="wve_common_configure_create_odr_server_private"
	        description="Creates ODR server.">
	</target>
	
	<rafwaction name="wve_common_configure_odr_routing_rules">
		<inherit name="wve_common_configure_odr_routing_rules_private" />
	</rafwaction>
	<target name="wve_common_configure_odr_routing_rules"
	        depends="wve_common_configure_odr_routing_rules_private"
	        description="Manages WVE ODR Routing policy">
	</target>
</project>
