<?xml version="1.0" encoding="UTF-8" standalone="no"?>
<!-- - Licensed Materials - Property of IBM* and/or HCL** - UrbanCode Deploy 
	- UrbanCode Build - UrbanCode Release - AnthillPro - (c) Copyright IBM Corporation 
	2011, 2017. All Rights Reserved. - (c) Copyright HCL Technologies Ltd. 2020. 
	All Rights Reserved. - - U.S. Government Users Restricted Rights - Use, duplication 
	or disclosure restricted by - GSA ADP Schedule Contract with IBM Corp. - 
	- * Trademark of International Business Machines - ** Trademark of HCL Technologies 
	Limited --><pluginInfo>
	<!-- **author name IS required** The Author Section is used to give credit 
		to the author of the plugin. Name is the only required element/attribute, 
		but feel free to also include your email, website or bio to allow users of 
		your plugin to praise your work, ask questions or share their use case to 
		help grow your plugin's functionality. -->

	<author name="UrbanCode">
		<organization>UrbanCode</organization>
		<email>info@urbancode.com</email>
		<website>http://urbancode.com</website>
		<bio/>
	</author>

	<!-- **intergration type IS Required** The integration type section identifies 
		where the plugin fits into the process excepted types are SCM, Build, Artifact, 
		Automation, Deploy For example: The plugin pulls Artifacts from an artifact 
		repository during deployment the Type would be "Artifact" or The plugin deploys 
		to a middleware server the Type would be "Deploy" -->

	<integration type="Automation"/>


	<!-- **source is NOT required** The source section identifies the location 
		of the plugin source code For example https://github.com/... -->

	<source url=""/>

	<!-- **license type is NOT required** If your plugin uses any licensed software 
		please acknowledge it by listing the license type below -->

	<licenses>
		<license type=""/>
	</licenses>

	<!-- **tool-description IS required** The tool-description section is used 
		to summarize the software the plugin was created to integrate with. For example: 
		Apache Ant is a software tool to automate software processes during the build 
		or deployment of an application. Ant uses an propitiatory XML file to define 
		build and/or deployment steps(referred to as targets by ant) . The Ant executable 
		is called to execute the targets in the build.xml. -->

	<tool-description>
		Developed by UrbanCode, for z/OS.
	</tool-description>

	<release-version>1.1100685</release-version>


	<release-notes>
		<release-note plugin-version="1">
			For FTP/SFTP artifacts from another zOS LPAR HFS codestation
		</release-note>
	</release-notes>
</pluginInfo>
