<!--
    Licensed Materials - Property of IBM
    (c) Copyright IBM Corporation 2013. All Rights Reserved.
   
    Note to U.S. Government Users Restricted Rights:  
    Use, duplication or disclosure restricted by GSA ADP Schedule 
    Contract with IBM Corp. 
 -->
<project name="deploy" default="main" basedir="." xmlns:ac="antlib:net.sf.antcontrib">

	<!-- Main script to execute Deploy and Rollback operations -->
	
	<!-- Usage: -->
	<!--   * Default (blanks) in the Deploy Definition's Ant Build Target field will perform a Deploy operation. -->
	<!--   * Specify "deployMain" (without quotes) in the Deploy Definition's Ant Build Target field to just perform the Deploy operation on an already-loaded package. -->
	<!--   * Specify "rollbackMain" (without quotes) in the Deploy Definition's Ant Build Target field to perform the Rollback operation. -->

	<!-- predefined properties-->
	<property name="TRACE" value="false" />
	<property name="isZOSFileSystem" location="true" />
	<property name="deploy.deployBackupFilename" value="backup.zip" />
	<property name="deploy.deployRollbackManifestFilename" value="rollbackManifest.xml" />
	<property name="deploy.deployDeltaFilename" value="deltaDeployed.xml" />
	<property name="deploy.packageFilename" value="package.zip" />
	<property name="deploy.packageManifestFilename" value="packageManifest.xml" />
	<property name="deploy.containerMapperFilename" value="containerMapper.xml" />
	<property name="deploy.defaultDSListFile" value="defaultDSListFile" />

	<!-- properties from env passed from plug-in UI-->
	<!--The zOS script to run deploy -->
	<!--<property name="team.deploy.zos.script" value=".\\echo.bat"/>-->
	<!-- root directory of deployment results and backup files, can be defined in Resource or Application -->
	<!--<property name="deploy.rootPath" value="c:/temp/ucddeploytest" />-->
	<!-- Name of the UCD Component -->
	<!--<property name="deploy.componentName" value="TestComponent"/>-->
	<!-- Name of the UCD Component Version -->
	<!--<property name="deploy.versionName" value="v1"/>-->
	<!-- The absolute path the the working directory -->
	<!--<property name="deploy.workDirectory" value="."/>-->

	<target name="main" description="The main target" depends="init, deployMain">
	</target>

	<target name="init" depends="initCommon, zosInit">
	</target>

	<target name="initCommon">
		<property name="MSG_ERROR_0" value="The package failed to load." />
		<property name="MSG_ERROR_1" value="Property team.deploy.common.filesystem must be set to a non-empty value." />
		<property name="MSG_ERROR_2" value="Property team.deploy.common.localPackageRoot.dir must be set to a non-empty value." />
		<property name="MSG_ERROR_3" value="Property team.deploy.common.remotePackageRoot.dir must be set to a non-empty value." />
		<property name="MSG_ERROR_4" value="{0}/deltaDeployed.xml was not found and cannot be published." />
		<property name="MSG_ERROR_5" value="{0}/{1}/cumulativeDeployed.xml was not found and cannot be published." />
		<property name="MSG_ERROR_6" value="{0}/{1}/rollbackArchive/rollbackManifest.xml was not found and cannot be published." />
		<property name="MSG_ERROR_7" value="Property team.deploy.luw.runtimeRoot.dir must be set to a non-empty value." />
		<property name="MSG_ERROR_8" value="{0}/{1}/{2}/cumulativeDeployed.xml was not found and cannot be published." />
		<property name="MSG_ERROR_9" value="{0}/{1}/{2}/rollbackArchive/rollbackManifest.xml was not found and cannot be published." />
		<property name="MSG_ERROR_10" value="Data set access check failed." />
		<property name="MSG_ERROR_11" value="The backup failed to complete. Look at the CDATA section in previous messages for the failure reason. Check for REASON-CODE entries if they exist." />
		<property name="MSG_ERROR_12" value="The deployment failed to complete. Look at the CDATA section in previous messages for the failure reason. Check for REASON-CODE entries if they exist." />
		<property name="MSG_ERROR_13" value="The rollback failed to complete. Look at the CDATA section in previous messages for the failure reason. Check for REASON-CODE entries if they exist." />

		<property name="deploy.toolkit.version" value="4.0.1">
		</property>

		<!-- validated required properties -->
		<condition property="propertySet">
			<and>
				<isset property="deploy.rootPath">
				</isset>
				<length string="${deploy.rootPath}" trim="true" when="greater" length="0">
				</length>
			</and>
		</condition>

		<fail message="${MSG_ERROR_1}" unless="propertySet">
		</fail>

		<!-- calculate properties -->
		<property name="deploy.deployPath" value="${deploy.rootPath}/deploy/${deploy.componentName}/${deploy.versionName}" />

	</target>

	<target name="zosInit" if="isZOSFileSystem">
		<ant antfile="zosdeploy.xml" target="init" inheritAll="true" inheritRefs="true" />
	</target>

	<!-- The main deploy target -->
	<target name="deployMain" depends="init, preDeploy, deploy, postDeploy">
	</target>

	<!-- The pre deploy target which calls the pre deploy targets in the individual platform scripts -->
	<target name="preDeploy" depends="preDeployCommon, preZOSDeploy">
	</target>

	<target name="preDeployCommon">
		<mkdir dir="${deploy.deployPath}">
		</mkdir>
	</target>

	<target name="preZOSDeploy" if="isZOSFileSystem">
	</target>

	<!-- The deploy target which calls the deploy targets in the individual platform scripts -->
	<target name="deploy" depends="deployCommon, zosDeploy">
	</target>

	<target name="deployCommon">
	</target>

	<target name="zosDeploy" if="isZOSFileSystem">
		<ant antfile="zosdeploy.xml" target="deploy" inheritAll="true" inheritRefs="true" />
	</target>

	<!-- The post deploy target which calls the post deploy targets in the individual platform scripts -->
	<target name="postDeploy" depends="printOutResult, postDeployCommon, postZOSDeploy">
	</target>
	
	<!-- Print out the deploy delta result data -->
	<target name="printOutResult">
		<loadfile srcfile="${deploy.workDirectory}/${deploy.deployDeltaFilename}" property="deltaDataResult" encoding="IBM-1047" />
		<echo message="${deltaDataResult}"></echo>
	</target>
	
	<target name="postDeployCommon" depends="checkBackUpExist, backUpRollbackFile, backUpRollbackManifestFile,backUpDsListFile">
		<!-- copy package.zip to deploy path -->
		<copy verbose="true" file="${deploy.workDirectory}/${deploy.packageFilename}" tofile="${deploy.deployPath}/${deploy.packageFilename}" overwrite="true" ></copy>
		<!-- copy packageManifest.xml to deploy path, to be used by other plug-ins  -->
		<copy verbose="true" file="${deploy.workDirectory}/${deploy.packageManifestFilename}" tofile="${deploy.deployPath}/${deploy.packageManifestFilename}" overwrite="true" ></copy>
		<!-- copy containerMapper.xml to deploy path, to be used for multiple platform -->
		<copy verbose="true" file="${deploy.workDirectory}/${deploy.containerMapperFilename}" tofile="${deploy.deployPath}/${deploy.containerMapperFilename}" overwrite="true" ></copy>
	</target>
	
	<target name="checkBackUpExist" if="${deploy.backupPds}">
		<available file="${deploy.workDirectory}/${deploy.deployBackupFilename}" property="existBackUpzipFile"></available>
		<available file="${deploy.workDirectory}/${deploy.deployDeltaFilename}" property="existBackUpDeltaFile"></available>
		<available file="${deploy.workDirectory}/${deploy.defaultDSListFile}" property="existdefaultDSListFile"></available>
	</target>
	
	<target name="backUpRollbackFile" if="${existBackUpzipFile}">
		<!-- copy backup.zip to  deploy path, for rollback-->
		<copy verbose="true" file="${deploy.workDirectory}/${deploy.deployBackupFilename}" tofile="${deploy.deployPath}/${deploy.deployBackupFilename}" overwrite="true" ></copy>
	</target>
	<target name="backUpRollbackManifestFile" if="${existBackUpDeltaFile}">
		<!-- copy rollbackManifest.xml to deploy path, for rollback -->
		<copy verbose="true" file="${deploy.workDirectory}/${deploy.deployDeltaFilename}" tofile="${deploy.deployPath}/${deploy.deployRollbackManifestFilename}" overwrite="true" ></copy>
	</target>
	<target name = "backUpDsListFile" if="${existdefaultDSListFile}">
		<!-- copy deploy.defaultDSListFile to deploy path, to be used for rollback check access platform -->
		<copy verbose="true" file="${deploy.workDirectory}/${deploy.defaultDSListFile}" tofile="${deploy.deployPath}/${deploy.defaultDSListFile}" overwrite="true" ></copy>
	</target>
		
	<target name="postZOSDeploy" if="isZOSFileSystem">
		<ant antfile="zosdeploy.xml" target="postDeploy" inheritAll="true" inheritRefs="true" />
	</target>

	<!-- The main rollback target -->
	<target name="rollbackMain" depends="init, preRollback, rollback, postRollback">
	</target>
	
	<!-- The pre rollback target which calls the pre rollback targets in the individual platform scripts -->
	<target name="preRollback" depends="preRollbackCommon, preZOSRollback">
	</target>

	<target name="preRollbackCommon">
	</target>

	<target name="preZOSRollback" if="isZOSFileSystem">
	</target>


	<!-- The rollback target which calls the rollback targets in the individual platform scripts -->
	<target name="rollback" depends="rollbackCommon, zosRollback">
	</target>

	<target name="rollbackCommon">
	</target>

	<target name="zosRollback" if="isZOSFileSystem">
		<ant antfile="zosdeploy.xml" target="rollback" inheritAll="true" inheritRefs="true" />
	</target>

	<!-- The post rollback target which calls the post rollback targets in the individual platform scripts -->
	<target name="postRollback" depends="postRollbackCommon, postZOSRollback">
	</target>

	<target name="postRollbackCommon">
	</target>

	<target name="postZOSRollback" if="isZOSFileSystem">
	</target>

</project>