<?xml version="1.0" encoding="UTF-8" standalone="no"?>
<!--
- Licensed Materials - Property of IBM* and/or HCL**
- IBM UrbanCode Deploy
- (c) Copyright IBM Corporation 2002, 2017. All Rights Reserved.
- (c) Copyright HCL Technologies Ltd. 2018. All Rights Reserved.
-
- U.S. Government Users Restricted Rights - Use, duplication or disclosure restricted by
- GSA ADP Schedule Contract with IBM Corp.
-
- * Trademark of International Business Machines
- ** Trademark of HCL Technologies Limited
--><pluginInfo>
  <!--

  **author name IS required**

  The Author Section is used to give credit to the author of the plugin.
  Name is the only required element/attribute, but feel free to also include your email,
  website  or bio to allow users of your plugin to praise your work, ask questions
  or share their use case to help grow your plugin's functionality.
  -->

  <author name="UrbanCode">
    <organization>UrbanCode</organization>
    <email>info@urbancode.com</email>
    <website>http://urbancode.com</website>
    <bio/>
  </author>

  <!--

  **intergration type IS Required**

  The integration type section identifies where the plugin fits into the process
  excepted types are SCM, Build, Artifact, Automation, Deploy

  For example:

  The plugin pulls Artifacts from an artifact repository during deployment
  the Type would be "Artifact"
  or
  The plugin deploys to a middleware server
  the Type would be "Deploy"
  -->

  <integration type=""/>


  <!--
  **source is NOT required**

  The source section identifies the location of the plugin source code
  For example
  https://github.com/...
  -->
  <!--
  <source url=""/>
  -->
  <!--
  **license type is NOT required**

  If your plugin uses any licensed software please acknowledge it by
  listing the license type below
  -->
  <!--
  <licenses>
    <license type=""/>
  </licenses>
  -->
  <!--
  **tool-description IS required**

  The tool-description section is used to summarize the software
  the plugin was created to integrate with.

  For example:
  Apache Ant is a software tool to automate software processes during the build or
  deployment of an application. Ant uses an propitiatory XML file to define build
  and/or deployment steps(referred to as targets by ant) . The Ant executable is
  called to execute the targets in the build.xml.
  -->

  <tool-description> </tool-description>

  <!--
  **related-info is NOT required**

  The releated-info section is used to define links which may be useful to users of the plugin
  but don't fall into the release-notes or tool-description section.

  For example: releated-info can be links to pdf documentation, help videos related to plugin setup or the product's
  website.

  excepted values for type include: PDF, WEBSITE, VIDEO
  -->
  <!--
  <related-info>
    <link title="" type="" description="" url =""/>
  </related-info>
  -->
  <!--
  **meta-html in NOT required**

  The meta-html section is used define the meta description and the meta keywords of the plugin page.The meta
  description tag allows you to influence the description of your page in the web crawlers that support the
  tag The meta keywords tag allows   you to provide additional text for crawler-based search engines to index
  along with your body copy.

  If multiple keywords are used they must be comma(,) delimited
  -->

  <meta-html>
    <meta content="" name="description"/>
    <meta content="" name="keywords"/>
  </meta-html>

  <!-- Do not change the release-version, the build process injects it. -->
  <release-version>11.1056523</release-version>

  <release-notes>
    <!--
      **release-note IS required**

      The plugin-version name must match the plugin version found in the plugin.xml file

      The release-note should document the changes, improvements, or bug fixes introduced
      with the new plugin version

      The release-note may contain text or reference a file in the plugin zip package

      For example your release note could be:
      Support for was added for version 10.0 for software X
      or
      releaseNotes/release1.html (where release1.html contains html formatted version information)
      -->

      <release-note plugin-version="1">
        Provides steps to integrate with WebSphere MQ Queues and Queue Managers

      </release-note>
      <release-note plugin-version="2">
Added the following steps.
Delete Queue Manager
Delete Queue
Define Queue Alias
Delete Queue Alias
Run MQ Batch Script
Set Max Message Size On Queue
Set Queue Usage Type
Define Sender Channel
Define Receive Channel
Delete Channel
Start Channel
Stop Channel
Set Channel Monitoring Level
Setup Queue Triggering
Define Client Channel
Define Topic
Define Topic Subscription
Delete Topic
Delete Topic Subscription
Setup QMGR SSL
Setup Channel SSL
Set Permissions For Object
Set Permissions For Queue
Set Permissions For Topic
Import Certificate
Delete Certificate
Receive Certificate
      </release-note>
      <release-note plugin-version="4">
Added Additional Arguments field to the following steps.
Create Queue Manager
Start Queue Manager
Stop Queue Manager
Run MQ Script
      </release-note>
      <release-note plugin-version="5">
Added the following steps.
Define Namelist
Delete Namelist
      </release-note>
      <release-note plugin-version="6">
Define Client Channel creates a Client-Connection Channel, instead of a Server-Connection Channel
Renamed Define Client Channel step to Define Client-Connection Channel
Added the following steps
Alter Queues
Alter Client-Connection Channel
Alter Server-Connection Channel
Alter Receiver Channel
Alter Sender Channel
Alter Topic
      </release-note>
      <release-note plugin-version="7">
Define Queue: Added many new properties.
Define Queue Alias: Added many new properties.
Define Topic Subscription: Added WSCHEMA, SELECTOR, and DESTQMGR properties
Alter Queue: Added FORCE flag.
      </release-note>
      <release-note plugin-version="8">
All input arguments that are surrounded by single quotes will have their contents parsed for unescaped single quotes.
If an unescaped quote is found, it will be replaced with a two single quotes. This is WebSphere MQ's expected escaping syntax.
Fixes Stream Closed error when running commands in unique scenarios.
      </release-note>

    <release-note plugin-version="9">
Support property file encryption.
    </release-note>
    <release-note plugin-version="10">
Add support for remote queue manager administration.
    </release-note>
    <release-note plugin-version="11">
The Principals and Groups properties in the Set Permissions for Object, Topic, and Queue steps are no longer required.
    </release-note>
  </release-notes>
</pluginInfo>
