<?xml version="1.0" encoding="UTF-8"?>
<!--
- Licensed Materials - Property of IBM Corp.
- IBM UrbanCode Deploy
- (c) Copyright IBM Corporation 2011, 2016. All Rights Reserved.
-
- U.S. Government Users Restricted Rights - Use, duplication or disclosure restricted by
- GSA ADP Schedule Contract with IBM Corp.
-->

<plugin-upgrade
        xmlns="http://www.urbancode.com/UpgradeXMLSchema_v1"
        xmlns:xsi="http://www.w3.org/2001/XMLSchema-instance">
  <migrate to-version="2">

  </migrate>
  <migrate to-version="3">

  </migrate>
  <migrate to-version="4">
    <migrate-command name="Deploy Rule Set">
      <migrate-properties>
        <migrate-property name="ruleAppName" default=""/>
        <migrate-property name="ruleAppVersion" default=""/>
        <migrate-property name="ruleSetName" default=""/>
        <migrate-property name="ruleSetVersion" default=""/>
      </migrate-properties>
    </migrate-command>
  </migrate>
  <migrate to-version="5">
    <migrate-command name="Deploy Rule Archive" old="Deploy Rule Set">
      <migrate-properties>
        <migrate-property name="merging"/>
        <migrate-property name="version"/>
      </migrate-properties>
    </migrate-command>
  </migrate>
  <migrate to-version="6">
  </migrate>

</plugin-upgrade>
