<?xml version="1.0" encoding="UTF-8" standalone="no"?>
<pluginInfo xmlns="http://www.urbancode.com/InfoXMLSchema_v1" xmlns:server="http://www.urbancode.com/PluginServerXMLSchema_v1" xmlns:xsi="http://www.w3.org/2001/XMLSchema-instance">
  <author name="IBM">
    <organization>IBM</organization>
    <website>http://ibm.com</website>
    <bio/>
  </author>
  <integration type="Automation"/>
  <tool-description>This plug-in provides functionality for deploying artifacts to an IBM Mobile First Server on IBM Container Services. </tool-description>
  <meta-html>
    <meta content="" name="description"/>
    <meta content="" name="keywords"/>
  </meta-html>
  <release-version>1</release-version>
  <release-notes>
    <release-note plugin-version="1">
		This plug-in provides access to the steps that are required to integrate with IBM Mobile First Server on IBM Container Services.
	  </release-note>
    <release-note plugin-version="1">IBM Mobile First Platform Foundation Container Deployment Automation</release-note>
  </release-notes>
</pluginInfo>
