<?xml version="1.0" encoding="UTF-8"?>
<plugin-upgrade
        xmlns="http://www.urbancode.com/UpgradeXMLSchema_v1"
        xmlns:xsi="http://www.w3.org/2001/XMLSchema-instance">


  <migrate to-version="6">
    <migrate-command name="Reboot"/>
    <migrate-command name="Set file permissions"/>
    <migrate-command name="Update fstab"/>
  </migrate>
  
  <migrate to-version="7">
    <migrate-command name="Reboot"/>
    <migrate-command name="Set file permissions"/>
    <migrate-command name="Update fstab"/>
  </migrate>
  
  <migrate to-version="8">
    <migrate-command name="Reboot"/>
    <migrate-command name="Set file permissions"/>
    <migrate-command name="Update fstab"/>
  </migrate>
  
</plugin-upgrade>