<?xml version="1.0" encoding="UTF-8"?>
<!--
- Licensed Materials - Property of IBM* and/or HCL**
- UrbanCode Deploy
- (c) Copyright IBM Corporation 2013, 2017. All Rights Reserved.
- (c) Copyright HCL Technologies Ltd. 2018. All Rights Reserved.
-
- U.S. Government Users Restricted Rights - Use, duplication or disclosure restricted by
- GSA ADP Schedule Contract with IBM Corp.
-
- * Trademark of International Business Machines
- ** Trademark of HCL Technologies Limited
-->
<pluginInfo>
  <author>
    <name>UrbanCode</name>
    <email></email>
    <website>http://urbancode.com</website>
  </author>
  <licenses>
    <license></license>
  </licenses>
  <integrationType>Deploy</integrationType>
  <categories>
	<category>middleware</category>
  </categories>
  <versions>
    <version name="1">
	  <releaseNote>
The JBoss plugin is an automation based plugin. It is run during the deployment to automate configuration changes and execute run book automations to JBoss Application Server.The JBoss plugin starts and stops JBoss using the JBoss executable and the JBoss client.jar, as well as deploys and undeploys JBoss applications.
	  </releaseNote>
    </version>
    <version name="2">
      <releaseNote>
        JBoss plugin version 2 provides utilities for JBoss access through command line utilities.
      </releaseNote>
    </version>
  </versions>
</pluginInfo>
