<?xml version="1.0" encoding="UTF-8"?>
<!--
- Licensed Materials - Property of IBM Corp.
- IBM UrbanCode Build
- IBM UrbanCode Deploy
- IBM UrbanCode Release
- IBM AnthillPro
- (c) Copyright IBM Corporation 2002, 2013. All Rights Reserved.
-
- U.S. Government Users Restricted Rights - Use, duplication or disclosure restricted by
- GSA ADP Schedule Contract with IBM Corp.
-->
<pluginInfo>
  <author>
    <name>UrbanCode</name>
    <email></email>
    <website>http://urbancode.com</website>
  </author>
  <licenses>
    <license></license>
  </licenses>
  <integrationType>Deploy</integrationType>
  <categories>
    <category>middleware</category>	
  </categories>
  <versions>
    <version name="1">
	  <releaseNote>
The Tomcat plugin is an automation based plugin. It is used during deployments to execute Tomcat run-book automations and deploy or undeploy Tomcat applications.The Tomcat plugin relies on the Tomcat manager and uses Tomcat Ant tasks to start and stop both Tomcat and Tomcat applications and deploy or undeploy applications in Tomcat.
	  </releaseNote>
    </version>
  </versions>
</pluginInfo>