<?xml version="1.0" encoding="UTF-8"?>
<!--
- Licensed Materials - Property of IBM Corp.
- IBM UrbanCode Build
- IBM UrbanCode Deploy
- IBM UrbanCode Release
- IBM AnthillPro
- (c) Copyright IBM Corporation 2002, 2013. All Rights Reserved.
-
- U.S. Government Users Restricted Rights - Use, duplication or disclosure restricted by
- GSA ADP Schedule Contract with IBM Corp.
-->
<plugin-upgrade
        xmlns="http://www.urbancode.com/UpgradeXMLSchema_v1"
        xmlns:xsi="http://www.w3.org/2001/XMLSchema-instance">
  <migrate to-version="2">
    <migrate-command name="Uninstall Application from Dropins" old="Unistall Application from Dropins"/>
    <migrate-command name="Install or Update Application via Dropins"/>
    <migrate-command name="Create Server"/>
    <migrate-command name="Delete Server"/>
    <migrate-command name="Start Server"/>
    <migrate-command name="Stop Server"/>
    <migrate-command name="Wait for Application to be STARTED"/>
    <migrate-command name="Start Application"/>
    <migrate-command name="Stop Application"/>
    <migrate-command name="Install Server Archive"/>
    <migrate-command name="Install or Update Application via Server Xml"/>
    <migrate-command name="Uninstall Application via Server Xml"/>
    <migrate-command name="Generate Plugin Config"/>
  </migrate>

  <migrate to-version="3">
    <migrate-command name="Uninstall Application from Dropins"/>
    <migrate-command name="Install or Update Application via Dropins"/>
    <migrate-command name="Create Server"/>
    <migrate-command name="Delete Server"/>
    <migrate-command name="Start Server"/>
    <migrate-command name="Stop Server"/>
    <migrate-command name="Wait for Application to be STARTED"/>
    <migrate-command name="Start Application"/>
    <migrate-command name="Stop Application"/>
    <migrate-command name="Install Server Archive"/>
    <migrate-command name="Install or Update Application via Server Xml"/>
    <migrate-command name="Uninstall Application via Server Xml"/>
    <migrate-command name="Generate Plugin Config"/>
  </migrate>

  <migrate to-version="4">
    <migrate-command name="Uninstall Application from Dropins"/>
    <migrate-command name="Install or Update Application via Dropins"/>
    <migrate-command name="Create Server"/>
    <migrate-command name="Delete Server"/>
    <migrate-command name="Start Server"/>
    <migrate-command name="Stop Server"/>
    <migrate-command name="Wait for Application to be STARTED"/>
    <migrate-command name="Start Application"/>
    <migrate-command name="Stop Application"/>
    <migrate-command name="Install Server Archive"/>
    <migrate-command name="Install or Update Application via Server Xml"/>
    <migrate-command name="Uninstall Application via Server Xml"/>
    <migrate-command name="Generate Plugin Config"/>
  </migrate>

  <migrate to-version="5">
    <migrate-command name="Uninstall Application from Dropins"/>
    <migrate-command name="Install or Update Applications with Dropins" old="Install or Update Application via Dropins"/>
    <migrate-command name="Create Server"/>
    <migrate-command name="Delete Server"/>
    <migrate-command name="Start Server"/>
    <migrate-command name="Stop Server"/>
    <migrate-command name="Wait for Application to be STARTED"/>
    <migrate-command name="Start Application"/>
    <migrate-command name="Stop Application"/>
    <migrate-command name="Install Server Archive">
      <migrate-properties>
        <migrate-property name="license" default="false"/>
      </migrate-properties>
    </migrate-command>
    <migrate-command name="Install or Update Application with Server XML" old="Install or Update Application via Server Xml"/>
    <migrate-command name="Uninstall Application with Server XML" old="Uninstall Application via Server Xml"/>
    <migrate-command name="Generate Plugin Config"/>
  </migrate>

</plugin-upgrade>
