<?xml version="1.0" encoding="UTF-8"?>
<plugin-upgrade
  xmlns="http://www.urbancode.com/UpgradeXMLSchema_v1"
  xmlns:xsi="http://www.w3.org/2001/XMLSchema-instance">

  <migrate to-version="3">
    <migrate-command name="Disable Servers">
      <migrate-properties>
        <migrate-property name="isGraceful" default="false" />
      </migrate-properties>
    </migrate-command>
    <migrate-command name="Disable Service Groups">
      <migrate-properties>
        <migrate-property name="isGraceful" default="false" />
      </migrate-properties>
    </migrate-command>
    <migrate-command name="Disable Services">
      <migrate-properties>
        <migrate-property name="isGraceful" default="false" />
      </migrate-properties>
    </migrate-command>
    <migrate-command name="Enable Servers" />
    <migrate-command name="Enable Service Groups" />
    <migrate-command name="Enable Services" />
  </migrate>

  <migrate to-version="4">
    <migrate-command name="Disable Servers" />
    <migrate-command name="Disable Service Groups" />
    <migrate-command name="Disable Services" />
    <migrate-command name="Enable Servers" />
    <migrate-command name="Enable Service Groups" />
    <migrate-command name="Enable Services" />
  </migrate>

  <migrate to-version="5">
    <migrate-command name="Disable Servers" />
    <migrate-command name="Disable Service Groups" />
    <migrate-command name="Disable Services" />
    <migrate-command name="Enable Servers" />
    <migrate-command name="Enable Service Groups" />
    <migrate-command name="Enable Services" />
  </migrate>
  <migrate to-version="6">
    <migrate-command name="Disable Servers" />
    <migrate-command name="Disable Service Groups" />
    <migrate-command name="Disable Services" />
    <migrate-command name="Enable Servers" />
    <migrate-command name="Enable Service Groups" />
    <migrate-command name="Enable Services" />
  </migrate>
  <migrate to-version="7">
  </migrate>
</plugin-upgrade>
