<?xml version="1.0" encoding="UTF-8"?>

<!-- 
====================================================================== 
Licensed Materials - Property of IBM Corp. 
IBM Rational Automation Framework 
(c) Copyright IBM Corporation 2003, 2012. All Rights Reserved.   

U.S. Government Users Restricted Rights - Use, duplication or disclosure restricted by 
GSA ADP Schedule Contract with IBM Corp. 


File name: configure_was5x_common.xml

This is the configuration build file.
====================================================================== 
-->

<project default="default" basedir=".">
	<description>
		Contains various common configuration tasks for WAS 
	</description>

	<target name="mq_jms_conn_factories"
	        description="Manage mq jms connection factories"
	        depends="scope_init">
		<antcall target="assert_file">
			<param name="FILE" value="${SCOPE_HOME}/jms.xml" />
		</antcall>
		<rafwlog id="CRWWA3111I" resourcebundle="was">
								<logarg value="${MODE}" />
								<logarg value="${SCOPE}" />
								<logarg value="${SCOPE_NAME}" />
						</rafwlog>
		<for list="${SCOPE_NAME}" param="NAME">
			<sequential>
				<antcall target="call_wsadmin">
					<param name="TASK"
					       value="mq_jms_conn_factories_${SCOPE}_@{NAME}" />
					<param name="LANG" value="jython" />
					<param name="SCRIPT_NAME"
					       value="${WAS_COMMON_SCRIPTS}/WAS51MQJMSConnFactories.py" />
					<param name="DATA_FILE" value="${SCOPE_HOME}/jms.xml" />
					<param name="ARGS"
					       value="-scope ${SCOPE} -scopename @{NAME} -nodename ${NODE_NAME}" />
				</antcall>
			</sequential>
		</for>
	</target>

	<target name="was_6x_configure_jms_providers"
	        description="Manage jms providers"
	        depends="scope_init">
		<antcall target="assert_file">
			<param name="FILE" value="${SCOPE_HOME}/jms.xml" />
		</antcall>
		<rafwlog id="CRWWA3102I" resourcebundle="was">
										<logarg value="${MODE}" />
										<logarg value="${SCOPE}" />
										<logarg value="${SCOPE_NAME}" />
		</rafwlog>
		<for list="${SCOPE_NAME}" param="NAME">
			<sequential>
				<antcall target="call_wsadmin">
					<param name="TASK"
					       value="was_6x_configure_jms_providers_${SCOPE}_@{NAME}" />
					<param name="LANG" value="jython" />
					<param name="SCRIPT_NAME"
					       value="${WAS_COMMON_SCRIPTS}/WAS51JMSProviders.py" />
					<param name="DATA_FILE" value="${SCOPE_HOME}/jms.xml" />
					<param name="ARGS"
					       value="-scope ${SCOPE} -scopename @{NAME} -nodename ${NODE_NAME}" />
				</antcall>
			</sequential>
		</for>
	</target>
	<target name="mqqueues"
	        description="Manages mq queues"
	        depends="scope_init">
		<antcall target="assert_file">
			<param name="FILE" value="${SCOPE_HOME}/jms.xml" />
		</antcall>
		
		<rafwlog id="CRWWA3112I" resourcebundle="was">
												<logarg value="${MODE}" />
												<logarg value="${SCOPE}" />
												<logarg value="${SCOPE_NAME}" />
		</rafwlog>
		<for list="${SCOPE_NAME}" param="NAME">
			<sequential>
				<antcall target="call_wsadmin">
					<param name="TASK" value="mqqueues_${SCOPE}_@{NAME}" />
					<param name="LANG" value="jython" />
					<param name="SCRIPT_NAME"
					       value="${WAS_COMMON_SCRIPTS}/WAS51MQJMSQueues.py" />
					<param name="DATA_FILE" value="${SCOPE_HOME}/jms.xml" />
					<param name="ARGS"
					       value="-scope ${SCOPE} -scopename @{NAME} -nodename ${NODE_NAME}" />
				</antcall>
			</sequential>
		</for>
	</target>

	<target name="update_message_listener_service"
	        description="Update the message listener service for server(s)"
	        depends="only_execute, scope_init">
		
		<rafwlog id="CRWWA3114I" resourcebundle="was">
					<logarg value="${SCOPE}" />
					<logarg value="${SCOPE_NAME}" />
		</rafwlog>
		<if>
			<equals arg1="${SCOPE}" arg2="cell" />
			<then>
				<var name="SCOPE_NAME" unset="true" />
				<property name="SCOPE_NAME" value="${CLUSTERS}" />
			</then>
			<elseif>
				<equals arg1="${SCOPE}" arg2="node" />
				<then>
					<var name="SCOPE_NAME" unset="true" />
					<property name="SCOPE_NAME" value="${SERVERS_ON_NODE}" />
				</then>
			</elseif>
		</if>
		<for list="${SCOPE_NAME}" param="NAME">
			<sequential>
				<if>
					<equals arg1="${SCOPE}" arg2="cell" />
					<then>
						<var name="SCOPE_HOME" unset="true" />
						<property name="SCOPE_HOME"
						          value="${CELL_HOME}/clusters/@{NAME}" />
					</then>
					<elseif>
						<equals arg1="${SCOPE}" arg2="node" />
						<then>
							<var name="SCOPE_HOME" unset="true" />
							<property name="SCOPE_HOME"
							          value="${NODE_HOME}/servers/@{NAME}" />
						</then>
					</elseif>
					<elseif>
						<equals arg1="${SCOPE}" arg2="cluster" />
						<then>
							<var name="SCOPE_HOME" unset="true" />
							<property name="SCOPE_HOME"
							          value="${CELL_HOME}/clusters/@{NAME}" />
						</then>
					</elseif>
					<elseif>
						<equals arg1="${SCOPE}" arg2="server" />
						<then>
							<var name="SCOPE_HOME" unset="true" />
							<property name="SCOPE_HOME"
							          value="${NODE_HOME}/servers/@{NAME}" />
						</then>
					</elseif>
				</if>
				<antcall target="call_wsadmin">
					<param name="TASK"
					       value="update_message_listener_service_@{NAME}" />
					<param name="LANG" value="jython" />
					<param name="SCRIPT_NAME"
					       value="${WAS_COMMON_SCRIPTS}/updateWAS51MessageListenerService.py" />
					<param name="DATA_FILE" value="${SCOPE_HOME}/server.xml" />
					<param name="ARGS"
					       value="-scope ${SCOPE} -scopename @{NAME} -nodename @{NAME}" />
				</antcall>
			</sequential>
		</for>
	</target>

	<target name="was_6x_configure_server_all"
	        description="Manages all parts of a server">

		<antcall target="was_common_configure_server_admin_service" />
		<antcall target="was_common_configure_server_application_server" />
		<antcall target="was_common_configure_server_classloader" />
		<!--
		<antcall target="was_common_configure_server_diagnostic_service" />
		-->
		<antcall target="was_common_configure_server_java_def" />
		<antcall target="was_common_configure_server_name_server" />
		<antcall target="was_common_configure_server_orb" />
		<antcall target="was_common_configure_server_pmi_service" />
		<antcall target="was_common_configure_server_ras_service" />
		<antcall target="was_common_configure_server_stats_provider" />
		<antcall target="was_common_configure_server_trace_service" />
		<antcall target="was_common_configure_server_custom_service" />
	</target>

	<target name="server_webcontainer"
	        description="Manages the Web Container  servers">
		<antcall target="manage_server_config_type">
			<param name="ECHO_PREFIX" value="Web Container" />
			<param name="CONFIG_TYPE" value="WebContainer" />
			<param name="TASK_NAME" value="server_webcontainer" />
		</antcall>
	</target>

</project>
