<?xml version="1.0" encoding="UTF-8" standalone="no"?>
<!--
- Licensed Materials - Property of IBM Corp.
- IBM UrbanCode Deploy
- (c) Copyright IBM Corporation 2016, 2017. All Rights Reserved.
-
- U.S. Government Users Restricted Rights - Use, duplication or disclosure restricted by
- GSA ADP Schedule Contract with IBM Corp.
--><pluginInfo>

  <author name="IBM">
    <organization>IBM UrbanCode</organization>
    <email>ucplugin@us.ibm.com</email>
    <website>https://www.ibmdw.net/urbancode/plugins/</website>
    <bio/>
  </author>

  <integration type="Artifact"/>


  <tool-description>This plugin is used to download zOS artifacts from nexus or Artifactory.</tool-description>

  <related-info>
    <link description="Nexus website" title="Nexus website" type="WEBSITE" url="http://www.sonatype.com/nexus/solution-overview"/>
	<link description="Artifactory website" title="Artifactory website" type="WEBSITE" url="http://www.sonatype.com/nexus/solution-overview"/>
  </related-info>
  
  

  <meta-html>
    <meta content="" name="description"/>
    <meta content="" name="keywords"/>
  </meta-html>

  <!-- Do not change the release-version, the build process injects it. -->
  <release-version>1.1033763</release-version>

  <release-notes>

      <release-note plugin-version="1">
Used to download artifacts from  external repository like NEXUS/ARTIFACTORY and then we can use Deploy Data Sets step to do zOS deployment
We need to edit the plugin properties like below
External Artifact Repo Url : ${p?:extRepoURL}
Repository Username        : Give the username of NEXUS/ARTIFACTORY which ever we are using
Repository Password        : Give the password of NEXUS/ARTIFACTORY which ever we are using
      </release-note>
  </release-notes>
</pluginInfo>
