<?xml version="1.0" encoding="UTF-8"?><!--
- Licensed Materials - Property of IBM Corp.
- IBM UrbanCode Deploy
- (c) Copyright IBM Corporation 2014, 2017. All Rights Reserved.
-
- U.S. Government Users Restricted Rights - Use, duplication or disclosure restricted by
- GSA ADP Schedule Contract with IBM Corp.
--><pluginInfo>
  <!--

  **author name IS required**

  The Author Section is used to give credit to the author of the plugin.
  Name is the only required element/attribute, but feel free to also include your email,
  website  or bio to allow users of your plugin to praise your work, ask questions
  or share their use case to help grow your plugin's functionality.
  -->

  <author name="IBM">
    <organization>IBM UrbanCode</organization>
    <email>ucplugin@us.ibm.com</email>
    <website>https://www.ibmdw.net/urbancode/plugins/</website>
    <bio/>
  </author>

  <!--

  **intergration type IS Required**

  The integration type section identifies where the plugin fits into the process
  excepted types are SCM, Build, Artifact, Automation, Deploy

  For example:

  The plugin pulls Artifacts from an artifact repository during deployment
  the Type would be "Artifact"
  or
  The plugin deploys to a middleware server
  the Type would be "Deploy"
  -->

  <integration type="Artifact"/>


  <!--
  **source is NOT required**

  The source section identifies the location of the plugin source code
  For example
  https://github.com/...
  -->
  <!--
  <source url=""/>
  -->
  <!--
  **license type is NOT required**

  If your plugin uses any licensed software please acknowledge it by
  listing the license type below
  -->
  <!--
  <licenses>
    <license type=""/>
  </licenses>
  -->
  <!--
  **tool-description IS required**

  The tool-description section is used to summarize the software
  the plugin was created to integrate with.

  For example:
  Apache Ant is a software tool to automate software processes during the build or
  deployment of an application. Ant uses an propitiatory XML file to define build
  and/or deployment steps(referred to as targets by ant) . The Ant executable is
  called to execute the targets in the build.xml.
  -->

  <tool-description>Artifactory is an open source repository and artifacts manager. It acts as a host/proxy for Maven, Ant, Gradle, Ivy, NuGet and RubyGems repositories.</tool-description>

  <!--
  **related-info is NOT required**

  The releated-info section is used to define links which may be useful to users of the plugin
  but don't fall into the release-notes or tool-description section.

  For example: releated-info can be links to pdf documentation, help videos related to plugin setup or the product's
  website.

  excepted values for type include: PDF, WEBSITE, VIDEO
  -->
  <related-info>
    <link description="Artifactory website" title="Artifactory website" type="WEBSITE" url="www.jfrog.com/home/v_artifactory_opensource_overview‎"/>
  </related-info>
  <!--
  **meta-html in NOT required**

  The meta-html section is used define the meta description and the meta keywords of the plugin page.The meta
  description tag allows you to influence the description of your page in the web crawlers that support the
  tag The meta keywords tag allows   you to provide additional text for crawler-based search engines to index
  along with your body copy.

  If multiple keywords are used they must be comma(,) delimited
  -->

  <meta-html>
    <meta content="" name="description"/>
    <meta content="" name="keywords"/>
  </meta-html>

  <!-- Do not change the release-version, the build process injects it. -->
  <release-version>9.886215</release-version>

  <release-notes>
    <!--
      **release-note IS required**

      The plugin-version name must match the plugin version found in the plugin.xml file

      The release-note should document the changes, improvements, or bug fixes introduced
      with the new plugin version

      The release-note may contain text or reference a file in the plugin zip package

      For example your release note could be:
      Support for was added for version 10.0 for software X
      or
      releaseNotes/release1.html (where release1.html contains html formatted version information)

      To add a new release note add this with a description in it of the changes:
      <release-note plugin-version="1">....</release-note>

      Our automated release process will replace 'LATEST' with the released version.

      If this already exists in the file, then the described changes have not been released yet and
      you should just append to the existing 'LATEST' tag.
      -->

      <release-note plugin-version="1">
Install this plugin to access to the steps listed below. These steps can be used when designing a component process.
      </release-note>

      <release-note plugin-version="2">
Promote Build Step Added - Change the status of a build, optionally moving or copying the build to a target repository.
      </release-note>

      <release-note plugin-version="3">
RFE 89468 - Added Set Item Properties step.
      </release-note>

      <release-note plugin-version="4">
RFE 87062 - Added Download Latest Build for SNAPSHOT step.
      </release-note>

      <release-note plugin-version="5">
RFE 92264 - Added Api Key authentication for all steps. Encode URI's correctly. Promote Build Step can now set properties, has mandatory source and target repositories. Added more default values which go to null if not defined instead of preventing step execution.
      </release-note>

      <release-note plugin-version="6">
Added step to retrieve a build artifacts archive from Artifactory.
      </release-note>

    <release-note plugin-version="7">
Support property file encryption.
Fixes APAR PI74061 - Issue with downloading latest build for snapshot.
    </release-note>

    <release-note plugin-version="8">
Added option to allow insecure connections to Artifactory.
    </release-note>

    <release-note plugin-version="9">
Fixes APAR PI76601. Several plug-in steps returning success on failure.
    </release-note>
  </release-notes>
</pluginInfo>