<?xml version="1.0" encoding="UTF-8"?><!--
    (c) Copyright IBM Corporation 2011, 2018.
    This is licensed under the following license.
    The Eclipse Public 1.0 License (http://www.eclipse.org/legal/epl-v10.html)
    U.S. Government Users Restricted Rights:  Use, duplication or disclosure restricted by GSA ADP Schedule Contract with IBM Corp.
--><pluginInfo>
  <!-- Do not change the release-version, the build process injects it. -->
  <release-version>6.970677</release-version>

  <release-notes>
    <!--
      The release-note should document the changes, improvements, or bug fixes introduced
      with the new plugin version

      The release-note may contain text

      For example your release note could be:
      Support for was added for version 10.0 for software X

      To add a new release note add this with a description in it of the changes:
      <release-note plugin-version="1">....</release-note>
    -->

    <release-note plugin-version="1">
      Initial release. Installing this plugin will give you access to the steps listed below.
		- Login
		- Logout
		- Push Product and API Definitions to Drafts
		- Deploy Product and API Definitions
		- Smoke Test
    </release-note>
    <release-note plugin-version="2">
      Renamed Steps, API Product Definition, and templates for easier comprehension.
    </release-note>
    <release-note plugin-version="3">
      Removed the 'type' property from 'Login' step.
      Error handling now properly catches errors.
    </release-note>
    <release-note plugin-version="4">
        Support property file encryption.
    </release-note>
    <release-note plugin-version="5">
    Added Replace Product in a Catalog step.
    Updated Set Configuration Variable step to not add extra spaces.
    </release-note>
     <release-note plugin-version="6">
    Allow space to be specified on the Publish API Product Definitions (products:publish) and Replace Product in Catalog (products:replace) steps.
    </release-note>
  </release-notes>
</pluginInfo>