<?xml version="1.0" encoding="UTF-8"?>
<plugin-upgrade
        xmlns="http://www.urbancode.com/UpgradeXMLSchema_v1"
        xmlns:xsi="http://www.w3.org/2001/XMLSchema-instance">
        
    <migrate to-version="3">
        <migrate-command name="Deploy JDBC Driver" />
        <migrate-command name="Deploy Application"/>
        <migrate-command name="Undeploy Application"/>
        <migrate-command name="Start JBoss" />
        <migrate-command name="Stop JBoss" />
        <migrate-command name="Add Data Source" />
        <migrate-command name="Add JMS Queue" />
        <migrate-command name="Add JMS Topic" />
        <migrate-command name="Add JMS Connection Factory" />
        <migrate-command name="Remove JMS Connection Factory" />
        <migrate-command name="Create Server Group" />
        <migrate-command name="Create Server"/>
        <migrate-command name="Run Script" />
        <migrate-command name="Check Deployment Status" />
        <migrate-command name="Enable Application" />
        <migrate-command name="Disable Application" />
    </migrate>
  
    <migrate to-version="4">
        <migrate-command name="Deploy JDBC Driver" />
        <migrate-command name="Deploy Application"/>
        <migrate-command name="Undeploy Application"/>
        <migrate-command name="Start JBoss" />
        <migrate-command name="Stop JBoss" />
        <migrate-command name="Add Data Source" />
        <migrate-command name="Add JMS Queue" />
        <migrate-command name="Add JMS Topic" />
        <migrate-command name="Add JMS Connection Factory" />
        <migrate-command name="Remove JMS Connection Factory" />
        <migrate-command name="Create Server Group" />
        <migrate-command name="Create Server"/>
        <migrate-command name="Run Script" />
        <migrate-command name="Check Deployment Status" />
        <migrate-command name="Enable Application" />
        <migrate-command name="Disable Application" />
    </migrate>
    <migrate to-version="5">
        <migrate-command name="Deploy JDBC Driver" />
        <migrate-command name="Deploy Application"/>
        <migrate-command name="Undeploy Application"/>
        <migrate-command name="Start JBoss" />
        <migrate-command name="Stop JBoss" />
        <migrate-command name="Add Data Source" />
        <migrate-command name="Add JMS Queue" />
        <migrate-command name="Add JMS Topic" />
        <migrate-command name="Add JMS Connection Factory" />
        <migrate-command name="Remove JMS Connection Factory" />
        <migrate-command name="Create Server Group" />
        <migrate-command name="Create Server"/>
        <migrate-command name="Run Script" />
        <migrate-command name="Check Deployment Status" />
        <migrate-command name="Enable Application" />
        <migrate-command name="Disable Application" />
    </migrate>
</plugin-upgrade>