<?xml version="1.0" encoding="UTF-8"?>
<!--
- Licensed Materials - Property of IBM Corp.
- IBM UrbanCode Deploy
- (c) Copyright IBM Corporation 2014. All Rights Reserved.
-
- U.S. Government Users Restricted Rights - Use, duplication or disclosure restricted by
- GSA ADP Schedule Contract with IBM Corp.
-->
<plugin-upgrade xmlns="http://www.urbancode.com/UpgradeXMLSchema_v1" xmlns:xsi="http://www.w3.org/2001/XMLSchema-instance">
  <migrate to-version="1">
    <migrate-command name="IBM UrbanCode Release" />
  </migrate>
  <migrate to-version="2">
    <migrate-command name="Get Release for Environment">
        <migrate-properties>
            <migrate-property name="propertyReleaseName" default="" />
            <migrate-property name="propertyPhaseName" />
        </migrate-properties>
    </migrate-command>
  </migrate>
  <migrate to-version="3">
     <migrate-command name="Sync Snapshot"/>
  </migrate>
  <migrate to-version="4">

  </migrate>
  <migrate to-version="5">
    <migrate-command name="Check Gate Status" />
  </migrate>
</plugin-upgrade>