<?xml version="1.0" encoding="UTF-8"?>
<plugin-upgrade
        xmlns="http://www.urbancode.com/UpgradeXMLSchema_v1"
        xmlns:xsi="http://www.w3.org/2001/XMLSchema-instance">


    <migrate to-version="3">
        <migrate-command name="PerforceComponentProperties">
            <migrate-properties>
                <migrate-property name="password" />
            </migrate-properties>
        </migrate-command>
    </migrate>
    <migrate to-version="4">
        <migrate-command name="Import Version"/>
    </migrate>
</plugin-upgrade>
