<?xml version="1.0" encoding="UTF-8"?>
<!--Licensed Materials - Property of IBM Corp.-->
<!--IBM UrbanCode Build-->
<!--IBM UrbanCode Deploy-->
<!--IBM UrbanCode Release-->
<!--IBM AnthillPro-->
<!--(c) Copyright IBM Corporation 2016. All Rights Reserved.-->

<!--U.S. Government Users Restricted Rights - Use, duplication or disclosure restricted by-->
<!--GSA ADP Schedule Contract with IBM Corp.-->
<plugin-upgrade
        xmlns="http://www.urbancode.com/UpgradeXMLSchema_v1"
        xmlns:xsi="http://www.w3.org/2001/XMLSchema-instance">

        <migrate to-version="3">
            <migrate-command name="Deploy" />
            <migrate-command name="Undeploy" />
            <migrate-command name="Redeploy" />
            <migrate-command name="Start" />
            <migrate-command name="Stop" />
        </migrate>
        <migrate to-version="4">
            <migrate-command name="Deploy">
              <migrate-properties>
                <migrate-property name="library" default="false"/>
                <migrate-property name="nostage" default="false"/>
              </migrate-properties>
            </migrate-command>
            <migrate-command name="Undeploy" />
            <migrate-command name="Redeploy" />
            <migrate-command name="Start" />
            <migrate-command name="Stop" />
        </migrate>
        <migrate to-version="6">
        </migrate>
</plugin-upgrade>
