<?xml version="1.0" encoding="UTF-8"?>
<plugin-upgrade
        xmlns="http://www.urbancode.com/UpgradeXMLSchema_v1"
        xmlns:xsi="http://www.w3.org/2001/XMLSchema-instance">
    <migrate to-version="2">
        <migrate-command name="Create or Update Realm" old="Create Realm"/>
        <migrate-command name="Update Realm"/>
        <migrate-command name="Manage Users and or Groups" old="Update Users and or Groups" />
        <migrate-command name="Create or Update Authentication Provider" old="Create Authentication Provider"/>
        <migrate-command name="Update Authentication Provider"/>
        <migrate-command name="Create Role Mapper"/>
        <migrate-command name="Manage Roles" old="Update Roles" />
        
    </migrate>
    
  
</plugin-upgrade>