<?xml version="1.0" encoding="UTF-8"?><!--
- Licensed Materials - Property of IBM Corp.
- IBM UrbanCode Build
- IBM UrbanCode Deploy
- IBM UrbanCode Release
- IBM AnthillPro
- (c) Copyright IBM Corporation 2002, 2017. All Rights Reserved.
-
- U.S. Government Users Restricted Rights - Use, duplication or disclosure restricted by
- GSA ADP Schedule Contract with IBM Corp.
--><pluginInfo>

  <release-version>8.934080</release-version>

  <release-notes>
    <!--
      **release-note IS required**

      The plugin-version name must match the plugin version found in the plugin.xml file

      The release-note should document the changes, improvements, or bug fixes introduced
      with the new plugin version

      The release-note may contain text or reference a file in the plugin zip package

      For example your release note could be:
      Support for was added for version 10.0 for software X
      or
      releaseNotes/release1.html (where release1.html contains html formatted version information)
      -->

      <release-note plugin-version="2">
Installing this plugin will give you access to the steps listed below. These steps will be available for use when designing a Job.
      </release-note>
      <release-note plugin-version="3">
Installing this plugin will give you access to the Run Test Suite step. This step will be available for use in processes.
      </release-note>
      <release-note plugin-version="4">
Fixes APAR PI35342 - compatibility defect with IBM Urbancode Deploy version 6.1.0.4 and later.
      </release-note>
      <release-note plugin-version="5">
Improved error logging.
      </release-note>
      <release-note plugin-version="6">
Added RPX dependency and English translations
      </release-note>
    <release-note plugin-version="7">
Support property file encryption.
    </release-note>
  <release-note plugin-version="8">
Enhance usability and improve logging of the Selenium automation plug-in.
The Test Result's file path and result, totalTime, numTestTotal, numTestPasses, numTestFailures, numCommandPasses, numCommandFailures, and numCommandErrors test suite results are recorded as output properties.
Fix APAR PI82820 - Selenium plugin fails with IndexOutOfBoundsException
Support for Selenium v2 and v3 has been added. If running Selenium v2, specify the selenium-server-standalone-2.XX.X.jar. If running Selenium v3, specify the selenium-html-runner-3.XX.X.jar.
The Test Results file is now an optional property. A file or folder, depending on version of Selenium, named testResults will be created as necessary.
  </release-note>
  </release-notes>
</pluginInfo>