<?xml version="1.0" encoding="UTF-8"?>
<plugin-upgrade
        xmlns="http://www.urbancode.com/UpgradeXMLSchema_v1"
        xmlns:xsi="http://www.w3.org/2001/XMLSchema-instance">
  <migrate to-version="2">
    <migrate-command name="Create Application" />
    <migrate-command name="Delete Application" />
    <migrate-command name="Create Site" />
    <migrate-command name="Delete Site" />
    <migrate-command name="Start Site" />
    <migrate-command name="Stop Site" />
    <migrate-command name="Create Virtual Directory" />
    <migrate-command name="Delete Virtual Directory" />
    <migrate-command name="Create Application Pool"/>
    <migrate-command name="Delete Application Pool"/>
    <migrate-command name="Start Application Pool" />
    <migrate-command name="Stop Application Pool" />
    <migrate-command name="Recycle Application Pool" />
    <migrate-command name="AppCmd" />
  </migrate>

</plugin-upgrade>