{
    "name": "WebSphere - Example 4 - Discover & Templatize Configuration Data (WAS ND with Cluster - No Multiplicity)",
    "description": "Sample process to pull configuration data from a WAS instance and turn that data into templates.",
    "rootActivity": {
        "edges": [
            {
                "to": "aa8621335fe14ac60e5cd40c733226",
                "from": "Create Cluster Member 2 component version",
                "type": "SUCCESS",
                "value": ""
            },
            {
                "to": "WebSphere - Templatize Node Configuration Data",
                "from": "WebSphere - Templatize Cell Configuration Data",
                "type": "SUCCESS",
                "value": ""
            },
            {
                "to": "Check If Server Component for cluster member 2 exists",
                "from": "Create Server Component for cluster member 1",
                "type": "SUCCESS",
                "value": ""
            },
            {
                "to": "Create Server Component for cluster member 1",
                "from": "Check If Server Component for cluster member 1 exists",
                "type": "FAILURE",
                "value": ""
            },
            {
                "to": "Create Server Component for cluster member 2",
                "from": "Check If Server Component for cluster member 2 exists",
                "type": "FAILURE",
                "value": ""
            },
            {
                "to": "WebSphere - Templatize Cell Configuration Data",
                "from": "WebSphere - Extract Configuration Data",
                "type": "SUCCESS",
                "value": ""
            },
            {
                "to": "Create Cluster Config component version",
                "from": "Create Node Config component version",
                "type": "SUCCESS",
                "value": ""
            },
            {
                "to": "Trim property whitespaces",
                "from": "Templatize second cluster member",
                "type": "SUCCESS",
                "value": ""
            },
            {
                "to": "Templatize second cluster member",
                "from": "Templatize first cluster member",
                "type": "SUCCESS",
                "value": ""
            },
            {
                "to": "Create Cell Config component version",
                "from": "GetInfo",
                "type": "SUCCESS",
                "value": ""
            },
            {
                "to": "Create Cluster Member 1 component version",
                "from": "Create Cluster Config component version",
                "type": "SUCCESS",
                "value": ""
            },
            {
                "to": "GetInfo",
                "from": "Check If Server Component for cluster member 2 exists",
                "type": "SUCCESS",
                "value": ""
            },
            {
                "to": "Check If Server Component for cluster member 1 exists",
                "from": "Trim property whitespaces",
                "type": "SUCCESS",
                "value": ""
            },
            {
                "to": "Create Cluster Member 2 component version",
                "from": "Create Cluster Member 1 component version",
                "type": "SUCCESS",
                "value": ""
            },
            {
                "to": "WebSphere - Templatize Cluster Configuration Data",
                "from": "WebSphere - Templatize Node Configuration Data",
                "type": "SUCCESS",
                "value": ""
            },
            {
                "to": "Create Node Config component version",
                "from": "Create Cell Config component version",
                "type": "SUCCESS",
                "value": ""
            },
            {
                "to": "Check If Server Component for cluster member 2 exists",
                "from": "Check If Server Component for cluster member 1 exists",
                "type": "SUCCESS",
                "value": ""
            },
            {
                "to": "GetInfo",
                "from": "Create Server Component for cluster member 2",
                "type": "SUCCESS",
                "value": ""
            },
            {
                "to": "Templatize first cluster member",
                "from": "WebSphere - Templatize Cluster Configuration Data",
                "type": "SUCCESS",
                "value": ""
            },
            {
                "to": "WebSphere - Extract Configuration Data",
                "from": "WebSphere Configuration Discovery",
                "type": "SUCCESS",
                "value": ""
            },
            {
                "to": "Clean working directory",
                "type": "ALWAYS",
                "value": ""
            },
            {
                "to": "WebSphere Configuration Discovery",
                "from": "Clean working directory",
                "type": "SUCCESS",
                "value": ""
            }
        ],
        "offsets": [
            {
                "name": "WebSphere - Extract Configuration Data",
                "x": -125,
                "y": 347.5,
                "h": 60,
                "w": 330
            },
            {
                "name": "4c6b40581795cf1c46e4774a550a15",
                "x": 267,
                "y": 555.5,
                "h": 90,
                "w": 300
            },
            {
                "name": "WebSphere - Templatize Node Configuration Data",
                "x": -170,
                "y": 574.5,
                "h": 52,
                "w": 420
            },
            {
                "name": "aba1c0c02492227d4a59d97e09f8a6",
                "x": 250,
                "y": 1260,
                "h": 100,
                "w": 320
            },
            {
                "name": "Create Server Component for cluster member 1",
                "x": -381.125,
                "y": 1360,
                "h": 55,
                "w": 357.5
            },
            {
                "name": "beea376e3f401df2fc16cb687f279c",
                "x": 270.75,
                "y": 132.16666666666666,
                "h": 50,
                "w": 190
            },
            {
                "name": "f51f1399e14fbf7c826457ddaa06f5",
                "x": 242.625,
                "y": 1835,
                "h": 53.66666666666674,
                "w": 318.25
            },
            {
                "name": "6e7203ba518d4a59307cce8ceb6bfc",
                "x": 195,
                "y": 1674.9999999999998,
                "h": 56.66666666666674,
                "w": 312.25
            },
            {
                "name": "Clean working directory",
                "x": -156.5,
                "y": 132.16666666666666,
                "h": 50,
                "w": 390
            },
            {
                "name": "Create Cluster Member 2 component version",
                "x": -184.25000000000006,
                "y": 2287,
                "h": 50,
                "w": 440
            },
            {
                "name": "cefc5d819fdd99bd15bff20c429655",
                "x": 250,
                "y": 663.3333333333333,
                "h": 121.66666666666674,
                "w": 330
            },
            {
                "name": "Check If Server Component for cluster member 2 exists",
                "x": -145.9375,
                "y": 1460,
                "h": 50,
                "w": 363.5625
            },
            {
                "name": "Templatize second cluster member",
                "x": -159.875,
                "y": 987.5,
                "h": 60,
                "w": 391.25
            },
            {
                "name": "df298847db3a0f63e43e7a9d677304",
                "x": 235,
                "y": 332.5,
                "h": 90,
                "w": 200
            },
            {
                "name": "Create Server Component for cluster member 2",
                "x": -381.125,
                "y": 1560,
                "h": 60,
                "w": 329.625
            },
            {
                "name": "1d9534a4da95f01251e6da30e86989",
                "x": 281.25,
                "y": 840.0624999999999,
                "h": 118.29166666666674,
                "w": 210
            },
            {
                "name": "Templatize first cluster member",
                "x": -174.625,
                "y": 870.9166666666665,
                "h": 56.583333333333485,
                "w": 420.75
            },
            {
                "name": "Create Cluster Member 1 component version",
                "x": -184.25000000000006,
                "y": 2185,
                "h": 50,
                "w": 440
            },
            {
                "name": "Create Node Config component version",
                "x": -169.25,
                "y": 1950,
                "h": 50,
                "w": 410
            },
            {
                "name": "Create Cluster Config component version",
                "x": -174.25000000000006,
                "y": 2069.75,
                "h": 50,
                "w": 420
            },
            {
                "name": "52b405ba7b62b1e754fd28fc31dc46",
                "x": 247,
                "y": 467.5,
                "h": 60,
                "w": 200
            },
            {
                "name": "WebSphere - Templatize Cell Configuration Data",
                "x": -150,
                "y": 467.5,
                "h": 60,
                "w": 380
            },
            {
                "name": "e899b76964e03c11c8f6f636634a45",
                "x": -291.25,
                "y": -2.5,
                "h": 68.33333333333333,
                "w": 268
            },
            {
                "name": "GetInfo",
                "x": -89.15625,
                "y": 1681.6666666666665,
                "h": 50,
                "w": 250
            },
            {
                "name": "970c54cc4c5529c0a2b1b23dc07827",
                "x": 260.25,
                "y": 992.5,
                "h": 50,
                "w": 240
            },
            {
                "name": "aa8621335fe14ac60e5cd40c733226",
                "x": -9.250000000000057,
                "y": 2395,
                "h": 50,
                "w": 90
            },
            {
                "name": "358c12e030f251c816a8b98dc00b1e",
                "x": 212,
                "y": 220,
                "h": 75,
                "w": 310
            },
            {
                "name": "Create Cell Config component version",
                "x": -164.15625,
                "y": 1830,
                "h": 50,
                "w": 400
            },
            {
                "name": "ab023ba0860d4c2c8013b6a91af6c2",
                "x": 231.375,
                "y": 1120,
                "h": 80,
                "w": 315.625
            },
            {
                "name": "Check If Server Component for cluster member 1 exists",
                "x": -157.796875,
                "y": 1260,
                "h": 50,
                "w": 390.84375
            },
            {
                "name": "WebSphere Configuration Discovery",
                "x": -115,
                "y": 226.5,
                "h": 60,
                "w": 310
            },
            {
                "name": "WebSphere - Templatize Cluster Configuration Data",
                "x": -156.5,
                "y": 690.8333333333333,
                "h": 66.66666666666674,
                "w": 393
            },
            {
                "name": "Trim property whitespaces",
                "x": -137.375,
                "y": 1140,
                "h": 50,
                "w": 350
            }
        ],
        "type": "graph",
        "name": "67ab4afa-14e2-4ef4-9ce7-3fd37edfbc92",
        "children": [
            {
                "type": "finish",
                "name": "aa8621335fe14ac60e5cd40c733226",
                "children": []
            },
            {
                "allowFailure": false,
                "useImpersonation": false,
                "showHidden": false,
                "impersonationUseSudo": false,
                "commandName": "WebSphere Configuration Discovery",
                "pluginName": "WAS - Configure",
                "pluginVersion": 20,
                "properties": {
                    "profilePath": "${p?:resource\/websphere.profilePath}",
                    "commandPath": "${p?:resource\/websphere.commandPath}",
                    "wasuser": "${p?:resource\/websphere.user}",
                    "waspassword": "${p?:resource\/websphere.password}",
                    "host": "${p?:resource\/websphere.host}",
                    "port": "${p?:resource\/websphere.port}",
                    "connType": "${p?:resource\/websphere.connType}",
                    "resourcePath": "${p?:resource.path}",
                    "configurationTypes": "${p?:websphere.cell.configurationtypes}",
                    "configurationFile": "${p?:websphere.cell.configurationfile}",
                    "configurationOutputFile": "${p:configurationFile}",
                    "wasAdminMaxHeap": "-Xmx1024m"
                },
                "type": "plugin",
                "name": "WebSphere Configuration Discovery",
                "children": []
            },
            {
                "allowFailure": false,
                "useImpersonation": false,
                "showHidden": false,
                "impersonationUseSudo": false,
                "commandName": "WebSphere - Extract Configuration Data",
                "pluginName": "WAS - Configure",
                "pluginVersion": 20,
                "properties": {
                    "configurationFile": "${p:configurationFile}",
                    "outputDir": "${p:outputDirectory}"
                },
                "type": "plugin",
                "name": "WebSphere - Extract Configuration Data",
                "children": []
            },
            {
                "allowFailure": false,
                "useImpersonation": false,
                "showHidden": false,
                "impersonationUseSudo": false,
                "commandName": "WebSphere - Templatize Cell Configuration Data",
                "pluginName": "WAS - Configure",
                "pluginVersion": 20,
                "properties": {"outputDir": "${p:outputDirectory}"},
                "type": "plugin",
                "name": "WebSphere - Templatize Cell Configuration Data",
                "children": []
            },
            {
                "allowFailure": false,
                "useImpersonation": false,
                "showHidden": false,
                "impersonationUseSudo": false,
                "commandName": "WebSphere - Templatize Node Configuration Data",
                "pluginName": "WAS - Configure",
                "pluginVersion": 20,
                "properties": {
                    "nodeName": "${p:nodeName}",
                    "outputDir": "${p:outputDirectory}"
                },
                "type": "plugin",
                "name": "WebSphere - Templatize Node Configuration Data",
                "children": []
            },
            {
                "allowFailure": false,
                "useImpersonation": false,
                "showHidden": false,
                "impersonationUseSudo": false,
                "commandName": "WebSphere - Templatize Cluster Configuration Data",
                "pluginName": "WAS - Configure",
                "pluginVersion": 20,
                "properties": {
                    "clusterName": "${p:clusterName}",
                    "outputDir": "${p:outputDirectory}",
                    "useMultiplicity": "false"
                },
                "type": "plugin",
                "name": "WebSphere - Templatize Cluster Configuration Data",
                "children": []
            },
            {
                "name": "358c12e030f251c816a8b98dc00b1e",
                "text": "Connects to a WAS instance, \ndiscovers its configuration, and \nsaves the configuration data into a \nfile (see the step's Configuration \nOutput File property).",
                "type": "note",
                "children": []
            },
            {
                "name": "df298847db3a0f63e43e7a9d677304",
                "text": "Splits the configuration file into \nmultiple files representing Cell, \nNode, Server, and Cluster \nconfigurations. ",
                "type": "note",
                "children": []
            },
            {
                "name": "52b405ba7b62b1e754fd28fc31dc46",
                "text": "Converts the Cell configuration \ndata into a reusable template.",
                "type": "note",
                "children": []
            },
            {
                "name": "4c6b40581795cf1c46e4774a550a15",
                "text": "Converts a Node's configuration \ndata into a reusable template.  A \nnode name must be specified. \nAdditional steps must be added \nfor each additional node you wish \nto templatize.",
                "type": "note",
                "children": []
            },
            {
                "name": "cefc5d819fdd99bd15bff20c429655",
                "text": "Converts a Cluster's configuration \ndata into a reusable template. A \ncluster name must be specified, or you \nmay enter ALL as the cluster name and \nall available clusters will be \ntemplatized. In this example, the Use \nMultiplicity option is unchecked.",
                "type": "note",
                "children": []
            },
            {
                "name": "1d9534a4da95f01251e6da30e86989",
                "text": "Converts a cluster member \n(server) configuration data into \na reusable template. Users must \nspecify the name of the cluster \nmember (server) and the name of the \nnode the cluster member resides on.",
                "type": "note",
                "children": []
            },
            {
                "allowFailure": false,
                "useImpersonation": false,
                "showHidden": false,
                "impersonationUseSudo": false,
                "commandName": "Run Groovy Script",
                "pluginName": "Groovy",
                "pluginVersion": 6,
                "properties": {
                    "groovyHome": "${GROOVY_HOME}",
                    "scriptBody": "import java.text.SimpleDateFormat\n\n\/\/ Get date and time\ndef today = new Date()\ndef formattedDateTime = new SimpleDateFormat(\"yyyy-MM-dd'T'HH:mm:ss.SSSZ\").format(today)\noutProps.put(\"datetime\",formattedDateTime)\n\n\/\/ Get absolute path to outputDirectory\noutputDirString = \"${p:outputDirectory}\"\noutputDirString = outputDirString.trim()\noutputDirAbs = new File(outputDirString).getAbsolutePath()\noutProps.put(\"outputDirAbs\", outputDirAbs)"
                },
                "type": "plugin",
                "name": "GetInfo",
                "children": []
            },
            {
                "allowFailure": false,
                "useImpersonation": false,
                "showHidden": false,
                "impersonationUseSudo": false,
                "workingDir": "${p:GetInfo\/outputDirAbs}\/templates\/Cell",
                "commandName": "Create Version",
                "pluginName": "IBM UrbanCode Deploy Versions",
                "pluginVersion": 62,
                "properties": {
                    "componentName": "Cell Config",
                    "versionName": "${p:GetInfo\/datetime}",
                    "uploadFiles": "true",
                    "includes": "**\/*",
                    "excludes": "",
                    "saveFileExecuteBits": "false"
                },
                "type": "plugin",
                "name": "Create Cell Config component version",
                "children": []
            },
            {
                "allowFailure": false,
                "useImpersonation": false,
                "showHidden": false,
                "impersonationUseSudo": false,
                "workingDir": "${p:GetInfo\/outputDirAbs}\/templates\/Node-${p:Trim property whitespaces\/nodeName}",
                "commandName": "Create Version",
                "pluginName": "IBM UrbanCode Deploy Versions",
                "pluginVersion": 62,
                "properties": {
                    "componentName": "Node Config",
                    "versionName": "${p:GetInfo\/datetime}",
                    "uploadFiles": "true",
                    "includes": "**\/*",
                    "excludes": "",
                    "saveFileExecuteBits": "false"
                },
                "type": "plugin",
                "name": "Create Node Config component version",
                "children": []
            },
            {
                "allowFailure": false,
                "useImpersonation": false,
                "showHidden": false,
                "impersonationUseSudo": false,
                "workingDir": "${p:GetInfo\/outputDirAbs}\/templates\/Cluster-${p:Trim property whitespaces\/clusterName}",
                "commandName": "Create Version",
                "pluginName": "IBM UrbanCode Deploy Versions",
                "pluginVersion": 62,
                "properties": {
                    "componentName": "Cluster Config - No Multiplicity",
                    "versionName": "${p:GetInfo\/datetime}",
                    "uploadFiles": "true",
                    "includes": "**\/*",
                    "excludes": "",
                    "saveFileExecuteBits": "false"
                },
                "type": "plugin",
                "name": "Create Cluster Config component version",
                "children": []
            },
            {
                "allowFailure": false,
                "useImpersonation": false,
                "showHidden": false,
                "impersonationUseSudo": false,
                "commandName": "WebSphere - Templatize Server Configuration Data",
                "pluginName": "WAS - Configure",
                "pluginVersion": 20,
                "properties": {
                    "serverName": "${p:serverName}",
                    "sourceNodeName": "${p:nodeName}",
                    "outputDir": "${p:outputDirectory}"
                },
                "type": "plugin",
                "name": "Templatize first cluster member",
                "children": []
            },
            {
                "allowFailure": false,
                "useImpersonation": false,
                "showHidden": false,
                "impersonationUseSudo": false,
                "commandName": "WebSphere - Templatize Server Configuration Data",
                "pluginName": "WAS - Configure",
                "pluginVersion": 20,
                "properties": {
                    "serverName": "${p:serverName2}",
                    "sourceNodeName": "${p:nodeName}",
                    "outputDir": "${p:outputDirectory}"
                },
                "type": "plugin",
                "name": "Templatize second cluster member",
                "children": []
            },
            {
                "allowFailure": false,
                "useImpersonation": false,
                "showHidden": false,
                "impersonationUseSudo": false,
                "commandName": "Create Component",
                "pluginName": "IBM UrbanCode Deploy Components",
                "pluginVersion": 66,
                "properties": {
                    "component": "Server - ${p:Trim property whitespaces\/serverName}",
                    "description": "",
                    "template": "WebSphere - Server Config",
                    "templateVersion": "",
                    "sourceConfig": "None",
                    "defaultVersionType": "Full",
                    "importAutomatically": "false",
                    "useVfs": "false",
                    "sourceConfigProps": ""
                },
                "type": "plugin",
                "name": "Create Server Component for cluster member 1",
                "children": []
            },
            {
                "allowFailure": false,
                "useImpersonation": false,
                "showHidden": false,
                "impersonationUseSudo": false,
                "commandName": "Create Component",
                "pluginName": "IBM UrbanCode Deploy Components",
                "pluginVersion": 66,
                "properties": {
                    "component": "Server - ${p:Trim property whitespaces\/serverName2}",
                    "description": "",
                    "template": "WebSphere - Server Config",
                    "templateVersion": "",
                    "sourceConfig": "None",
                    "defaultVersionType": "Full",
                    "importAutomatically": "false",
                    "useVfs": "false",
                    "sourceConfigProps": ""
                },
                "type": "plugin",
                "name": "Create Server Component for cluster member 2",
                "children": []
            },
            {
                "allowFailure": false,
                "useImpersonation": false,
                "showHidden": false,
                "impersonationUseSudo": false,
                "workingDir": "${p:GetInfo\/outputDirAbs}\/templates\/Server-${p:Trim property whitespaces\/serverName}-from_node-${p:Trim property whitespaces\/nodeName}",
                "commandName": "Create Version",
                "pluginName": "IBM UrbanCode Deploy Versions",
                "pluginVersion": 62,
                "properties": {
                    "componentName": "Server - ${p:serverName}",
                    "versionName": "${p:GetInfo\/datetime}",
                    "uploadFiles": "true",
                    "includes": "**\/*",
                    "excludes": "",
                    "saveFileExecuteBits": "false"
                },
                "type": "plugin",
                "name": "Create Cluster Member 1 component version",
                "children": []
            },
            {
                "allowFailure": false,
                "useImpersonation": false,
                "showHidden": false,
                "impersonationUseSudo": false,
                "workingDir": "${p:GetInfo\/outputDirAbs}\/templates\/Server-${p:Trim property whitespaces\/serverName2}-from_node-${p:Trim property whitespaces\/nodeName}",
                "commandName": "Create Version",
                "pluginName": "IBM UrbanCode Deploy Versions",
                "pluginVersion": 62,
                "properties": {
                    "componentName": "Server - ${p:serverName2}",
                    "versionName": "${p:GetInfo\/datetime}",
                    "uploadFiles": "true",
                    "includes": "**\/*",
                    "excludes": "",
                    "saveFileExecuteBits": "false"
                },
                "type": "plugin",
                "name": "Create Cluster Member 2 component version",
                "children": []
            },
            {
                "name": "e899b76964e03c11c8f6f636634a45",
                "text": "This process assumes there is a cluster\n with two cluster members.  Both cluster \nmembers exist on the same node.",
                "type": "note",
                "children": []
            },
            {
                "name": "970c54cc4c5529c0a2b1b23dc07827",
                "text": "Templatize the second cluster member.",
                "type": "note",
                "children": []
            },
            {
                "name": "aba1c0c02492227d4a59d97e09f8a6",
                "text": "Create components for the cluster \nmembers if they don't exist.  Please \nnote, the Check if Component Exists \nstep shows as failed if the component \ndoes not exist, so you may see failed \nsteps when running this process.",
                "type": "note",
                "children": []
            },
            {
                "name": "6e7203ba518d4a59307cce8ceb6bfc",
                "text": "Gets the location of the templates and \nthe date\/time (for use as a date stamp when \ncreating component versions later).",
                "type": "note",
                "children": []
            },
            {
                "name": "f51f1399e14fbf7c826457ddaa06f5",
                "text": "The remaining steps create component \nversions for the various components.",
                "type": "note",
                "children": []
            },
            {
                "allowFailure": false,
                "useImpersonation": false,
                "showHidden": false,
                "impersonationUseSudo": false,
                "commandName": "Delete Files and Directories",
                "pluginName": "File Utils",
                "pluginVersion": 41,
                "properties": {
                    "baseDir": ".",
                    "includes": "**\/*\n*",
                    "excludes": "",
                    "followSymlinks": "false",
                    "caseSensitive": "true"
                },
                "type": "plugin",
                "name": "Clean working directory",
                "children": []
            },
            {
                "name": "beea376e3f401df2fc16cb687f279c",
                "text": "Clear out the working directory",
                "type": "note",
                "children": []
            },
            {
                "allowFailure": false,
                "useImpersonation": false,
                "showHidden": false,
                "impersonationUseSudo": false,
                "commandName": "Run Groovy Script",
                "pluginName": "Groovy",
                "pluginVersion": 6,
                "properties": {
                    "groovyHome": "${GROOVY_HOME}",
                    "scriptBody": "def nodeName = \"${p:nodeName}\"\ndef clusterName = \"${p:clusterName}\"\ndef serverName = \"${p:serverName}\"\ndef serverName2 = \"${p:serverName2}\"\n\noutProps.put(\"nodeName\", nodeName.trim())\noutProps.put(\"clusterName\", clusterName.trim())\noutProps.put(\"serverName\", serverName.trim())\noutProps.put(\"serverName2\", serverName2.trim())"
                },
                "type": "plugin",
                "name": "Trim property whitespaces",
                "children": []
            },
            {
                "name": "ab023ba0860d4c2c8013b6a91af6c2",
                "text": "Need to trim any leading\/trailing \nwhitespaces in properties to ensure \ncomponent versions are created. This \nstep will need to be updated if changing \nprocess properties.",
                "type": "note",
                "children": []
            },
            {
                "allowFailure": false,
                "useImpersonation": false,
                "showHidden": false,
                "impersonationUseSudo": false,
                "commandName": "Check If Component Exists",
                "pluginName": "IBM UrbanCode Deploy Components",
                "pluginVersion": 66,
                "properties": {"component": "Server - ${p:Trim property whitespaces\/serverName}"},
                "type": "plugin",
                "name": "Check If Server Component for cluster member 1 exists",
                "children": []
            },
            {
                "allowFailure": false,
                "useImpersonation": false,
                "showHidden": false,
                "impersonationUseSudo": false,
                "commandName": "Check If Component Exists",
                "pluginName": "IBM UrbanCode Deploy Components",
                "pluginVersion": 66,
                "properties": {"component": "Server - ${p:Trim property whitespaces\/serverName2}"},
                "type": "plugin",
                "name": "Check If Server Component for cluster member 2 exists",
                "children": []
            }
        ]
    },
    "properties": [
        {
            "name": "contextType",
            "value": "Resource",
            "description": "",
            "secure": false
        },
        {
            "name": "defaultResourceId",
            "description": "",
            "secure": false
        },
        {
            "name": "workingDir",
            "value": "${p:resource\/work.dir}\/${p:process.name}",
            "description": "",
            "secure": false
        }
    ],
    "propDefs": [
        {
            "name": "configurationFile",
            "label": "Configuration File",
            "pattern": "",
            "type": "TEXT",
            "value": "discovered_configuration.txt",
            "required": true,
            "description": "Location and name of the file which will contain configuration data (for example, \/tmp\/foo\/was_config_data.txt)",
            "placeholder": ""
        },
        {
            "name": "outputDirectory",
            "label": "Output Directory",
            "pattern": "",
            "type": "TEXT",
            "value": "extractAndTemplatizeOutput",
            "required": true,
            "description": "Location where templates created by this process will be stored. Each extract\/templatize step in a process must use the same output directory. In this directory, folders named extracted (contains configuration data split into different scopes) and templates (contains tokenized, resuable templates) will be created. Example value: \/tmp\/foo\/DataAndTemplates",
            "placeholder": ""
        },
        {
            "name": "nodeName",
            "label": "Node Name",
            "pattern": "",
            "type": "TEXT",
            "required": true,
            "description": "Name of the node to templatize",
            "placeholder": ""
        },
        {
            "name": "clusterName",
            "label": "Cluster Name",
            "pattern": "",
            "type": "TEXT",
            "required": true,
            "description": "Name of the cluster to templatize",
            "placeholder": ""
        },
        {
            "name": "serverName",
            "label": "Cluster Member 1",
            "pattern": "",
            "type": "TEXT",
            "required": true,
            "description": "Name of the first server (cluster member) to templatize",
            "placeholder": ""
        },
        {
            "name": "serverName2",
            "label": "Cluster member 2",
            "pattern": "",
            "type": "TEXT",
            "required": true,
            "description": "Name of the second server (cluster member) to templatize",
            "placeholder": ""
        }
    ],
    "teamMappings": []
}