<?xml version="1.0" encoding="UTF-8"?>

<!-- 
====================================================================== 
Licensed Materials - Property of IBM Corp. 
IBM Rational Automation Framework 
(c) Copyright IBM Corporation 2003, 2012. All Rights Reserved.   

U.S. Government Users Restricted Rights - Use, duplication or disclosure restricted by 
GSA ADP Schedule Contract with IBM Corp. 


File name: configure_wve_common_nd_cluster.xml

Common configure actions available at the cluster scope shared by WVE, WAS 8.5 and higher version
====================================================================== 
-->

<project default="default" basedir=".">
	<description>
		Contains configuration tasks for WVE ND cluster
	</description>

	<!-- import custom targets  -->
	<import file="${RAFW_HOME}/user/actions/configure/wve/common/nd/cluster/custom_configure_wve_common_nd_cluster.xml" />

	<!-- Import wve common all-scope configure targets -->
	<import file="${RAFW_HOME}/product/actions/configure/wve/common/configure_wve_common.xml" />

	<!-- Import wve common cluster scope configure targets -->
	<import file="${RAFW_HOME}/product/actions/configure/wve/common/nd/cluster/configure_wve_common_nd_cluster_private.xml" />

	<rafwaction name="wve_common_configure_create_dyncluster">
	</rafwaction>
	<target name="wve_common_configure_create_dyncluster"
	        description="Creates dynamic cluster."
	        depends="wve_common_configure_create_dyncluster_private">
	</target>

	<rafwaction name="wve_common_configure_delete_dyncluster">
	</rafwaction>
	<target name="wve_common_configure_delete_dyncluster"
	        description="Deletes dynamic cluster."
	        depends="wve_common_configure_delete_dyncluster_private">
	</target>

	<rafwaction name="wve_common_configure_start_dyncluster">
		<inherit name="wve_common_configure_start_dyncluster_private" />
	</rafwaction>
	<target name="wve_common_configure_start_dyncluster"
	        depends="wve_common_configure_start_dyncluster_private"
	        description="Start dynclusters, use -u CLUSTER_NAME to choose a specific cluster">
	</target>

	<rafwaction name="wve_common_configure_stop_dyncluster">
		<inherit name="wve_common_configure_stop_dyncluster_private" />
	</rafwaction>
	<target name="wve_common_configure_stop_dyncluster"
	        depends="wve_common_configure_stop_dyncluster_private"
	        description="Stop dynclusters , use -u CLUSTER_NAME to choose a specific cluster">
	</target>

	<rafwaction name="wve_common_configure_dyncluster_operational_mode">
		<inherit name="wve_common_configure_dyncluster_operational_mode_private" />
	</rafwaction>
	<target name="wve_common_configure_dyncluster_operational_mode"
	        depends="wve_common_configure_dyncluster_operational_mode_private"
	        description="Configure the operational mode for dynamic cluster, use -u CLUSTER_NAME to choose a specific cluster">
	</target>

	<rafwaction name="wve_common_configure_create_odrcluster">
	</rafwaction>
	<target name="wve_common_configure_create_odrcluster"
	        description="Creates odr cluster"
	        depends="wve_common_configure_create_odrcluster_private">
	</target>

	<rafwaction name="wve_common_configure_dyncluster">
		<inherit name="wve_common_configure_dyncluster_private" />
	</rafwaction>
	<target name="wve_common_configure_dyncluster"
	        depends="wve_common_configure_dyncluster_private"
	        description="Manages the dynamic cluster settings">
	</target>

	<rafwaction name="wve_common_configure_dyncluster_template_all">
		<inherit name="wve_common_configure_dyncluster_template_all_private" />
	</rafwaction>
	<target name="wve_common_configure_dyncluster_template_all"
	        depends="wve_common_configure_dyncluster_template_all_private"
	        description="Manages dynamic cluster member template">
	</target>

	<rafwaction name="wve_common_configure_dyncluster_template_activitysession_service">
		<inherit name="wve_common_configure_dyncluster_template_activitysession_service_private" />
	</rafwaction>
	<target name="wve_common_configure_dyncluster_template_activitysession_service"
	        depends="wve_common_configure_dyncluster_template_activitysession_service_private"
	        description="Manages the Activity Session Service for dynamic cluster member template">
	</target>

	<rafwaction name="wve_common_configure_dyncluster_template_admin_service">
		<inherit name="wve_common_configure_dyncluster_template_admin_service_private" />
	</rafwaction>
	<target name="wve_common_configure_dyncluster_template_admin_service"
	        depends="wve_common_configure_dyncluster_template_admin_service_private"
	        description="Manages the Admin Service for dynamic cluster member template">
	</target>

	<rafwaction name="wve_common_configure_dyncluster_template_application_server">
		<inherit name="wve_common_configure_dyncluster_template_application_server_private" />
	</rafwaction>
	<target name="wve_common_configure_dyncluster_template_application_server"
	        depends="wve_common_configure_dyncluster_template_application_server_private"
	        description="Manages the Application Server settings for dynamic cluster member template">
	</target>

	<rafwaction name="wve_common_configure_dyncluster_template_cgb_service">
		<inherit name="wve_common_configure_dyncluster_template_cgb_service_private" />
	</rafwaction>
	<target name="wve_common_configure_dyncluster_template_cgb_service"
	        depends="wve_common_configure_dyncluster_template_cgb_service_private"
	        description="Manages the Core Group Bridge Service for dynamic cluster member template">
	</target>

	<rafwaction name="wve_common_configure_dyncluster_template_classloader">
		<inherit name="wve_common_configure_dyncluster_template_classloader_private" />
	</rafwaction>
	<target name="wve_common_configure_dyncluster_template_classloader"
	        depends="wve_common_configure_dyncluster_template_classloader_private"
	        description="Manage the classloaders for dynamic cluster member template">
	</target>

	<rafwaction name="wve_common_configure_dyncluster_template_custom_service">
		<inherit name="wve_common_configure_dyncluster_template_custom_service_private" />
	</rafwaction>
	<target name="wve_common_configure_dyncluster_template_custom_service"
	        depends="wve_common_configure_dyncluster_template_custom_service_private"
	        description="Manages the Custom Services for dynamic cluster member template">
	</target>

	<rafwaction name="wve_common_configure_dyncluster_template_diagnostic_service">
		<inherit name="wve_common_configure_dyncluster_template_diagnostic_service_private" />
	</rafwaction>
	<target name="wve_common_configure_dyncluster_template_diagnostic_service"
	        depends="wve_common_configure_dyncluster_template_diagnostic_service_private"
	        description="Manages the Diagnostic Trace Service for dynamic cluster member template">
	</target>

	<rafwaction name="wve_common_configure_dyncluster_template_error_stream">
		<inherit name="wve_common_configure_dyncluster_template_error_stream_private" />
	</rafwaction>
	<target name="wve_common_configure_dyncluster_template_error_stream"
	        depends="wve_common_configure_dyncluster_template_error_stream_private"
	        description="Manages the Error Stream Redirect configuration for dynamic cluster member template">
	</target>

	<rafwaction name="wve_common_configure_dyncluster_template_ha_service">
		<inherit name="wve_common_configure_dyncluster_template_ha_service_private" />
	</rafwaction>
	<target name="wve_common_configure_dyncluster_template_ha_service"
	        depends="wve_common_configure_dyncluster_template_ha_service_private"
	        description="Manages the HA Manager service for dynamic cluster member template">
	</target>

	<rafwaction name="wve_common_configure_dyncluster_template_http_logging">
		<inherit name="wve_common_configure_dyncluster_template_http_logging_private" />
	</rafwaction>
	<target name="wve_common_configure_dyncluster_template_http_logging"
	        depends="wve_common_configure_dyncluster_template_http_logging_private"
	        description="Manages the HTTP Access Logging Service for dynamic cluster member template">
	</target>

	<rafwaction name="wve_common_configure_dyncluster_template_i18n_service">
		<inherit name="wve_common_configure_dyncluster_template_i18n_service_private" />
	</rafwaction>
	<target name="wve_common_configure_dyncluster_template_i18n_service"
	        depends="wve_common_configure_dyncluster_template_i18n_service_private"
	        description="Manages the Internatiionalization (I18N) Service for dynamic cluster member template">
	</target>

	<rafwaction name="wve_common_configure_dyncluster_template_java_def">
		<inherit name="wve_common_configure_dyncluster_template_java_def_private" />
	</rafwaction>
	<target name="wve_common_configure_dyncluster_template_java_def"
	        depends="wve_common_configure_dyncluster_template_java_def_private"
	        description="Manages the Java Process Def for dynamic cluster member template">
	</target>

	<rafwaction name="wve_common_configure_dyncluster_template_jpa_service">
		<inherit name="wve_common_configure_dyncluster_template_jpa_service_private" />
	</rafwaction>
	<target name="wve_common_configure_dyncluster_template_jpa_service"
	        depends="wve_common_configure_dyncluster_template_jpa_service_private"
	        description="Manages the Default Java Persistence API Service for dynamic cluster member template">
	</target>

	<rafwaction name="wve_common_configure_dyncluster_template_message_listener_service">
		<inherit name="wve_common_configure_dyncluster_template_message_listener_service_private" />
	</rafwaction>
	<target name="wve_common_configure_dyncluster_template_message_listener_service"
	        depends="wve_common_configure_dyncluster_template_message_listener_service_private"
	        description="Manages the Listener service for dynamic cluster member template">
	</target>

	<rafwaction name="wve_common_configure_dyncluster_template_name_server">
		<inherit name="wve_common_configure_dyncluster_template_name_server_private" />
	</rafwaction>
	<target name="wve_common_configure_dyncluster_template_name_server"
	        depends="wve_common_configure_dyncluster_template_name_server_private"
	        description="Manages the Name Server for dynamic cluster member template">
	</target>

	<rafwaction name="wve_common_configure_dyncluster_template_objectpool_service">
		<inherit name="wve_common_configure_dyncluster_template_objectpool_service_private" />
	</rafwaction>
	<target name="wve_common_configure_dyncluster_template_objectpool_service"
	        depends="wve_common_configure_dyncluster_template_objectpool_service_private"
	        description="Manages the Object Pool Service for dynamic cluster member template">
	</target>

	<rafwaction name="wve_common_configure_dyncluster_template_orb">
		<inherit name="wve_common_configure_dyncluster_template_orb_private" />
	</rafwaction>
	<target name="wve_common_configure_dyncluster_template_orb"
	        depends="wve_common_configure_dyncluster_template_orb_private"
	        description="Manages the Object Request Broker for dynamic cluster member template">
	</target>

	<rafwaction name="wve_common_configure_dyncluster_template_output_stream">
		<inherit name="wve_common_configure_dyncluster_template_output_stream_private" />
	</rafwaction>
	<target name="wve_common_configure_dyncluster_template_output_stream"
	        depends="wve_common_configure_dyncluster_template_output_stream_private"
	        description="Manages the Output Stream Redirect configuration for dynamic cluster member template">
	</target>

	<rafwaction name="wve_common_configure_dyncluster_template_pmi_service">
		<inherit name="wve_common_configure_dyncluster_template_pmi_service_private" />
	</rafwaction>
	<target name="wve_common_configure_dyncluster_template_pmi_service"
	        depends="wve_common_configure_dyncluster_template_pmi_service_private"
	        description="Manages the PMI Service for dynamic cluster member template">
	</target>

	<rafwaction name="wve_common_configure_dyncluster_template_profile_service">
		<inherit name="wve_common_configure_dyncluster_template_profile_service_private" />
	</rafwaction>
	<target name="wve_common_configure_dyncluster_template_profile_service"
	        depends="wve_common_configure_dyncluster_template_profile_service_private"
	        description="Manages the Profile service for dynamic cluster member template">
	</target>

	<rafwaction name="wve_common_configure_dyncluster_template_ras_service">
		<inherit name="wve_common_configure_dyncluster_template_ras_service_private" />
	</rafwaction>
	<target name="wve_common_configure_dyncluster_template_ras_service"
	        depends="wve_common_configure_dyncluster_template_ras_service_private"
	        description="Manages the RAS Logging Service for dynamic cluster member template">
	</target>

	<rafwaction name="wve_common_configure_dyncluster_template_sib_service">
		<inherit name="wve_common_configure_dyncluster_template_sib_service_private" />
	</rafwaction>
	<target name="wve_common_configure_dyncluster_template_sib_service"
	        depends="wve_common_configure_dyncluster_template_sib_service_private"
	        description="Manages the SIB Service for dynamic cluster member template">
	</target>

	<rafwaction name="wve_common_configure_dyncluster_template_startupbeans_service">
		<inherit name="wve_common_configure_dyncluster_template_startupbeans_service_private" />
	</rafwaction>
	<target name="wve_common_configure_dyncluster_template_startupbeans_service"
	        depends="wve_common_configure_dyncluster_template_startupbeans_service_private"
	        description="Manages the StartupBeans Service for dynamic cluster member template">
	</target>

	<rafwaction name="wve_common_configure_dyncluster_template_stats_provider">
		<inherit name="wve_common_configure_dyncluster_template_stats_provider_private" />
	</rafwaction>
	<target name="wve_common_configure_dyncluster_template_stats_provider"
	        depends="wve_common_configure_dyncluster_template_stats_provider_private"
	        description="Manages the Statistics Provider for dynamic cluster member template">
	</target>

	<rafwaction name="wve_common_configure_dyncluster_template_thread_pool">
		<inherit name="wve_common_configure_dyncluster_template_thread_pool_private" />
	</rafwaction>
	<target name="wve_common_configure_dyncluster_template_thread_pool"
	        depends="wve_common_configure_dyncluster_template_thread_pool_private"
	        description="Manages the Thread Pool Manager for dynamic cluster member template">
	</target>

	<rafwaction name="wve_common_configure_dyncluster_template_trace_service">
		<inherit name="wve_common_configure_dyncluster_template_trace_service_private" />
	</rafwaction>
	<target name="wve_common_configure_dyncluster_template_trace_service"
	        depends="wve_common_configure_dyncluster_template_trace_service_private"
	        description="Manages the Trace Service for dynamic cluster member template">
	</target>

	<rafwaction name="wve_common_configure_dyncluster_template_tpv_service">
		<inherit name="wve_common_configure_dyncluster_template_tpv_service_private" />
	</rafwaction>
	<target name="wve_common_configure_dyncluster_template_tpv_service"
	        depends="wve_common_configure_dyncluster_template_tpv_service_private"
	        description="Manages the TPV Service for dynamic cluster member template">
	</target>

	<rafwaction name="wve_common_configure_dyncluster_template_tx_chains">
		<inherit name="wve_common_configure_dyncluster_template_tx_chains_private" />
	</rafwaction>
	<target name="wve_common_configure_dyncluster_template_tx_chains"
	        depends="wve_common_configure_dyncluster_template_tx_chains_private"
	        description="Manages the transport chains for dynamic cluster member template">
	</target>

	<rafwaction name="wve_common_configure_dyncluster_template_workarea_service">
		<inherit name="wve_common_configure_dyncluster_template_workarea_service_private" />
	</rafwaction>
	<target name="wve_common_configure_dyncluster_template_workarea_service"
	        depends="wve_common_configure_dyncluster_template_workarea_service_private"
	        description="Manages the WorkArea Service for dynamic cluster member template">
	</target>
	
	<rafwaction name="wve_common_configure_odr_routing_rules">
		<inherit name="wve_common_configure_odr_routing_rules_private" />
	</rafwaction>
	<target name="wve_common_configure_odr_routing_rules"
	        depends="wve_common_configure_odr_routing_rules_private"
	        description="Manages WVE ODR Routing policy">
	</target>
</project>