<?xml version="1.0" encoding="UTF-8"?><!--
- Licensed Materials - Property of IBM Corp.
- IBM UrbanCode Build
- IBM UrbanCode Deploy
- IBM UrbanCode Release
- IBM AnthillPro
- (c) Copyright IBM Corporation 2002, 2016. All Rights Reserved.
-
- U.S. Government Users Restricted Rights - Use, duplication or disclosure restricted by
- GSA ADP Schedule Contract with IBM Corp.
--><pluginInfo>

  <!-- Do not change the release-version, the build process injects it. -->
  <release-version>7.906819</release-version>


  <release-notes>
    <!--
      **release-note IS required**

      The plugin version name must match the plugin version found in the plugin.xml file

      The release-note should document the changes, improvements, or bug fixes introduced
      with the new plugin version

      The release-note may contain text or reference a file in the plugin zip package

      For example your release note could be:
      Support for was added for version 10.0 for software X
      or
      releaseNotes/release1.html (where release1.html contains html formatted version information)

      To add a new release note add this with a description in it of the changes:
      <release-note plugin-version="9">....</release-note>

      Our automated release process will replace 'LATEST' with the released version.

      If this already exists in the file, then the described changes have not been released yet and
      you should just append to the existing 'LATEST' tag.
      -->

      <release-note plugin-version="1">
 Installing this plugin will enable you to invoke a ConfigEngine command as well as an XMLAccess script on a WebSphere Portal server. It also supports the deployment of Portal themes, skins, PAAs and WARs.
      1. Code change to preserve whitespaces in the generated XML Access scripts
      2. Code change to explicitly set XML validation to false while parsing
      </release-note>
      <release-note plugin-version="2">
      1. Add additional arguments field to "Install PAA" step
      2. FIX 40735: WebSphere Portal Plugin not finding WAS command path
      </release-note>
      <release-note plugin-version="3">
Fixes APAR PI68508 - Allow user to specify portal context root for following plugin steps:  Deploy Portal WAR, Deploy Theme, Invoke XMLAccess scripts
      </release-note>
    <release-note plugin-version="4">
Support property file encryption.
    </release-note>
    <release-note plugin-version="5">
Fixes APAR PI73113 - The Connection Port property in the "Deploy Theme" and "Deploy Portal WAR" steps is required if the Dmgr and Portal Servers are on separate servers.
Changed the "WebSphere Portal server configuration port" property to "Virtual Portal port" to reduce confusion.
    </release-note>
    <release-note plugin-version="7">
Deploy Portal WAR step now allows users to retrieve the application OID using WAS credentials (as opposed to Portal credentials)
    </release-note>
  </release-notes>
</pluginInfo>