<?xml version="1.0" encoding="UTF-8"?>
<!--
- Licensed Materials - Property of IBM Corp.
- IBM UrbanCode Build
- IBM UrbanCode Deploy
- IBM UrbanCode Release
- IBM AnthillPro
- (c) Copyright IBM Corporation 2002, 2013. All Rights Reserved.
-
- U.S. Government Users Restricted Rights - Use, duplication or disclosure restricted by
- GSA ADP Schedule Contract with IBM Corp.
-->
<pluginInfo>
  <author>
    <name>IBM AMC Team</name>
    <email></email>
    <website>http://www.ibm.com</website>
  </author>
  <licenses>
    <license></license>
  </licenses>
  <integrationType>Deploy</integrationType>
  <categories>
    <category>IBM</category>
	<category>middleware</category>
  </categories>
  <versions>
    <version name="1">
	  <releaseNote>
The WebSphere Portal plugin can be used to invoke a ConfigEngine command or an XMLAccess script on a WebSphere Portal server. It can also be used to deploy themes, skins, PAAs and WARs.
	   </releaseNote>
    </version>
  </versions>
</pluginInfo>
