<?xml version="1.0" encoding="UTF-8"?>

<!-- 
====================================================================== 
Licensed Materials - Property of IBM Corp. 
IBM Rational Automation Framework 
(c) Copyright IBM Corporation 2003, 2012. All Rights Reserved.   

U.S. Government Users Restricted Rights - Use, duplication or disclosure restricted by 
GSA ADP Schedule Contract with IBM Corp. 


File name: configure_was_common_nd_odr_cluster.xml

Contains configuration actions available at the ODR cluster scope
====================================================================== 
-->

<project default="default" basedir=".">
	<description>
		Contains configuration actions available at the odr cluster scope which was introduced in WAS 8.5
	</description>

	<!-- import custom targets  -->
	<import file="${RAFW_HOME}/user/actions/configure/was/common/nd/cluster/custom_configure_was_common_nd_odr_cluster.xml" />

	<!-- Import wve common all-scope configure targets -->
	<import file="${RAFW_HOME}/product/actions/configure/wve/common/configure_wve_odr_cluster_server.xml" />

	<!-- Import wve common cluster scope configure targets -->
	<import file="${RAFW_HOME}/product/actions/configure/wve/common/nd/cluster/configure_wve_common_nd_cluster_private.xml" />

	<rafwaction name="was_common_configure_odr_routing_rules">
		<inherit name="wve_common_configure_odr_routing_rules_private" />
	</rafwaction>
	<target name="was_common_configure_odr_routing_rules"
	        depends="wve_common_configure_odr_routing_rules_private"
	        description="Manages WAS ODR Routing policy">
	</target>
</project>