<?xml version="1.0" encoding="UTF-8"?>
<!--
- Licensed Materials - Property of IBM Corp.
- IBM UrbanCode Deploy
- (c) Copyright IBM Corporation 2011, 2014. All Rights Reserved.
-
- U.S. Government Users Restricted Rights - Use, duplication or disclosure restricted by
- GSA ADP Schedule Contract with IBM Corp.
-->
<plugin-upgrade
        xmlns="http://www.urbancode.com/UpgradeXMLSchema_v1"
        xmlns:xsi="http://www.w3.org/2001/XMLSchema-instance">

  <migrate to-version="2">
    <migrate-command name="Create Deployment Manager Profile" />
    <migrate-command name="Start Deployment Manager" />
    <migrate-command name="Remove Deployment Manager Profile" />
    <migrate-command name="Stop Deployment Manager" />
    <migrate-command name="Stop WebSphere Application Server Process" />
    <migrate-command name="Install WebSphere Application Server" />
    <migrate-command name="Uninstall WebSphere Application Server" />
    <migrate-command name="Create Node Profile" />
    <migrate-command name="Start and Register Node" />
    <migrate-command name="Remove Node Profile" />
    <migrate-command name="Stop Node" />
  </migrate>
  
</plugin-upgrade>