<?xml version="1.0" encoding="UTF-8" standalone="no"?>
<!--
    (c) Copyright IBM Corporation 2015.
    (c) Copyright HCL Technologies Ltd. 2018, 2020. All Rights Reserved.
    This is licensed under the following license.
    The Eclipse Public 1.0 License (http://www.eclipse.org/legal/epl-v10.html)
    U.S. Government Users Restricted Rights:  Use, duplication or disclosure restricted by GSA ADP Schedule Contract with IBM Corp.
--><pluginInfo>
  <!--
  
  **author name IS required**
  
  The Author Section is used to give credit to the author of the plugin.
  Name is the only required element/attribute, but feel free to also include your email, 
  website  or bio to allow users of your plugin to praise your work, ask questions 
  or share their use case to help grow your plugin's functionality. 
  -->
  
  <author name="UrbanCode">
    <organization>UrbanCode</organization>
    <email/>
    <website/>
    <bio/>
  </author>
  
  <!--
  
  **intergration type IS Required**
  
  The integration type section identifies where the plugin fits into the process
  excepted types are SCM, Build, Artifact, Automation, Deploy 
  
  For example:
  
  The plugin pulls Artifacts from an artifact repository during deployment
  the Type would be "Artifact"
  or 
  The plugin deploys to a middleware server 
  the Type would be "Deploy"
  -->
  
  <integration type="automation"/>
  
  
  <!-- 
  **source is NOT required**
  
  The source section identifies the location of the plugin source code
  For example 
  https://github.com/...
  -->
  <!--
  <source url=""/>
  -->
  <!-- 
  **license type is NOT required**
  
  If your plugin uses any licensed software please acknowledge it by 
  listing the license type below  
  -->
  <!--
  <licenses>
    <license type=""/>
  </licenses>
  -->
  <!-- 
  **tool-description IS required**
  
  The tool-description section is used to summarize the software 
  the plugin was created to integrate with. 
  
  For example: 
  Apache Ant is a software tool to automate software processes during the build or 
  deployment of an application. Ant uses an propitiatory XML file to define build 
  and/or deployment steps(referred to as targets by ant) . The Ant executable is 
  called to execute the targets in the build.xml.
  -->
  
  <tool-description>This plugin enables you to use HCL AppScan on Cloud (ASoC) easily from UrbanCode.</tool-description>
  
  <!-- 
  **related-info is NOT required**
  
  The releated-info section is used to define links which may be useful to users of the plugin 
  but don't fall into the release-notes or tool-description section. 
  
  For example: releated-info can be links to pdf documentation, help videos related to plugin setup or the product's
  website.
  
  excepted values for type include: PDF, WEBSITE, VIDEO  
  -->
  
  <related-info/>    
  
  <!-- 
  **meta-html in NOT required**
  
  The meta-html section is used define the meta description and the meta keywords of the plugin page.The meta 
  description tag allows you to influence the description of your page in the web crawlers that support the 
  tag The meta keywords tag allows   you to provide additional text for crawler-based search engines to index 
  along with your body copy. 
  
  If multiple keywords are used they must be comma(,) delimited   
  -->  
  
  <meta-html>
    <meta content="" name="description"/>
    <meta content="" name="keywords"/>  
  </meta-html>
    
  <!-- Do not change the release-version, the build process injects it. -->
  <release-version>13.1052799</release-version>
    
    
  <release-notes>
    <!--
      **release-note IS required**
      
      The plugin-version name must match the plugin version found in the plugin.xml file 
      
      The release-note should document the changes, improvements, or bug fixes introduced 
      with the new plugin version 
        
      The release-note may contain text or reference a file in the plugin zip package
      
      For example your release note could be:
      Support for was added for version 10.0 for software X
      or 
      releaseNotes/release1.html (where release1.html contains html formatted version information)
      
      To add a new release note add this with a description in it of the changes:
      <release-note plugin-version="1">....</release-note>
      
      Our automated release process will replace 'LATEST' with the released version.
      
      If this already exists in the file, then the described changes have not been released yet and
      you should just append to the existing 'LATEST' tag.
      -->	  	 
      
	  <release-note plugin-version="1">
Initial version
	  </release-note>
	  <release-note plugin-version="2">
Migrate internal logic to work with cloud V2 APIs
	  </release-note>
	  <release-note plugin-version="3">
Changing our portal domain from appscan.ibmcloud.com to appscan.bluemix.net (and adding hidden experimental feature 'PSS')
	  </release-note>
	  <release-note plugin-version="4">
Upgrade to http-builder-0.7.2-uc.jar, and change our portal domain from appscan.bluemix.net to appscan.ibmcloud.com
	  </release-note>
	  <release-note plugin-version="5">
Rename plugin from "Application Security Testing (Smartcloud Exchange)" to "IBM Application Security on Cloud" and add  support for running a DAST(Domain Verification not supported) and SAST scans
	  </release-note>
	  <release-note plugin-version="6">
Rename the step "Start Mobile Analyzer Scan" into "Start Android Mobile Analyzer ASoC Scan"
	  </release-note>
	  <release-note plugin-version="7">
Add step "Start iOS Analyzer ASoC Scan"
	  </release-note>
	  <release-note plugin-version="8">
Add "testPolicy" to "Start Dynamic Analyzer ASoC Scan" step. Migrate the "Start iOS Analyzer ASoC Scan" from working with IPAX generator, to working with "ipa" file
	  </release-note>
	  <release-note plugin-version="9">
Remove old deprecated "projectLocation" and "workspaceScheme" fields from "Start iOS Scan" step ("ipaFileLocation" already replaced them)
	  </release-note>
      <release-note plugin-version="10">
<ul>
<li>Complete rewrite of former plugin to fix broken scan steps.</li>
<li>Added Application ID property to scan steps.</li>
<li>Changed authentication to API tokens as opposed to IBM IDs.</li>
<li>Added support for scan templates for DAST/MAST scans.</li>
<li>Added steps for creating, deleting, starting, and stopping presences.</li>
<li>Added support for running scans on private applications using presences.</li>
<li>Added third credential for DAST/MAST scans.</li>
<li>Added support for Staging and Production DAST scans.</li>
</ul>
      </release-note>
      <release-note plugin-version="11">
Set high, medium, low, informational issue count output properties on dynamic scan.
      </release-note>
      <release-note plugin-version="12">
Updated to the new ASoC domain 'cloud.appscan.com'.
      </release-note>
      <release-note plugin-version="13">
<ul>
<li>Plugin renamed to HCL AppScan on Cloud.</li>
<li>Preemptively renew login token after one hour when waiting for Scan completion. ASoC default token timeout is two hours.</li>
<li>Added new 'Scan Name' property to the Start Dynamic Analyzer ASoC Scan step.</li>
</ul>
      </release-note>
  </release-notes>
</pluginInfo>
