<?xml version="1.0" encoding="UTF-8"?><!--
- Licensed Materials - Property of IBM* and/or HCL**
- IBM UrbanCode Deploy
- (c) Copyright IBM Corporation 2017. All Rights Reserved.
- (c) Copyright HCL Technologies Ltd. 2018. All Rights Reserved.
-
- U.S. Government Users Restricted Rights - Use, duplication or disclosure restricted by
- GSA ADP Schedule Contract with IBM Corp.
-
- * Trademark of International Business Machines
- ** Trademark of HCL Technologies Limited
--><pluginInfo>
  <!-- Do not change the release-version, the build process injects it. -->
  <release-version>7.1007947</release-version>

  <release-notes>
    <!--
      The release-note should document the changes, improvements, or bug fixes introduced
      with the new plugin version

      The release-note may contain text

      For example your release note could be:
      Support for was added for version 10.0 for software X

      To add a new release note add this with a description in it of the changes:
      <release-note plugin-version="1">....</release-note>
    -->

    <release-note plugin-version="1">
<ul>
    <li>Initial release of the AccuRev Source Config plug-in importing Promote Transaction, Issue Change set, and Snapshot artifacts.</li>
</ul>
    </release-note>

    <release-note plugin-version="2">
<ul>
    <li>The Import Promote Transactions, Import Issues, and Import Snapshots checkboxes are now unselected by default.</li>
    <li>When the Import Snapshots checkbox is selected, only the latest created snapshot is imported.</li>
    <li>Issue imports are now sorted numerically rather than alphabetically.</li>
    <li>On manual import, a Version Name Tag value is available to differentiate newly imported versions.</li>
</ul>
    </release-note>

    <release-note plugin-version="3">
<ul>
    <li>Issues are only identified if changes are partially or completely in the specified stream.</li>
    <li>Snapshots are only identified if they are a direct child of the specified stream.</li>
</ul>
    </release-note>

    <release-note plugin-version="4">
<ul>
    <li>The -H serverUrl flag (AccurRev URL) has been added to all commands for complete remote AccuRev server access.</li>
    <li>Specify a Workspace Stream to retrieve its current contents. Version name will be time stamped with date and time. Issues, Snapshots, and Transaction properties will be ignored.</li>
    <li>Defunct files contained in Issues will be ignored with a warning.</li>
</ul>
    </release-note>
    <release-note plugin-version="5">
      Fixes APAR PI87707, a regression where the user who requested a manual version import was not being tracked.
    </release-note>
    <release-note plugin-version="6">
       APAR PI89045: add support for setting isFinished flag flag when importing versions.
    </release-note>
    <release-note plugin-version="7">
       APAR PH06429: Remove transaction details when importing via issue number.
    </release-note>
  </release-notes>
</pluginInfo>