<?xml version="1.0" encoding="UTF-8"?>
<!--
- Licensed Materials - Property of IBM Corp.
- IBM UrbanCode Deploy
- (c) Copyright IBM Corporation 2011, 2014. All Rights Reserved.
-
- U.S. Government Users Restricted Rights - Use, duplication or disclosure restricted by
- GSA ADP Schedule Contract with IBM Corp.
-->
<plugin-upgrade
        xmlns="http://www.urbancode.com/UpgradeXMLSchema_v1"
        xmlns:xsi="http://www.w3.org/2001/XMLSchema-instance">

  <migrate to-version="2">
    <migrate-command name="Create Deployment Manager Profile" />
    <migrate-command name="Start Deployment Manager" />
    <migrate-command name="Remove Deployment Manager Profile" />
    <migrate-command name="Stop Deployment Manager" />
    <migrate-command name="Stop WebSphere Application Server Process" />
    <migrate-command name="Install WebSphere Application Server" />
    <migrate-command name="Uninstall WebSphere Application Server" />
    <migrate-command name="Create Node Profile" />
    <migrate-command name="Start and Register Node" />
    <migrate-command name="Remove Node Profile" />
    <migrate-command name="Stop Node" />
  </migrate>

  <migrate to-version="3">
    <migrate-command name="Create Deployment Manager Profile">
      <migrate-properties>
        <migrate-property name="WASCellName" />
        <migrate-property name="WASNodeName" />
        <migrate-property name="WASHostName" />
        <migrate-property name="WASPortsFile" />
      </migrate-properties>
    </migrate-command>
    <migrate-command name="Install WebSphere Application Server">
      <migrate-properties>
        <migrate-property name="IMShared" />
      </migrate-properties>
    </migrate-command>
  </migrate>

  <migrate to-version="4">
    <migrate-command name="Remove Deployment Manager Profile">
      <migrate-properties>
        <migrate-property name="deleteProfileDir" default="true"/>
      </migrate-properties>
    </migrate-command>
    <migrate-command name="Remove Node Profile">
      <migrate-properties>
        <migrate-property name="deleteProfileDir" default="true"/>
      </migrate-properties>
    </migrate-command>
  </migrate>

  <migrate to-version="7">
    <migrate-command name="Install WebSphere Application Server">
      <migrate-properties>
        <migrate-property name="JavaVersionName" default=""/>
        <migrate-property name="JavaIMRepository" default=""/>
      </migrate-properties>
    </migrate-command>
  </migrate>

</plugin-upgrade>
