<?xml version="1.0" encoding="UTF-8"?>
<!-- 
====================================================================== 
Licensed Materials - Property of IBM Corp. 
IBM Rational Automation Framework 
(c) Copyright IBM Corporation 2003, 2012. All Rights Reserved.   

U.S. Government Users Restricted Rights - Use, duplication or disclosure restricted by 
GSA ADP Schedule Contract with IBM Corp. 


File name: configure_wp_since_61.xml

Defines configuration actions which apply to WP versions since 6.1 

These actions are available at the node scope.
====================================================================== 
-->
<project basedir="." default="default">
	<description>
		Defines configuration actions which apply to WP versions since 6.1 
	</description>

	<rafwaction name="wp_common_configure_modify_ldap_security" unsupportedplatforms="zos" />
	<target description="Modify / enable LDAP respostory"
	        name="wp_common_configure_modify_ldap_security">
		<antcall target="wp_common_configure_call_portal_config">
			<param name="TASK" value="wp-modify-ldap-security" />
			<param name="ARGS" value="-DparentProperties=${LDAP_PROPERTIES}" />
			<param name="SAVE_PARENT" value="true" />
		</antcall>
	</target>

	<rafwaction name="wp_common_configure_update_standalone_ldap" unsupportedplatforms="zos" />
	<target description="Update standalone LDAP repository properties"
	        name="wp_common_configure_update_standalone_ldap">
		<antcall target="wp_common_configure_call_portal_config">
			<param name="TASK" value="wp-update-standalone-ldap" />
			<param name="ARGS" value="-DparentProperties=${LDAP_PROPERTIES}" />
			<param name="SAVE_PARENT" value="true" />
		</antcall>
	</target>

	<rafwaction name="wp_common_configure_validate_standalone_ldap" unsupportedplatforms="zos" />
	<target description="Validate standalone LDAP"
	        name="wp_common_configure_validate_standalone_ldap">
		<antcall target="wp_common_configure_call_portal_config">
			<param name="TASK" value="validate-standalone-ldap" />
			<param name="ARGS" value="-DparentProperties=${LDAP_PROPERTIES}" />
			<param name="SAVE_PARENT" value="false" />
		</antcall>
	</target>

	<rafwaction name="wp_common_configure_validate_standalone_ldap_attribute_config"
	            unsupportedplatforms="zos" />
	<target description="Validate standalone LDAP attributes"
	        name="wp_common_configure_validate_standalone_ldap_attribute_config">
		<antcall target="wp_common_configure_call_portal_config">
			<param name="TASK" value="wp-validate-standalone-ldap-attribute-config" />
			<param name="SAVE_PARENT" value="false" />
		</antcall>
	</target>

	<!-- Federated LDAP Configuration Tasks-->
	<rafwaction name="wp_common_configure_validate_federated_ldap" unsupportedplatforms="zos" />
	<target description="Validate federated properties needed to use LDAP"
	        name="wp_common_configure_validate_federated_ldap">

		<antcall target="wp_common_configure_call_portal_config">
			<param name="TASK" value="validate-federated-ldap" />
			<param name="ARGS" value="-DparentProperties=${LDAP_PROPERTIES}" />
			<param name="SAVE_PARENT" value="false" />
		</antcall>
		<property file="${LDAP_PROPERTIES}" prefix="wp" />
		<for list="${wp.federated.ldap.list}" param="ldap">
			<sequential>
				<antcall target="wp_common_configure_call_portal_config">
					<param name="TASK" value="validate-federated-ldap" />
					<param name="ARGS"
					       value="-DparentProperties=${RAFW_HOME}/user/environments/${ENV_NAME}/cells/${CELL_NAME}/nodes/${NODE_NAME}/config_wp_federated_@{ldap}.properties" />
					<param name="SAVE_PARENT" value="false" />
				</antcall>
			</sequential>
		</for>
	</target>

	<rafwaction name="wp_common_configure_create_federated_primary_ldap"
	            unsupportedplatforms="zos" />
	<target description="Add primary LDAP registry to the default federated repository"
	        name="wp_common_configure_create_federated_primary_ldap">
		<antcall target="wp_common_configure_call_portal_config">
			<param name="TASK" value="wp-create-ldap" />
			<param name="ARGS" value="-DparentProperties=${LDAP_PROPERTIES}" />
			<param name="SAVE_PARENT" value="true" />
		</antcall>

	</target>

	<rafwaction name="wp_common_configure_create_federated_multiple_ldap"
	            unsupportedplatforms="zos" />
	<target description="Add multiple LDAP's registries to the default federated repository"
	        name="wp_common_configure_create_federated_multiple_ldap">

		<property file="${LDAP_PROPERTIES}" prefix="wp" />
		<for list="${wp.federated.ldap.list}" param="ldap">
			<sequential>
				<antcall target="wp_common_configure_call_portal_config">
					<param name="TASK" value="wp-create-ldap" />
					<param name="ARGS"
					       value="-DparentProperties=${RAFW_HOME}/user/environments/${ENV_NAME}/cells/${CELL_NAME}/nodes/${NODE_NAME}/config_wp_federated_@{ldap}.properties" />
					<param name="SAVE_PARENT" value="false" />
				</antcall>
			</sequential>
		</for>

	</target>

	<rafwaction name="wp_common_configure_update_federated_primary_ldap"
	            unsupportedplatforms="zos" />
	<target description="Update primary federated LDAP repository properties"
	        name="wp_common_configure_update_federated_primary_ldap">
		<antcall target="wp_common_configure_call_portal_config">
			<param name="TASK" value="wp-update-federated-ldap" />
			<param name="ARGS" value="-DparentProperties=${LDAP_PROPERTIES}" />
			<param name="SAVE_PARENT" value="true" />
		</antcall>
	</target>

	<rafwaction name="wp_common_configure_update_federated_multiple_ldap"
	            unsupportedplatforms="zos" />
	<target description="Update multiple federated LDAP's repository properties"
	        name="wp_common_configure_update_federated_multiple_ldap">

		<property file="${LDAP_PROPERTIES}" prefix="wp" />
		<for list="${wp.federated.ldap.list}" param="ldap">
			<sequential>
				<antcall target="wp_common_configure_call_portal_config">
					<param name="TASK" value="wp-update-federated-ldap" />
					<param name="ARGS"
					       value="-DparentProperties=${RAFW_HOME}/user/environments/${ENV_NAME}/cells/${CELL_NAME}/nodes/${NODE_NAME}/config_wp_federated_@{ldap}.properties" />
					<param name="SAVE_PARENT" value="false" />
				</antcall>
			</sequential>
		</for>
	</target>

	<rafwaction name="wp_common_configure_create_federated_primary_realm"
	            unsupportedplatforms="zos" />
	<target description="Add primary realm to the VMM configuration"
	        name="wp_common_configure_create_federated_primary_realm">
		<antcall target="wp_common_configure_call_portal_config">
			<param name="TASK" value="wp-create-realm" />
			<param name="ARGS" value="-DparentProperties=${LDAP_PROPERTIES}" />
			<param name="SAVE_PARENT" value="true" />
		</antcall>

	</target>

	<rafwaction name="wp_common_configure_create_federated_multiple_realms"
	            unsupportedplatforms="zos" />
	<target description="Add multiple realms to the VMM configuration"
	        name="wp_common_configure_create_federated_multiple_realms">
		<property file="${LDAP_PROPERTIES}" prefix="wp" />
		<for list="${wp.federated.realm.list}" param="realm">
			<sequential>
				<antcall target="wp_common_configure_call_portal_config">
					<param name="TASK" value="wp-create-realm" />
					<param name="ARGS"
					       value="-DparentProperties=${RAFW_HOME}/user/environments/${ENV_NAME}/cells/${CELL_NAME}/nodes/${NODE_NAME}/config_wp_realm_@{realm}.properties" />
					<param name="SAVE_PARENT" value="false" />
				</antcall>
			</sequential>
		</for>
	</target>

	<rafwaction name="wp_common_configure_validate_federated_ldap_attribute_config"
	            unsupportedplatforms="zos" />
	<target description="Validate federated LDAP attributes"
	        name="wp_common_configure_validate_federated_ldap_attribute_config">

		<antcall target="wp_common_configure_call_portal_config">
			<param name="TASK" value="wp-validate-federated-ldap-attribute-config" />
			<param name="SAVE_PARENT" value="false" />
		</antcall>
	</target>

	<rafwaction name="wp_common_configure_query_attribute_config" unsupportedplatforms="zos" />
	<target description="Queries the defined attributes in LDAP to check the unsupported or mapped attributes"
	        name="wp_common_configure_query_attribute_config">

		<antcall target="wp_common_configure_call_portal_config">
			<param name="TASK" value="wp-query-attribute-config" />
			<param name="SAVE_PARENT" value="false" />
		</antcall>
	</target>

	<!-- General LDAP Configuration Tasks-->
	<rafwaction name="wp_common_configure_update_entitytype" unsupportedplatforms="zos" />
	<target description="updates the entity type 'entityTypeName' with the value of defaultParent and adds the RDN attribute"
	        name="wp_common_configure_update_entitytype">
		<antcall target="wp_common_configure_call_portal_config">
			<param name="TASK" value="wp-update-entitytype" />
			<param name="ARGS" value="-DparentProperties=${LDAP_PROPERTIES}" />
			<param name="SAVE_PARENT" value="true" />
		</antcall>
	</target>

	<rafwaction name="wp_common_configure_update_entitytypes" unsupportedplatforms="zos" />
	<target description="updates the defaultParent of the entity types Group and PersonAccount and adds the RDN attributes"
	        name="wp_common_configure_update_entitytypes">
		<antcall target="wp_common_configure_call_portal_config">
			<param name="TASK" value="wp-update-entitytypes" />
			<param name="ARGS" value="-DparentProperties=${LDAP_PROPERTIES}" />
			<param name="SAVE_PARENT" value="true" />
		</antcall>
	</target>

	<rafwaction name="wp_common_configure_create_base_entry" unsupportedplatforms="zos" />
	<target description="Create additional base entry within the LDAP registry"
	        name="wp_common_configure_create_base_entry">
		<antcall target="wp_common_configure_call_portal_config">
			<param name="TASK" value="wp-create-base-entry" />
			<param name="ARGS" value="-DparentProperties=${LDAP_PROPERTIES}" />
			<param name="SAVE_PARENT" value="true" />
		</antcall>
	</target>

	<rafwaction name="wp_common_configure_query_repository" unsupportedplatforms="zos" />
	<target description="List names and types of configured repositories"
	        name="wp_common_configure_query_repository">
		<antcall target="wp_common_configure_call_portal_config">
			<param name="TASK" value="wp-query-repository" />
			<param name="SAVE_PARENT" value="false" />
		</antcall>
	</target>

	<!--Configuring WCM portlets, libraries etc.-->
	<rafwaction name="wp_common_configure_express" unsupportedplatforms="zos" />
	<target description="Configures Intranet and Internet Web Content Management template libraries"
	        name="wp_common_configure_express">
		<antcall target="wp_common_configure_call_portal_config">
			<param name="TASK" value="configure-express" />
			<param name="SAVE_PARENT" value="true" />
		</antcall>
	</target>

	<rafwaction name="wp_common_configure_wcm_migration" unsupportedplatforms="zos" />
	<target name="wp_common_configure_wcm_migration"
	        description="Call the configure-wcm-migration configuration task">
		<!--	description="Migrate / update WCM configuration">   -->
		<antcall target="wp_common_configure_call_portal_config">
			<param name="ARGS" value="-DparentProperties=${WCM_PROPERTIES}" />
			<param name="TASK" value="configure-wcm-migration" />
			<param name="SAVE_PARENT" value="true" />
		</antcall>
	</target>

	<rafwaction name="wp_common_configure_remove_wcm_authoring" unsupportedplatforms="zos" />
	<target description="Remove WCM" name="wp_common_configure_remove_wcm_authoring">
		<antcall target="wp_common_configure_call_portal_config">
			<param name="TASK" value="remove-wcm-authoring" />
			<param name="SAVE_PARENT" value="true" />
		</antcall>
	</target>

	<!-- General Configuration Tasks-->
	<rafwaction name="wp_common_configure_enable_develop_mode_startup_performance"
	            unsupportedplatforms="zos" />
	<target description="Improve startup performance for development cells"
	        name="wp_common_configure_enable_develop_mode_startup_performance">
		<antcall target="wp_common_configure_call_portal_config">
			<param name="TASK" value="enable-develop-mode-startup-performance" />
			<param name="SAVE_PARENT" value="true" />
		</antcall>
	</target>

	<rafwaction name="wp_common_configure_disable_develop_mode_startup_performance"
	            unsupportedplatforms="zos" />
	<target description="Disable development mode startup for production cells"
	        name="wp_common_configure_disable_develop_mode_startup_performance">
		<antcall target="wp_common_configure_call_portal_config">
			<param name="TASK" value="disable-develop-mode-startup-performance" />
			<param name="SAVE_PARENT" value="true" />
		</antcall>
	</target>

</project>
