<?xml version="1.0" encoding="UTF-8"?>
<!--
- Licensed Materials - Property of IBM Corp.
- IBM UrbanCode Build
- IBM UrbanCode Deploy
- IBM UrbanCode Release
- IBM AnthillPro
- (c) Copyright IBM Corporation 2002, 2013. All Rights Reserved.
-
- U.S. Government Users Restricted Rights - Use, duplication or disclosure restricted by
- GSA ADP Schedule Contract with IBM Corp.
-->
<plugin-upgrade
        xmlns="http://www.urbancode.com/UpgradeXMLSchema_v1"
        xmlns:xsi="http://www.w3.org/2001/XMLSchema-instance">

  <migrate to-version="2">
    <migrate-command name="Remove Application from Application Center">
      <migrate-properties>
        <migrate-property name="appCenterJar" default="${PLUGIN_HOME}/lib/applicationcenterdeploytool.jar" />
        <migrate-property name="json4jJar" default="${PLUGIN_HOME}/lib/json4j.jar" />
      </migrate-properties>
    </migrate-command>
    
    <migrate-command name="Deploy Adapter to Worklight Server">
      <migrate-properties>
        <migrate-property name="worklightAntJar" default="${PLUGIN_HOME}/lib/worklight-ant.jar" />
      </migrate-properties>
    </migrate-command>
    
    <migrate-command name="Deploy Worklight Application to Worklight Server" old="Deploy Hybrid Application to Worklight Server">
      <migrate-properties>
        <migrate-property name="worklightAntJar" default="${PLUGIN_HOME}/lib/worklight-ant.jar" />
      </migrate-properties>
    </migrate-command>
    
    <migrate-command name="Upload Application to Application Center">
      <migrate-properties>
        <migrate-property name="appCenterJar" default="${PLUGIN_HOME}/lib/applicationcenterdeploytool.jar" />
        <migrate-property name="json4jJar" default="${PLUGIN_HOME}/lib/json4j.jar" />
      </migrate-properties>
    </migrate-command>
  </migrate>
  
  <migrate to-version="3">
    <migrate-command name="Remove Application from Application Center" />
    <migrate-command name="Deploy Adapter to Worklight Server">
      <migrate-properties>
        <migrate-property name="user" default="" />
        <migrate-property name="password" default="" />
      </migrate-properties>
    </migrate-command>
    <migrate-command name="Deploy Worklight Application to Worklight Server">
      <migrate-properties>
        <migrate-property name="user" default="" />
        <migrate-property name="password" default="" />
      </migrate-properties>
    </migrate-command>
    <migrate-command name="Upload Application to Application Center" />
  </migrate>
  
  <migrate to-version="4">
    <migrate-command name="Remove Application from Application Center" />
    <migrate-command name="Deploy Adapter to Worklight Server">
      <migrate-properties>
        <migrate-property name="runtime" default="" />
        <migrate-property name="secure" default="false" />
      </migrate-properties>
    </migrate-command>
    <migrate-command name="Delete Adapter from Worklight Server" />
    <migrate-command name="Change Worklight Application Access Rule on Worklight Server" />
    <migrate-command name="Deploy Worklight Application to Worklight Server">
      <migrate-properties>
        <migrate-property name="runtime" default="" />
        <migrate-property name="secure" default="false" />
      </migrate-properties>
    </migrate-command>
    <migrate-command name="Delete Worklight Application from Worklight Server" />
    <migrate-command name="Upload Application to Application Center" />
  </migrate>
  
</plugin-upgrade>