{
    "securityResourceId": "53e45d69-6790-4d53-b036-5ed66769149b",
    "path": "componentTemplates\/b1d87d68-ff81-4d63-93d2-590d6e136dfa",
    "name": "Docker",
    "description": "Images hosted in docker registries for execution on docker hosts",
    "ignoreQualifiers": 0,
    "componentType": "STANDARD",
    "tags": [],
    "sourceConfigPluginName": "Docker Importer",
    "active": true,
    "sourceConfigProperties": [],
    "envPropDefs": [{
        "name": "dockerEnvironmentRunOptions",
        "label": "Docker Environment Run Options",
        "pattern": "",
        "type": "TEXT",
        "required": false,
        "description": " docker run [OPTIONS] IMAGE [COMMAND] [ARG...] -- provide [OPTIONS]",
        "placeholder": ""
    }],
    "propDefs": [
        {
            "name": "dockerRunOptions",
            "label": "Docker Run Options",
            "pattern": "",
            "type": "TEXT",
            "value": "-d",
            "required": false,
            "description": "docker run [OPTIONS] IMAGE [COMMAND] [ARG...]  -- provide the [OPTIONS]",
            "placeholder": ""
        },
        {
            "name": "dockerCommandAndArguments",
            "label": "Docker Command And Arguments",
            "pattern": "",
            "type": "TEXT",
            "required": false,
            "description": "docker run [OPTIONS] IMAGE [COMMAND] [ARG...] -- provide [COMMAND] [ARG...] ",
            "placeholder": ""
        }
    ],
    "properties": [],
    "processes": [{
        "name": "pull and run",
        "description": "",
        "defaultWorkingDir": "${p:resource\/work.dir}\/${p:component.name}",
        "takesVersion": true,
        "inventoryActionType": "ADD",
        "status": "Active",
        "configActionType": "ADD",
        "active": true,
        "path": "componentTemplates\/b1d87d68-ff81-4d63-93d2-590d6e136dfa\/processes\/018d81c5-3224-4bd0-a82d-f2ff9a8835ee",
        "propDefs": [],
        "rootActivity": {
            "edges": [
                {
                    "to": "1f8e029f2f22873134b8674658eb7f",
                    "from": "pull and run",
                    "type": "SUCCESS",
                    "value": ""
                },
                {
                    "to": "pull and run",
                    "from": "Docker Login",
                    "type": "SUCCESS",
                    "value": ""
                },
                {
                    "to": "Docker Login",
                    "type": "ALWAYS",
                    "value": ""
                }
            ],
            "offsets": [
                {
                    "name": "pull and run",
                    "x": -65,
                    "y": 220,
                    "h": 60,
                    "w": 210
                },
                {
                    "name": "1f8e029f2f22873134b8674658eb7f",
                    "x": 0,
                    "y": 320,
                    "h": 60,
                    "w": 80
                },
                {
                    "name": "Docker Login",
                    "x": -50,
                    "y": 110,
                    "h": 60,
                    "w": 180
                }
            ],
            "type": "graph",
            "name": "791a70cb-e9b2-40a6-a090-2b7eb223f7ee",
            "children": [
                {
                    "type": "finish",
                    "name": "1f8e029f2f22873134b8674658eb7f",
                    "children": []
                },
                {
                    "processName": "docker pull and run",
                    "resourcePath": "${p:resource.path}",
                    "properties": {
                        "gpDockerRegistryPassword": "${p:dockerRegistryPassword}",
                        "resourcePath": "${p:resource.path}",
                        "gpDockerRegistryEmail": "${p:dockerRegistryUserEmail}",
                        "gpDockerCommandAndArguments": "${p:dockerCommandAndArguments}",
                        "gpDockerContainerName": "${p:component.name}",
                        "processId": "650e3b79-1715-4ff1-a4e8-b11fcb581ce8",
                        "gpDockerRegistryUsername": "${p:dockerRegistryUsername}",
                        "gpDockerImageTag": "${p:version\/dockerImageTag}",
                        "gpDockerImageName": "${p:dockerImageName}",
                        "gpDockerRunOptions": "${p:dockerRunOptions} ${p:dockerEnvironmentRunOptions}",
                        "gpDockerRegistryName": "${p:dockerRegistryName}"
                    },
                    "type": "runProcess",
                    "name": "pull and run",
                    "children": []
                },
                {
                    "allowFailure": false,
                    "useImpersonation": false,
                    "showHidden": false,
                    "impersonationUseSudo": false,
                    "commandName": "Docker Login",
                    "pluginName": "Docker And Ics",
                    "pluginVersion": 1,
                    "properties": {
                        "dockerRegistryName": "${dockerRegistryName}",
                        "dockerRegistryUserName": "${dockerRegistryUsername}",
                        "dockerRegistryUserPassword": "${dockerRegistryPassword}",
                        "dockerRegistryUserEmail": "${dockerRegistryUserEmail}"
                    },
                    "type": "plugin",
                    "name": "Docker Login",
                    "children": []
                }
            ]
        }
    }],
    "genericProcesses": [{
        "name": "docker pull and run",
        "description": "",
        "rootActivity": {
            "edges": [
                {
                    "to": "Docker Rm",
                    "from": "Docker Stop",
                    "type": "ALWAYS",
                    "value": ""
                },
                {
                    "to": "2b2d48e7f69c4055397a48b53115a6",
                    "from": "Docker Run",
                    "type": "SUCCESS",
                    "value": ""
                },
                {
                    "to": "Docker Pull Image",
                    "type": "ALWAYS",
                    "value": ""
                },
                {
                    "to": "Docker Stop",
                    "from": "Docker Pull Image",
                    "type": "SUCCESS",
                    "value": ""
                },
                {
                    "to": "Docker Run",
                    "from": "Docker Rm",
                    "type": "ALWAYS",
                    "value": ""
                }
            ],
            "offsets": [
                {
                    "name": "Docker Pull Image",
                    "x": -65,
                    "y": 100,
                    "h": 60,
                    "w": 210
                },
                {
                    "name": "Docker Stop",
                    "x": -45,
                    "y": 200,
                    "h": 60,
                    "w": 170
                },
                {
                    "name": "Docker Rm",
                    "x": -45,
                    "y": 300,
                    "h": 60,
                    "w": 170
                },
                {
                    "name": "Docker Run",
                    "x": -45,
                    "y": 400,
                    "h": 60,
                    "w": 170
                },
                {
                    "name": "2b2d48e7f69c4055397a48b53115a6",
                    "x": 0,
                    "y": 500,
                    "h": 60,
                    "w": 80
                }
            ],
            "type": "graph",
            "name": "5a6b1f45-5256-4929-bbb9-b7d68a0ad928",
            "children": [
                {
                    "type": "finish",
                    "name": "2b2d48e7f69c4055397a48b53115a6",
                    "children": []
                },
                {
                    "allowFailure": false,
                    "useImpersonation": false,
                    "showHidden": false,
                    "impersonationUseSudo": false,
                    "commandName": "Docker Stop",
                    "pluginName": "Docker And Ics",
                    "pluginVersion": 1,
                    "properties": {
                        "dockerContainerName": "${gpDockerContainerName}",
                        "dockerCommandOptions": ""
                    },
                    "type": "plugin",
                    "name": "Docker Stop",
                    "children": []
                },
                {
                    "allowFailure": false,
                    "useImpersonation": false,
                    "showHidden": false,
                    "impersonationUseSudo": false,
                    "commandName": "Docker Rm",
                    "pluginName": "Docker And Ics",
                    "pluginVersion": 1,
                    "properties": {
                        "dockerContainerName": "${gpDockerContainerName}",
                        "dockerCommandOptions": ""
                    },
                    "type": "plugin",
                    "name": "Docker Rm",
                    "children": []
                },
                {
                    "allowFailure": false,
                    "useImpersonation": false,
                    "showHidden": false,
                    "impersonationUseSudo": false,
                    "commandName": "Docker Pull Image",
                    "pluginName": "Docker And Ics",
                    "pluginVersion": 1,
                    "properties": {
                        "dockerRegistryName": "${p:gpDockerRegistryName}",
                        "dockerImageName": "${p:gpDockerImageName}",
                        "dockerImageTag": "${p:gpDockerImageTag}"
                    },
                    "type": "plugin",
                    "name": "Docker Pull Image",
                    "children": []
                },
                {
                    "allowFailure": false,
                    "useImpersonation": false,
                    "showHidden": false,
                    "impersonationUseSudo": false,
                    "commandName": "Docker Run",
                    "pluginName": "Docker And Ics",
                    "pluginVersion": 1,
                    "properties": {
                        "dockerOptions": "${p:gpDockerRunOptions}",
                        "dockerContainerName": "${p:gpDockerContainerName}",
                        "dockerRegistryName": "${p:gpDockerRegistryName}",
                        "dockerImageName": "${p:gpDockerImageName}",
                        "dockerImageTag": "${p:gpDockerImageTag}",
                        "dockerCommandAndArguments": "${p:gpDockerCommandAndArguments}"
                    },
                    "type": "plugin",
                    "name": "Docker Run",
                    "children": []
                }
            ]
        },
        "properties": [
            {
                "name": "contextType",
                "value": "Resource",
                "description": "",
                "secure": false
            },
            {
                "name": "workingDir",
                "value": "${p:resource\/work.dir}\/${p:process.name}",
                "description": "",
                "secure": false
            }
        ],
        "propDefs": [
            {
                "name": "gpDockerRegistryName",
                "label": "Docker Registry Name",
                "pattern": "",
                "type": "TEXT",
                "value": "${p:dockerRegistryName}",
                "required": false,
                "description": "",
                "placeholder": ""
            },
            {
                "name": "gpDockerImageName",
                "label": "Docker Image Name",
                "pattern": "",
                "type": "TEXT",
                "value": "${p:dockerImageName}",
                "required": false,
                "description": "",
                "placeholder": ""
            },
            {
                "name": "gpDockerImageTag",
                "label": "Docker Image Tag",
                "pattern": "",
                "type": "TEXT",
                "value": "${p:version\/dockerImageTag}",
                "required": false,
                "description": "",
                "placeholder": ""
            },
            {
                "name": "gpDockerContainerName",
                "label": "Docker Container Name",
                "pattern": "",
                "type": "TEXT",
                "value": "${p:component.name}",
                "required": false,
                "description": "",
                "placeholder": ""
            },
            {
                "name": "gpDockerRunOptions",
                "label": "Docker Run Options",
                "pattern": "",
                "type": "TEXT",
                "value": "${p:dockerRunOptions} ${p:dockerEnvironmentRunOptions}",
                "required": false,
                "description": "",
                "placeholder": ""
            },
            {
                "name": "gpDockerCommandAndArguments",
                "label": "Docker Command And Arguments",
                "pattern": "",
                "type": "TEXT",
                "value": "${p:dockerCommandAndArguments}",
                "required": false,
                "description": "",
                "placeholder": ""
            }
        ],
        "teamMappings": []
    },
    {
	    "name": "docker run",
	    "description": "",
	    "rootActivity": {
	        "edges": [
	            {
	                "to": "Docker Rm",
	                "from": "Docker Stop",
	                "type": "ALWAYS",
	                "value": ""
	            },
	            {
	                "to": "Docker Stop",
	                "type": "ALWAYS",
	                "value": ""
	            },
	            {
	                "to": "2b2d48e7f69c4055397a48b53115a6",
	                "from": "Docker Run",
	                "type": "SUCCESS",
	                "value": ""
	            },
	            {
	                "to": "Docker Run",
	                "from": "Docker Rm",
	                "type": "ALWAYS",
	                "value": ""
	            }
	        ],
	        "offsets": [
	            {
	                "name": "Docker Stop",
	                "x": -45,
	                "y": 100,
	                "h": 60,
	                "w": 170
	            },
	            {
	                "name": "Docker Run",
	                "x": -45,
	                "y": 300,
	                "h": 60,
	                "w": 170
	            },
	            {
	                "name": "Docker Rm",
	                "x": -45,
	                "y": 200,
	                "h": 60,
	                "w": 170
	            },
	            {
	                "name": "2b2d48e7f69c4055397a48b53115a6",
	                "x": 0,
	                "y": 400,
	                "h": 50,
	                "w": 80
	            }
	        ],
	        "type": "graph",
	        "name": "8222ea9e-18c6-4248-af50-678325d401f9",
	        "children": [
	            {
	                "type": "finish",
	                "name": "2b2d48e7f69c4055397a48b53115a6",
	                "children": []
	            },
	            {
	                "allowFailure": false,
	                "useImpersonation": false,
	                "showHidden": false,
	                "impersonationUseSudo": false,
	                "commandName": "Docker Stop",
	                "pluginName": "Docker And Ics",
	                "pluginVersion": 1,
	                "properties": {
	                    "dockerContainerName": "${gpDockerContainerName}",
	                    "dockerCommandOptions": ""
	                },
	                "type": "plugin",
	                "name": "Docker Stop",
	                "children": []
	            },
	            {
	                "allowFailure": false,
	                "useImpersonation": false,
	                "showHidden": false,
	                "impersonationUseSudo": false,
	                "commandName": "Docker Rm",
	                "pluginName": "Docker And Ics",
	                "pluginVersion": 1,
	                "properties": {
	                    "dockerContainerName": "${gpDockerContainerName}",
	                    "dockerCommandOptions": ""
	                },
	                "type": "plugin",
	                "name": "Docker Rm",
	                "children": []
	            },
	            {
	                "allowFailure": false,
	                "useImpersonation": false,
	                "showHidden": false,
	                "impersonationUseSudo": false,
	                "commandName": "Docker Run",
	                "pluginName": "Docker And Ics",
	                "pluginVersion": 1,
	                "properties": {
	                    "dockerOptions": "${p:gpDockerRunOptions}",
	                    "dockerContainerName": "${p:gpDockerContainerName}",
	                    "dockerRegistryName": "${p:gpDockerRegistryName}",
	                    "dockerImageName": "${p:gpDockerImageName}",
	                    "dockerImageTag": "${p:gpDockerImageTag}",
	                    "dockerCommandAndArguments": "${p:gpDockerCommandAndArguments}"
	                },
	                "type": "plugin",
	                "name": "Docker Run",
	                "children": []
	            }
	        ]
	    },
	    "properties": [
	        {
	            "name": "contextType",
	            "value": "Resource",
	            "description": "",
	            "secure": false
	        },
	        {
	            "name": "workingDir",
	            "value": "${p:resource\/work.dir}\/${p:process.name}",
	            "description": "",
	            "secure": false
	        }
	    ],
	    "propDefs": [
	        {
	            "name": "gpDockerRegistryName",
	            "label": "Docker Registry Name",
	            "pattern": "",
	            "type": "TEXT",
	            "value": "${p:dockerRegistryName}",
	            "required": false,
	            "description": "",
	            "placeholder": ""
	        },
	        {
	            "name": "gpDockerImageName",
	            "label": "Docker Image Name",
	            "pattern": "",
	            "type": "TEXT",
	            "value": "${p:dockerImageName}",
	            "required": false,
	            "description": "",
	            "placeholder": ""
	        },
	        {
	            "name": "gpDockerImageTag",
	            "label": "Docker Image Tag",
	            "pattern": "",
	            "type": "TEXT",
	            "value": "${p:version\/dockerImageTag}",
	            "required": false,
	            "description": "",
	            "placeholder": ""
	        },
	        {
	            "name": "gpDockerContainerName",
	            "label": "Docker Container Name",
	            "pattern": "",
	            "type": "TEXT",
	            "value": "${p:component.name}",
	            "required": false,
	            "description": "",
	            "placeholder": ""
	        },
	        {
	            "name": "gpDockerRunOptions",
	            "label": "Docker Run Options",
	            "pattern": "",
	            "type": "TEXT",
	            "value": "${p:dockerRunOptions} ${p:dockerEnvironmentRunOptions}",
	            "required": false,
	            "description": "",
	            "placeholder": ""
	        },
	        {
	            "name": "gpDockerCommandAndArguments",
	            "label": "Docker Command And Arguments",
	            "pattern": "",
	            "type": "TEXT",
	            "value": "${p:dockerCommandAndArguments}",
	            "required": false,
	            "description": "",
	            "placeholder": ""
	        }
	    ],
	    "teamMappings": []
	}],
    "teamMappings": []
}
