<?xml version="1.0" encoding="UTF-8"?>
<!--
- Licensed Materials - Property of IBM* and/or HCL**
- UrbanCode Deploy
- (c) Copyright IBM Corporation 2002-2017. All Rights Reserved.
- (c) Copyright HCL Technologies Ltd. 2018. All Rights Reserved.
-
- U.S. Government Users Restricted Rights - Use, duplication or disclosure restricted by
- GSA ADP Schedule Contract with IBM Corp.
-
- * Trademark of International Business Machines
- ** Trademark of HCL Technologies Limited
-->
<plugin-upgrade
        xmlns="http://www.urbancode.com/UpgradeXMLSchema_v1"
        xmlns:xsi="http://www.w3.org/2001/XMLSchema-instance">
    <migrate to-version="4">
        <migrate-command name="IIS Configuration Discovery" old="IIS Configuration Discover and Configure"/>
    </migrate>
    <migrate to-version="5">
        <migrate-command name="IIS Configuration Discovery"/>
    </migrate>
  <migrate to-version="12">
  </migrate>
  <migrate to-version="13"/>
</plugin-upgrade>