{
    "securityResourceId": "dda22a4d-a2f1-4882-8869-69494c56dede",
    "path": "componentTemplates\/6f7440a5-3d4b-4f68-881d-7618119cbb7e",
    "name": "DB2 Bind",
    "description": "",
    "ignoreQualifiers": 0,
    "componentType": "STANDARD",
    "tags": [],
    "active": true,
    "envPropDefs": [],
    "propDefs": [
        {
            "name": "db2.bindpackage.locationName",
            "label": "BIND PACKAGE LOCATION NAME",
            "pattern": "",
            "type": "TEXT",
            "required": false,
            "description": "The location of the DBMS where the package binds or rebinds and where the description of the package resides.",
            "placeholder": ""
        },
        {
            "name": "db2.bindpackage.collectionId",
            "label": "BIND PACKAGE COLLID",
            "pattern": "",
            "type": "TEXT",
            "required": false,
            "description": "Whether any DBRMs in the plan are bound to packages: collection-id, *",
            "placeholder": ""
        },
        {
            "name": "db2.bindpackage.owner",
            "label": "BIND PACKAGE OWNER",
            "pattern": "",
            "type": "TEXT",
            "required": false,
            "description": "The authorization ID of the owner of the package.",
            "placeholder": ""
        },
        {
            "name": "db2.bindpackage.qualifier",
            "label": "BIND PACKAGE QUALIFIER",
            "pattern": "",
            "type": "TEXT",
            "required": false,
            "description": "The implicit qualifier for unqualified names of tables, views, indexes, and aliases contained in the package.",
            "placeholder": ""
        },
        {
            "name": "db2.bindpackage.enable",
            "label": "BIND PACKAGE ENABLE",
            "pattern": "",
            "type": "TEXT",
            "required": false,
            "description": "Connections that can use the package.",
            "placeholder": ""
        },
        {
            "name": "db2.bindpackage.disable",
            "label": "BIND PACKAGE DISABLE",
            "pattern": "",
            "type": "TEXT",
            "required": false,
            "description": "Connections that cannot use the package.",
            "placeholder": ""
        },
        {
            "name": "db2.bindpackage.dlibatch",
            "label": "BIND PACKAGE DLIBATCH",
            "pattern": "",
            "type": "TEXT",
            "required": false,
            "description": "The connection identifier as from the DDITV02 data set or the job name in the JCL that the DL\/I batch support system needs. The DL\/I batch connection identified by connection-name is either enabled or disabled for the plan or package.",
            "placeholder": ""
        },
        {
            "name": "db2.bindpackage.cics",
            "label": "BIND PACKAGE CICS",
            "pattern": "",
            "type": "TEXT",
            "required": false,
            "description": "The CICS VTAM node name specified in the APPLID parameter of the CICS SIT table. The CICS VTAM node identified by applid is either enabled or disabled for the plan or package.",
            "placeholder": ""
        },
        {
            "name": "db2.bindpackage.imsbmp",
            "label": "BIND PACKAGE IMSBMP",
            "pattern": "",
            "type": "TEXT",
            "required": false,
            "description": "The IMS connection for the Batch Message Program (BMP) region. All IMS BMP connections identified by the value of IMSID on the CTL parameter EXEC are either enabled or disabled for the plan or package.",
            "placeholder": ""
        },
        {
            "name": "db2.bindpackage.imsmpp",
            "label": "BIND PACKAGE IMSMPP",
            "pattern": "",
            "type": "TEXT",
            "required": false,
            "description": "The value of IMSID on the CTL parameter EXEC. The IMS MPP connection identified by imsid is either enabled or disabled for the plan or package.",
            "placeholder": ""
        },
        {
            "name": "db2.bindpackage.member",
            "label": "BIND PACKAGE MEMBER",
            "pattern": "",
            "type": "TEXT",
            "required": false,
            "description": "Database request modules (DBRMs) to include in the package. (Delimitered by commas for multiple DBRMs)",
            "placeholder": ""
        },
        {
            "name": "db2.bindpackage.library",
            "label": "BIND PACKAGE LIBRARY",
            "pattern": "",
            "type": "TEXT",
            "required": false,
            "description": "Partitioned data sets (libraries) to search for the DBRMs listed in the MEMBER option."
        },
        {
            "name": "db2.bindpackage.defer",
            "label": "BIND PACKAGE DEFER",
            "pattern": "",
            "type": "SELECT",
            "value": "N\/A",
            "required": false,
            "description": "Whether to defer preparation for dynamic SQL statements that refer to remote objects, or to prepare them immediately.",
            "allowedValues": [
                {
                    "label": "N\/A",
                    "value": "N\/A"
                },
                {
                    "label": "PREPARE",
                    "value": "PREPARE"
                },
                {
                    "label": "INHERITFROMPLAN",
                    "value": "INHERITFROMPLAN"
                }
            ]
        },
        {
            "name": "db2.bindpackage.nodefer",
            "label": "BIND PACKAGE NODEFER",
            "pattern": "",
            "type": "SELECT",
            "value": "N\/A",
            "required": false,
            "description": "Whether to defer preparation for dynamic SQL statements that refer to remote objects, or to prepare them immediately.",
            "allowedValues": [
                {
                    "label": "N\/A",
                    "value": "N\/A"
                },
                {
                    "label": "PREPARE",
                    "value": "PREPARE"
                }
            ]
        },
        {
            "name": "db2.bindpackage.action",
            "label": "BIND PACKAGE ACTION",
            "pattern": "",
            "type": "SELECT",
            "value": "N\/A",
            "required": false,
            "description": "Whether the package replaces an existing package with the same name, or is new: REPLACE, ADD",
            "placeholder": "",
            "allowedValues": [
                {
                    "label": "N\/A",
                    "value": "N\/A"
                },
                {
                    "label": "REPLACE",
                    "value": "REPLACE"
                },
                {
                    "label": "ADD",
                    "value": "ADD"
                }
            ]
        },
        {
            "name": "db2.bindpackage.action_replver",
            "label": "BIND PACKAGE ACTION REPLVER",
            "pattern": "",
            "type": "TEXT",
            "required": false,
            "description": "The specific version of the pacakge to replace",
            "placeholder": ""
        },
        {
            "name": "db2.bindpackage.currentdata",
            "label": "BIND PACKAGE CURRENTDATA",
            "pattern": "",
            "type": "SELECT",
            "value": "N\/A",
            "required": false,
            "description": "Whether to require data currency for read-only and ambiguous cursors when the isolation level CS is in effect, and whether block fetching can be used for distributed, ambiguous cursors: NO, YES",
            "placeholder": "",
            "allowedValues": [
                {
                    "label": "N\/A",
                    "value": "N\/A"
                },
                {
                    "label": "NO",
                    "value": "NO"
                },
                {
                    "label": "YES",
                    "value": "YES"
                }
            ]
        },
        {
            "name": "db2.bindpackage.dbprotocol",
            "label": "BIND PACKAGE DBPROTOCOL",
            "pattern": "",
            "type": "SELECT",
            "value": "N\/A",
            "required": false,
            "description": "The protocol to be used when connecting to a remote site: DRDA, DRDACBF",
            "placeholder": "",
            "allowedValues": [
                {
                    "label": "N\/A",
                    "value": "N\/A"
                },
                {
                    "label": "DRDA",
                    "value": "DRDA"
                },
                {
                    "label": "DRDACBF",
                    "value": "DRDACBF"
                }
            ]
        },
        {
            "name": "db2.bindpackage.degree",
            "label": "BIND PACKAGE DEGREE",
            "pattern": "",
            "type": "SELECT",
            "value": "N\/A",
            "required": false,
            "description": "Whether to attempt to run a query using parallel processing to maximize performance: ONE, ANY",
            "placeholder": "",
            "allowedValues": [
                {
                    "label": "N\/A",
                    "value": "N\/A"
                },
                {
                    "label": "1",
                    "value": "1"
                },
                {
                    "label": "ANY",
                    "value": "ANY"
                }
            ]
        },
        {
            "name": "db2.bindpackage.descstat",
            "label": "BIND PACKAGE DESCSTAT",
            "pattern": "",
            "type": "SELECT",
            "value": "N\/A",
            "required": false,
            "description": "Whether DB2 builds a DESCRIBE SQL descriptor area (SQLDA) when binding static SQL statements: NO, YES",
            "placeholder": "",
            "allowedValues": [
                {
                    "label": "N\/A",
                    "value": "N\/A"
                },
                {
                    "label": "NO",
                    "value": "NO"
                },
                {
                    "label": "YES",
                    "value": "YES"
                }
            ]
        },
        {
            "name": "db2.bindpackage.dynamicrules",
            "label": "BIND PACKAGE DYNAMICRULES",
            "pattern": "",
            "type": "SELECT",
            "value": "N\/A",
            "required": false,
            "description": "The rules that apply at run time for certain dynamic SQL attributes: RUN, BIND, DEFINEBIND, DEFINERUN, INVOKEBIND, INVOKERUN",
            "placeholder": "",
            "allowedValues": [
                {
                    "label": "N\/A",
                    "value": "N\/A"
                },
                {
                    "label": "RUN",
                    "value": "RUN"
                },
                {
                    "label": "BIND",
                    "value": "BIND"
                },
                {
                    "label": "DEFINEBIND",
                    "value": "DEFINEBIND"
                },
                {
                    "label": "DEFINERUN",
                    "value": "DEFINERUN"
                },
                {
                    "label": "INVOKEBIND",
                    "value": "INVOKEBIND"
                },
                {
                    "label": "INVOKERUN",
                    "value": "INVOKERUN"
                }
            ]
        },
        {
            "name": "db2.bindpackage.encoding",
            "label": "BIND PACKAGE ENCODING",
            "pattern": "",
            "type": "SELECT",
            "value": "N\/A",
            "required": false,
            "description": "The application encoding for all host variables in static statements in a plan or package: ASCII, EBCDIC, UNICDE, ccsid-value",
            "placeholder": "",
            "allowedValues": [
                {
                    "label": "N\/A",
                    "value": "N\/A"
                },
                {
                    "label": "ASCII",
                    "value": "ASCII"
                },
                {
                    "label": "EBCDIC",
                    "value": "EBCDIC"
                },
                {
                    "label": "UNICODE",
                    "value": "UNICODE"
                },
                {
                    "label": "ccsid",
                    "value": "ccsid"
                }
            ]
        },
        {
            "name": "db2.bindpackage.encoding_ccsid",
            "label": "BIND PACKAGE ENCODING CCSID",
            "pattern": "",
            "type": "TEXT",
            "required": false,
            "description": "The application encoding for all host variables in static statements in a plan or package.",
            "placeholder": ""
        },
        {
            "name": "db2.bindpackage.explain",
            "label": "BIND PACKAGE EXPLAIN",
            "pattern": "",
            "type": "SELECT",
            "value": "N\/A",
            "required": false,
            "description": "Whether the bind process obtains information about how SQL statements in the package or packages are to execute: NO, YES",
            "placeholder": "",
            "allowedValues": [
                {
                    "label": "N\/A",
                    "value": "N\/A"
                },
                {
                    "label": "NO",
                    "value": "NO"
                },
                {
                    "label": "YES",
                    "value": "YES"
                },
                {
                    "label": "ONLY",
                    "value": "ONLY"
                }
            ]
        },
        {
            "name": "db2.bindpackage.flag",
            "label": "BIND PACKAGE FLAG",
            "pattern": "",
            "type": "SELECT",
            "value": "N\/A",
            "required": false,
            "description": "Specifies the messages to display during the bind process: I, W, E, C",
            "placeholder": "",
            "allowedValues": [
                {
                    "label": "N\/A",
                    "value": "N\/A"
                },
                {
                    "label": "I",
                    "value": "I"
                },
                {
                    "label": "W",
                    "value": "W"
                },
                {
                    "label": "E",
                    "value": "E"
                },
                {
                    "label": "C",
                    "value": "C"
                }
            ]
        },
        {
            "name": "db2.bindpackage.immedwrite",
            "label": "BIND PACKAGE IMMEDWRITE",
            "pattern": "",
            "type": "SELECT",
            "value": "N\/A",
            "required": false,
            "description": "Whether immediate writes are to be done for updates that are made to group buffer pool dependent page sets or partitions: INHERITFROMPLAN, NO, YES",
            "placeholder": "",
            "allowedValues": [
                {
                    "label": "N\/A",
                    "value": "N\/A"
                },
                {
                    "label": "INHERITFROMPLAN",
                    "value": "INHERITFROMPLAN"
                },
                {
                    "label": "NO",
                    "value": "NO"
                },
                {
                    "label": "YES",
                    "value": "YES"
                }
            ]
        },
        {
            "name": "db2.bindpackage.isolation",
            "label": "BIND PACKAGE ISOLATION",
            "pattern": "",
            "type": "SELECT",
            "value": "N\/A",
            "required": false,
            "description": "The rules for isolating an application from the effects of other running applications: CS, RR, RS, UR, NC",
            "placeholder": "",
            "allowedValues": [
                {
                    "label": "N\/A",
                    "value": "N\/A"
                },
                {
                    "label": "CS",
                    "value": "CS"
                },
                {
                    "label": "RR",
                    "value": "RR"
                },
                {
                    "label": "RS",
                    "value": "RS"
                },
                {
                    "label": "UR",
                    "value": "UR"
                },
                {
                    "label": "NC",
                    "value": "NC"
                }
            ]
        },
        {
            "name": "db2.bindpackage.keepdynamic",
            "label": "BIND PACKAGE KEEPDYNAMIC",
            "pattern": "",
            "type": "SELECT",
            "value": "N\/A",
            "required": false,
            "description": "Whether DB2 keeps dynamic SQL statements after commit points: NO, YES",
            "placeholder": "",
            "allowedValues": [
                {
                    "label": "N\/A",
                    "value": "N\/A"
                },
                {
                    "label": "NO",
                    "value": "NO"
                },
                {
                    "label": "YES",
                    "value": "YES"
                }
            ]
        },
        {
            "name": "db2.bindpackage.reopt",
            "label": "BIND PACKAGE REOPT",
            "pattern": "",
            "type": "SELECT",
            "value": "N\/A",
            "required": false,
            "description": "Whether DB2 determines an access path at run time by using the values of host variables, parameter markers, and special registers.",
            "placeholder": "",
            "allowedValues": [
                {
                    "label": "N\/A",
                    "value": "N\/A"
                },
                {
                    "label": "NONE",
                    "value": "NONE"
                },
                {
                    "label": "ALWAYS",
                    "value": "ALWAYS"
                },
                {
                    "label": "ONCE",
                    "value": "ONCE"
                },
                {
                    "label": "AUTO",
                    "value": "AUTO"
                }
            ]
        },
        {
            "name": "db2.bindpackage.opthint",
            "label": "BIND PACKAGE OPTHINT",
            "pattern": "",
            "type": "TEXT",
            "required": false,
            "description": "The identifier of the access path in a PLAN_TABLE instance if the stored access paths are used for static SQL statements.",
            "placeholder": ""
        },
        {
            "name": "db2.bindpackage.path",
            "label": "BIND PACKAGE PATH",
            "pattern": "",
            "type": "TEXT",
            "required": false,
            "description": "The SQL path that is used to resolve unqualified stored procedure names in CALL statements, in user-defined data types, and in functions.",
            "placeholder": ""
        },
        {
            "name": "db2.bindpackage.rounding",
            "label": "BIND PACKAGE ROUNDING",
            "pattern": "",
            "type": "SELECT",
            "value": "N\/A",
            "required": false,
            "description": "The rounding mode that is used to manipulate DECFLOAT data at bind time: CEILING, DOWN, FLOOR, HALFDOWN, HALFEVEN, HALFUP, UP",
            "placeholder": "",
            "allowedValues": [
                {
                    "label": "N\/A",
                    "value": "N\/A"
                },
                {
                    "label": "CEILING",
                    "value": "CEILING"
                },
                {
                    "label": "DOWN",
                    "value": "DOWN"
                },
                {
                    "label": "FLOOR",
                    "value": "FLOOR"
                },
                {
                    "label": "HALFDOWN",
                    "value": "HALFDOWN"
                },
                {
                    "label": "HALFEVEN",
                    "value": "HALFEVEN"
                },
                {
                    "label": "HALFUP",
                    "value": "HALFUP"
                },
                {
                    "label": "UP",
                    "value": "UP"
                }
            ]
        },
        {
            "name": "db2.bindpackage.release",
            "label": "BIND PACKAGE RELEASE",
            "pattern": "",
            "type": "SELECT",
            "value": "N\/A",
            "required": false,
            "description": "When to release resources that a program uses, either at each commit point or when the program terminates: COMMIT, DEALLOCATE",
            "placeholder": "",
            "allowedValues": [
                {
                    "label": "N\/A",
                    "value": "N\/A"
                },
                {
                    "label": "COMMIT",
                    "value": "COMMIT"
                },
                {
                    "label": "DEALLOCATE",
                    "value": "DEALLOCATE"
                }
            ]
        },
        {
            "name": "db2.bindpackage.sqlerror",
            "label": "BIND PACKAGE SQLERROR",
            "pattern": "",
            "type": "SELECT",
            "value": "N\/A",
            "required": false,
            "description": "The action taken if SQL errors occur: NOPACKAGE, CONTINUE, CHECK",
            "placeholder": "",
            "allowedValues": [
                {
                    "label": "N\/A",
                    "value": "N\/A"
                },
                {
                    "label": "NOPACKAGE",
                    "value": "NOPACKAGE"
                },
                {
                    "label": "CONTINUE",
                    "value": "CONTINUE"
                },
                {
                    "label": "CHECK",
                    "value": "CHECK"
                }
            ]
        },
        {
            "name": "db2.bindpackage.validate",
            "label": "BIND PACKAGE VALIDATE",
            "pattern": "",
            "type": "SELECT",
            "value": "N\/A",
            "required": false,
            "description": "Whether to recheck, at run time, errors of the types &quot;OBJECT NOT FOUND&quot; and &quot;NOT AUTHORIZED&quot; that are found during bind or rebind: RUN, BIND",
            "placeholder": "",
            "allowedValues": [
                {
                    "label": "N\/A",
                    "value": "N\/A"
                },
                {
                    "label": "RUN",
                    "value": "RUN"
                },
                {
                    "label": "BIND",
                    "value": "BIND"
                }
            ]
        },
        {
            "name": "db2.bindpackage.extendedindicator",
            "label": "BIND PACKAGE EXTENDEDINDICATOR",
            "pattern": "",
            "type": "SELECT",
            "value": "N\/A",
            "required": false,
            "description": "Whether DB2 recognizes extended indicator variables when the associated package is run: NO, YES",
            "placeholder": "",
            "allowedValues": [
                {
                    "label": "N\/A",
                    "value": "N\/A"
                },
                {
                    "label": "NO",
                    "value": "NO"
                },
                {
                    "label": "YES",
                    "value": "YES"
                }
            ]
        },
        {
            "name": "db2.bindpackage.concurrentaccessresolution",
            "label": "BIND PACKAGE CONCURRENTACCESSRESOLUTION",
            "pattern": "",
            "type": "SELECT",
            "value": "N\/A",
            "required": false,
            "description": "The concurrent access resolution option to use for statements in a package: USECURRENTLYCOMMITTED, WAITFOROUTCOME",
            "placeholder": "",
            "allowedValues": [
                {
                    "label": "N\/A",
                    "value": "N\/A"
                },
                {
                    "label": "USECURRENTLYCOMMITTED",
                    "value": "USECURRENTLYCOMMITTED"
                },
                {
                    "label": "WAITFOROUTCOME",
                    "value": "WAITFOROUTCOME"
                }
            ]
        },
        {
            "name": "db2.bindpackage.apreuse",
            "label": "BIND PACKAGE APREUSE",
            "pattern": "",
            "type": "SELECT",
            "value": "N\/A",
            "required": false,
            "description": "Whether to attempt to reuse previous access paths for SQL statements in a package: NONE, ERROR, WARN",
            "placeholder": "",
            "allowedValues": [
                {
                    "label": "N\/A",
                    "value": "N\/A"
                },
                {
                    "label": "NONE",
                    "value": "NONE"
                },
                {
                    "label": "ERROR",
                    "value": "ERROR"
                },
                {
                    "label": "WARN",
                    "value": "WARN"
                }
            ]
        },
        {
            "name": "db2.bindpackage.apcompare",
            "label": "BIND PACKAGE APCOMPARE",
            "pattern": "",
            "type": "SELECT",
            "value": "N\/A",
            "required": false,
            "description": "",
            "placeholder": "",
            "allowedValues": [
                {
                    "label": "N\/A",
                    "value": "N\/A"
                },
                {
                    "label": "NONE",
                    "value": "NONE"
                },
                {
                    "label": "WARN",
                    "value": "WARN"
                },
                {
                    "label": "ERROR",
                    "value": "ERROR"
                }
            ]
        },
        {
            "name": "db2.bindpackage.generic",
            "label": "BIND PACKAGE GENERIC",
            "pattern": "",
            "type": "TEXT",
            "required": false,
            "description": "Specifies one or more bind options that are supported by the target server, but are not supported as options for BIND PACKAGE or REBIND PACKAGE on the DB2 for z\/OS subsystem on which the BIND or REBIND command is issued.",
            "placeholder": ""
        },
        {
            "name": "db2.bindpackage.bustimesensitive",
            "label": "BIND PACKAGE BUSTIMESENSITIVE",
            "pattern": "",
            "type": "SELECT",
            "value": "N\/A",
            "required": false,
            "description": "Whether references to application-period temporal tables in both static and dynamic SQL statements are affected by the value of the CURRENT TEMPORAL BUSINESS_TIME special register: YES, NO",
            "placeholder": "",
            "allowedValues": [
                {
                    "label": "N\/A",
                    "value": "N\/A"
                },
                {
                    "label": "YES",
                    "value": "YES"
                },
                {
                    "label": "NO",
                    "value": "NO"
                }
            ]
        },
        {
            "name": "db2.bindpackage.systimesensitive",
            "label": "BIND PACKAGE SYSTIMESENSITIVE",
            "pattern": "",
            "type": "SELECT",
            "value": "N\/A",
            "required": false,
            "description": "Whether references to system-period temporal tables in both static and dynamic SQL statements are affected by the value of the CURRENT TEMPORAL SYSTEM_TIME special register: YES, NO",
            "placeholder": "",
            "allowedValues": [
                {
                    "label": "N\/A",
                    "value": "N\/A"
                },
                {
                    "label": "YES",
                    "value": "YES"
                },
                {
                    "label": "NO",
                    "value": "NO"
                }
            ]
        },
        {
            "name": "db2.bindpackage.archivesensitive",
            "label": "BIND PACKAGE ARCHIVESENSITIVE",
            "pattern": "",
            "type": "SELECT",
            "value": "N\/A",
            "required": false,
            "description": "Whether references to archive-enabled tables in both static and dynamic SQL statements are affected by the value of the SYSIBMADM.GET_ARCHIVE global variable: YES, NO",
            "placeholder": "",
            "allowedValues": [
                {
                    "label": "N\/A",
                    "value": "N\/A"
                },
                {
                    "label": "YES",
                    "value": "YES"
                },
                {
                    "label": "NO",
                    "value": "NO"
                }
            ]
        },
        {
            "name": "db2.bindpackage.applcompat",
            "label": "BIND PACKAGE APPLCOMPAT",
            "pattern": "",
            "type": "SELECT",
            "value": "N\/A",
            "required": false,
            "description": "The package compatibility level behavior for static SQL: V10R1, V11R1",
            "placeholder": "",
            "allowedValues": [
                {
                    "label": "N\/A",
                    "value": "N\/A"
                },
                {
                    "label": "V10R1",
                    "value": "V10R1"
                },
                {
                    "label": "V11R1",
                    "value": "V11R1"
                }
            ]
        },
        {
            "name": "db2.bindplan.planName",
            "label": "BIND PLAN PLAN",
            "pattern": "",
            "type": "TEXT",
            "required": false,
            "description": "The plan or plans to bind: plan-name, *",
            "placeholder": ""
        },
        {
            "name": "db2.bindplan.owner",
            "label": "BIND PLAN OWNER",
            "pattern": "",
            "type": "TEXT",
            "required": false,
            "description": "The authorization ID of the owner of the plan.",
            "placeholder": ""
        },
        {
            "name": "db2.bindplan.qualifier",
            "label": "BIND PLAN QUALIFIER",
            "pattern": "",
            "type": "TEXT",
            "required": false,
            "description": "The implicit qualifier for unqualified names of tables, views, indexes, and aliases contained in the plan.",
            "placeholder": ""
        },
        {
            "name": "db2.bindplan.enable",
            "label": "BIND PLAN ENABLE",
            "pattern": "",
            "type": "TEXT",
            "required": false,
            "description": "Connections that can use the package.",
            "placeholder": ""
        },
        {
            "name": "db2.bindplan.disable",
            "label": "BIND PLAN DISABLE",
            "pattern": "",
            "type": "TEXT",
            "required": false,
            "description": "Connections that cannot use the package.",
            "placeholder": ""
        },
        {
            "name": "db2.bindplan.dlibatch",
            "label": "BIND PLAN DLIBATCH",
            "pattern": "",
            "type": "TEXT",
            "required": false,
            "description": "The connection identifier as from the DDITV02 data set or the job name in the JCL that the DL\/I batch support system needs. The DL\/I batch connection identified by connection-name is either enabled or disabled for the plan or package.",
            "placeholder": ""
        },
        {
            "name": "db2.bindplan.cics",
            "label": "BIND PLAN CICS",
            "pattern": "",
            "type": "TEXT",
            "required": false,
            "description": "The CICS VTAM node name specified in the APPLID parameter of the CICS SIT table. The CICS VTAM node identified by applid is either enabled or disabled for the plan or package.",
            "placeholder": ""
        },
        {
            "name": "db2.bindplan.imsbmp",
            "label": "BIND PLAN IMSBMP",
            "pattern": "",
            "type": "TEXT",
            "required": false,
            "description": "The IMS connection for the Batch Message Program (BMP) region. All IMS BMP connections identified by the value of IMSID on the CTL parameter EXEC are either enabled or disabled for the plan or package.",
            "placeholder": ""
        },
        {
            "name": "db2.bindplan.imsmpp",
            "label": "BIND PLAN IMSMPP",
            "pattern": "",
            "type": "TEXT",
            "required": false,
            "description": "The value of IMSID on the CTL parameter EXEC. The IMS MPP connection identified by imsid is either enabled or disabled for the plan or package.",
            "placeholder": ""
        },
        {
            "name": "db2.bindplan.pkist",
            "label": "BIND PLAN PKLIST",
            "pattern": "",
            "type": "TEXT",
            "required": false,
            "description": "The packages to include in a package list.(Delimitered by commas for multiple packages)",
            "placeholder": ""
        },
        {
            "name": "db2.bindplan.acquire",
            "label": "BIND PLAN ACQUIRE",
            "pattern": "",
            "type": "SELECT",
            "value": "N\/A",
            "required": false,
            "description": "Whether resources for the packages in the plan are to be acquired when the application first accesses them: ALLOCATE, USE",
            "placeholder": "",
            "allowedValues": [
                {
                    "label": "N\/A",
                    "value": "N\/A"
                },
                {
                    "label": "USE",
                    "value": "USE"
                },
                {
                    "label": "ALLOCATE",
                    "value": "ALLOCATE"
                }
            ]
        },
        {
            "name": "db2.bindplan.action",
            "label": "BIND PLAN ACTION",
            "pattern": "",
            "type": "SELECT",
            "value": "N\/A",
            "required": false,
            "description": "Whether the plan replaces an existing plan with the same name, or is new: REPLACE, ADD",
            "placeholder": "",
            "allowedValues": [
                {
                    "label": "N\/A",
                    "value": "N\/A"
                },
                {
                    "label": "REPLACE",
                    "value": "REPLACE"
                },
                {
                    "label": "ADD",
                    "value": "ADD"
                }
            ]
        },
        {
            "name": "db2.bindplan.action_retain",
            "label": "BIND PLAN ACTION RETAIN",
            "pattern": "",
            "type": "SELECT",
            "value": "N\/A",
            "required": false,
            "description": "",
            "placeholder": "",
            "allowedValues": [
                {
                    "label": "N\/A",
                    "value": "N\/A"
                },
                {
                    "label": "RETAIN",
                    "value": "RETAIN"
                }
            ]
        },
        {
            "name": "db2.bindplan.cachesize",
            "label": "BIND PLAN CACHESIZE",
            "pattern": "",
            "type": "TEXT",
            "required": false,
            "description": "The size (in bytes) of the authorization cache acquired in the EDM pool for the plan.",
            "placeholder": ""
        },
        {
            "name": "db2.bindplan.currentdata",
            "label": "BIND PLAN CURRENTDATA",
            "pattern": "",
            "type": "SELECT",
            "value": "N\/A",
            "required": false,
            "description": "Whether to require data currency for read-only and ambiguous cursors when the isolation level of cursor stability is in effect. This option also determines whether block fetching can be used for distributed, ambiguous cursors: NO, YES",
            "placeholder": "",
            "allowedValues": [
                {
                    "label": "N\/A",
                    "value": "N\/A"
                },
                {
                    "label": "NO",
                    "value": "NO"
                },
                {
                    "label": "YES",
                    "value": "YES"
                }
            ]
        },
        {
            "name": "db2.bindplan.currentserver",
            "label": "BIND PLAN CURRENTSERVER",
            "pattern": "",
            "type": "TEXT",
            "required": false,
            "description": "The location to connect to before running a plan.",
            "placeholder": ""
        },
        {
            "name": "db2.bindplan.dbprotocol",
            "label": "BIND PLAN DBPROTOCOL",
            "pattern": "",
            "type": "SELECT",
            "value": "N\/A",
            "required": false,
            "description": "The protocol to be used when connecting to a remote site: DRDA",
            "placeholder": "",
            "allowedValues": [
                {
                    "label": "N\/A",
                    "value": "N\/A"
                },
                {
                    "label": "DRDA",
                    "value": "DRDA"
                }
            ]
        },
        {
            "name": "db2.bindplan.degree",
            "label": "BIND PLAN DEGREE",
            "pattern": "",
            "type": "SELECT",
            "value": "N\/A",
            "required": false,
            "description": "Whether to attempt to run a query using parallel processing to maximize performance: ONE, ANY",
            "placeholder": "",
            "allowedValues": [
                {
                    "label": "N\/A",
                    "value": "N\/A"
                },
                {
                    "label": "1",
                    "value": "1"
                },
                {
                    "label": "ANY",
                    "value": "ANY"
                }
            ]
        },
        {
            "name": "db2.bindplan.disconnect",
            "label": "BIND PLAN DISCONNECT",
            "pattern": "",
            "type": "SELECT",
            "value": "N\/A",
            "required": false,
            "description": "Which remote connections to destroy during commit operations: EXPLICIT, AUTOMATIC, CONDITIONAL",
            "placeholder": "",
            "allowedValues": [
                {
                    "label": "N\/A",
                    "value": "N\/A"
                },
                {
                    "label": "EXPLICIT",
                    "value": "EXPLICIT"
                },
                {
                    "label": "AUTOMATIC",
                    "value": "AUTOMATIC"
                },
                {
                    "label": "CONDITIONAL",
                    "value": "CONDITIONAL"
                }
            ]
        },
        {
            "name": "db2.bindplan.dynamicrules",
            "label": "BIND PLAN DYNAMICRULES",
            "pattern": "",
            "type": "SELECT",
            "value": "N\/A",
            "required": false,
            "description": "The rules that apply at run time for certain dynamic SQL attributes: RUN, BIND",
            "placeholder": "",
            "allowedValues": [
                {
                    "label": "N\/A",
                    "value": "N\/A"
                },
                {
                    "label": "RUN",
                    "value": "RUN"
                },
                {
                    "label": "BIND",
                    "value": "BIND"
                }
            ]
        },
        {
            "name": "db2.bindplan.encoding",
            "label": "BIND PLAN ENCODING",
            "pattern": "",
            "type": "SELECT",
            "value": "N\/A",
            "required": false,
            "description": "The application encoding for all host variables in static statements in a plan or package: ASCII, EBCDIC, UNICDE, ccsid-value",
            "placeholder": "",
            "allowedValues": [
                {
                    "label": "N\/A",
                    "value": "N\/A"
                },
                {
                    "label": "ASCII",
                    "value": "ASCII"
                },
                {
                    "label": "EBCDIC",
                    "value": "EBCDIC"
                },
                {
                    "label": "UNICODE",
                    "value": "UNICODE"
                },
                {
                    "label": "ccsid",
                    "value": "ccsid"
                }
            ]
        },
        {
            "name": "db2.bindplan.encoding_ccsid",
            "label": "BIND PLAN ENCODING CCSID",
            "pattern": "",
            "type": "TEXT",
            "required": false,
            "description": "The application encoding for all host variables in static statements in a plan or package.",
            "placeholder": ""
        },
        {
            "name": "db2.bindplan.explain",
            "label": "BIND PLAN EXPLAIN",
            "pattern": "",
            "type": "SELECT",
            "value": "N\/A",
            "required": false,
            "description": "Whether the bind process obtains information about how SQL statements in the package or packages are to execute: NO, YES",
            "placeholder": "",
            "allowedValues": [
                {
                    "label": "N\/A",
                    "value": "N\/A"
                },
                {
                    "label": "NO",
                    "value": "NO"
                },
                {
                    "label": "YES",
                    "value": "YES"
                }
            ]
        },
        {
            "name": "db2.bindplan.flag",
            "label": "BIND PLAN FLAG",
            "pattern": "",
            "type": "SELECT",
            "value": "N\/A",
            "required": false,
            "description": "Specifies the messages to display during the bind process: I, W, E, C",
            "placeholder": "",
            "allowedValues": [
                {
                    "label": "N\/A",
                    "value": "N\/A"
                },
                {
                    "label": "I",
                    "value": "I"
                },
                {
                    "label": "W",
                    "value": "W"
                },
                {
                    "label": "E",
                    "value": "E"
                },
                {
                    "label": "C",
                    "value": "C"
                }
            ]
        },
        {
            "name": "db2.bindplan.immedwrite",
            "label": "BIND PLAN IMMEDWRITE",
            "pattern": "",
            "type": "SELECT",
            "value": "N\/A",
            "required": false,
            "description": "Whether immediate writes are to be done for updates that are made to group buffer pool dependent page sets or partitions: NO, YES",
            "placeholder": "",
            "allowedValues": [
                {
                    "label": "N\/A",
                    "value": "N\/A"
                },
                {
                    "label": "NO",
                    "value": "NO"
                },
                {
                    "label": "YES",
                    "value": "YES"
                }
            ]
        },
        {
            "name": "db2.bindplan.isolation",
            "label": "BIND PLAN ISOLATION",
            "pattern": "",
            "type": "SELECT",
            "value": "N\/A",
            "required": false,
            "description": "The rules for isolating an application from the effects of other running applications: CS, RR, RS, UR",
            "placeholder": "",
            "allowedValues": [
                {
                    "label": "N\/A",
                    "value": "N\/A"
                },
                {
                    "label": "CS",
                    "value": "CS"
                },
                {
                    "label": "RR",
                    "value": "RR"
                },
                {
                    "label": "RS",
                    "value": "RS"
                },
                {
                    "label": "UR",
                    "value": "UR"
                }
            ]
        },
        {
            "name": "db2.bindplan.keepdynamic",
            "label": "BIND PLAN KEEPDYNAMIC",
            "pattern": "",
            "type": "SELECT",
            "value": "N\/A",
            "required": false,
            "description": "Whether DB2 keeps dynamic SQL statements after commit points: NO, YES",
            "placeholder": "",
            "allowedValues": [
                {
                    "label": "N\/A",
                    "value": "N\/A"
                },
                {
                    "label": "NO",
                    "value": "NO"
                },
                {
                    "label": "YES",
                    "value": "YES"
                }
            ]
        },
        {
            "name": "db2.bindplan.reopt",
            "label": "BIND PLAN REOPT",
            "pattern": "",
            "type": "SELECT",
            "value": "N\/A",
            "required": false,
            "description": "Whether DB2 determines an access path at run time by using the values of host variables, parameter markers, and special registers: NONE, ALWAYS, ONCE, AUTO",
            "placeholder": "",
            "allowedValues": [
                {
                    "label": "N\/A",
                    "value": "N\/A"
                },
                {
                    "label": "NONE",
                    "value": "NONE"
                },
                {
                    "label": "ALWAYS",
                    "value": "ALWAYS"
                },
                {
                    "label": "ONCE",
                    "value": "ONCE"
                },
                {
                    "label": "AUTO",
                    "value": "AUTO"
                }
            ]
        },
        {
            "name": "db2.bindplan.opthint",
            "label": "BIND PLAN OPTHINT",
            "pattern": "",
            "type": "TEXT",
            "required": false,
            "description": "The identifier of the access path in a PLAN_TABLE instance if the stored access paths are used for static SQL statements.",
            "placeholder": ""
        },
        {
            "name": "db2.bindplan.path",
            "label": "BIND PLAN PATH",
            "pattern": "",
            "type": "TEXT",
            "required": false,
            "description": "The SQL path that is used to resolve unqualified stored procedure names in CALL statements, in user-defined data types, and in functions.",
            "placeholder": ""
        },
        {
            "name": "db2.bindplan.release",
            "label": "BIND PLAN RELEASE",
            "pattern": "",
            "type": "SELECT",
            "value": "N\/A",
            "required": false,
            "description": "When to release resources that a program uses, either at each commit point or when the program terminates: COMMIT, DEALLOCATE",
            "placeholder": "",
            "allowedValues": [
                {
                    "label": "N\/A",
                    "value": "N\/A"
                },
                {
                    "label": "COMMIT",
                    "value": "COMMIT"
                },
                {
                    "label": "DEALLOCATE",
                    "value": "DEALLOCATE"
                }
            ]
        },
        {
            "name": "db2.bindplan.rounding",
            "label": "BIND PLAN ROUNDING",
            "pattern": "",
            "type": "SELECT",
            "value": "N\/A",
            "required": false,
            "description": "The rounding mode that is used to manipulate DECFLOAT data at bind time: CEILING, DOWN, FLOOR, HALFDOWN, HALFEVEN, HALFUP, UP",
            "placeholder": "",
            "allowedValues": [
                {
                    "label": "N\/A",
                    "value": "N\/A"
                },
                {
                    "label": "CEILING",
                    "value": "CEILING"
                },
                {
                    "label": "DOWN",
                    "value": "DOWN"
                },
                {
                    "label": "FLOOR",
                    "value": "FLOOR"
                },
                {
                    "label": "HALFDOWN",
                    "value": "HALFDOWN"
                },
                {
                    "label": "HALFEVEN",
                    "value": "HALFEVEN"
                },
                {
                    "label": "HALFUP",
                    "value": "HALFUP"
                },
                {
                    "label": "UP",
                    "value": "UP"
                }
            ]
        },
        {
            "name": "db2.bindplan.sqlrules",
            "label": "BIND PLAN SQLRULES",
            "pattern": "",
            "type": "SELECT",
            "value": "N\/A",
            "required": false,
            "description": "Whether you can execute a type 2 CONNECT statement to an existing SQL connection, according to DB2 rules: DB2, STD",
            "placeholder": "",
            "allowedValues": [
                {
                    "label": "N\/A",
                    "value": "N\/A"
                },
                {
                    "label": "DB2",
                    "value": "DB2"
                },
                {
                    "label": "STD",
                    "value": "STD"
                }
            ]
        },
        {
            "name": "db2.bindplan.validate",
            "label": "BIND PLAN VALIDATE",
            "pattern": "",
            "type": "SELECT",
            "value": "N\/A",
            "required": false,
            "description": "Whether to recheck, at run time, errors of the types &quot;OBJECT NOT FOUND&quot; and &quot;NOT AUTHORIZED&quot; that are found during bind or rebind: RUN, BIND",
            "placeholder": "",
            "allowedValues": [
                {
                    "label": "N\/A",
                    "value": "N\/A"
                },
                {
                    "label": "RUN",
                    "value": "RUN"
                },
                {
                    "label": "BIND",
                    "value": "BIND"
                }
            ]
        },
        {
            "name": "db2.bindplan.concurrentaccessresolution",
            "label": "BIND PLAN CONCURRENTACCESSRESOLUTION",
            "pattern": "",
            "type": "SELECT",
            "value": "N\/A",
            "required": false,
            "description": "The concurrent access resolution option to use for statements in a package: USECURRENTLYCOMMITTED, WAITFOROUTCOME",
            "placeholder": "",
            "allowedValues": [
                {
                    "label": "N\/A",
                    "value": "N\/A"
                },
                {
                    "label": "USECURRENTLYCOMMITTED",
                    "value": "USECURRENTLYCOMMITTED"
                },
                {
                    "label": "WAITFOROUTCOME",
                    "value": "WAITFOROUTCOME"
                }
            ]
        },
        {
            "name": "db2.bindplan.progauth",
            "label": "BIND PLAN PROGAUTH",
            "pattern": "",
            "type": "SELECT",
            "value": "N\/A",
            "required": false,
            "description": "Whether DB2 performs program authorization checking to determine whether DB2 can execute a plan: DISABLE, ENBALE",
            "placeholder": "",
            "allowedValues": [
                {
                    "label": "N\/A",
                    "value": "N\/A"
                },
                {
                    "label": "DISABLE",
                    "value": "DISABLE"
                },
                {
                    "label": "ENABLE",
                    "value": "ENABLE"
                }
            ]
        }
    ],
    "properties": [],
    "processes": [],
    "genericProcesses": [],
    "teamMappings": []
}