<?xml version="1.0" encoding="UTF-8" standalone="no"?>
<!--
- Licensed Materials - Property of IBM* and/or HCL**
- UrbanCode Deploy
- UrbanCode Build
- UrbanCode Release
- AnthillPro
- (c) Copyright IBM Corporation 2011, 2017. All Rights Reserved.
- (c) Copyright HCL Technologies Ltd. 2018. All Rights Reserved.
-
- U.S. Government Users Restricted Rights - Use, duplication or disclosure restricted by
- GSA ADP Schedule Contract with IBM Corp.
-
- * Trademark of International Business Machines
- ** Trademark of HCL Technologies Limited
--><pluginInfo>
  <!-- Do not change the release-version, the build process injects it. -->
  <release-version>11.1042347</release-version>


  <release-notes>
    <!--
      **release-note IS required**

      The plugin-version name must match the plugin version found in the plugin.xml file

      The release-note should document the changes, improvements, or bug fixes introduced
      with the new plugin version

      The release-note may contain text or reference a file in the plugin zip package

      For example your release note could be:
      Support for was added for version 10.0 for software X
      or
      releaseNotes/release1.html (where release1.html contains html formatted version information)

      To add a new release note add this with a description in it of the changes:
      <release-note plugin-version="1">....</release-note>

      Our automated release process will replace 'LATEST' with the released version.

      If this already exists in the file, then the described changes have not been released yet and
      you should just append to the existing 'LATEST' tag.
      -->

      <release-note plugin-version="1">
Loading the Groovy plugin will give users access to a Groovy step that allows the execution of scripts.
      </release-note>

      <release-note plugin-version="2">
Added a Groovy Home property to set the GROOVY_HOME value to use when running scripts.
      </release-note>

      <release-note plugin-version="3">
Groovy steps can now run JUnit test cases
      </release-note>

      <release-note plugin-version="4">
Fixes APAR PI35342 - compatibility defect with IBM UrbanCode Deploy version 6.1.0.4 and later.
      </release-note>

      <release-note plugin-version="5">
Complete plugin overhaul. Script is now wrapped in another Groovy script instead of using GroovyShell. The Groovy Home now properly overrides the agent's value.
      </release-note>

      <release-note plugin-version="6">
Fixed plugin execution when running on Windows
      </release-note>
    <release-note plugin-version="7">Added RPX dependency and English translations</release-note>
    <release-note plugin-version="8">Added support for encrypted property files.</release-note>
    <release-note plugin-version="9">Support property file encryption.</release-note>
    <release-note plugin-version="10">
        Added Shutdown Hook to ensure Output Properties are set on script exit.
        If Shutdown Hooks exist in your Groovy scripts, there may be conflicts or inconsistencies in Shutdown Hook order and behavior.
    </release-note>
    <release-note plugin-version="11">
Added the current working directory to the classpath of the child process to support executing script files.
    </release-note>
  </release-notes>
</pluginInfo>
