<?xml version="1.0" encoding="UTF-8"?>
<!--
- Licensed Materials - Property of HCL
- UrbanCode Deploy
- (c) Copyright HCL Technologies Ltd. 2018, 2019. All Rights Reserved.
-->

<plugin-upgrade
        xmlns="http://www.urbancode.com/UpgradeXMLSchema_v1"
        xmlns:xsi="http://www.w3.org/2001/XMLSchema-instance">
  
  <migrate to-version="2">
    <migrate-command name="Does Integration Server Exist">
    </migrate-command>        
    <migrate-command name="Start Integration Server">
    </migrate-command>        
    <migrate-command name="Stop Integration Server">
    </migrate-command>        
    <migrate-command name="Delete Integration Server">        
    </migrate-command>              
  </migrate>
  <migrate to-version="3">
    <migrate-command name="Deploy">
    </migrate-command>
  </migrate>
  <migrate to-version="4">
    <migrate-command name="Create Policy">
    </migrate-command>
    <migrate-command name="Update Policy">
    </migrate-command>
  </migrate>
  <migrate to-version="5">
  </migrate>
  <migrate to-version="6">
  </migrate>        
  <migrate to-version="7">
  </migrate>
  <migrate to-version="8">
  </migrate>
</plugin-upgrade>
