<?xml version="1.0" encoding="UTF-8"?>
<!--
- Licensed Materials - Property of IBM* and/or HCL**
- IBM UrbanCode Deploy
- (c) Copyright IBM Corporation 2011, 2017. All Rights Reserved.
- (c) Copyright HCL Technologies Ltd. 2018. All Rights Reserved.
-
- U.S. Government Users Restricted Rights - Use, duplication or disclosure restricted by
- GSA ADP Schedule Contract with IBM Corp.
-
- * Trademark of International Business Machines
- ** Trademark of HCL Technologies Limited
-->
<plugin-upgrade
        xmlns="http://www.urbancode.com/UpgradeXMLSchema_v1"
        xmlns:xsi="http://www.w3.org/2001/XMLSchema-instance">

    <migrate to-version="2">
        <migrate-command name="DSX Import Service">
          <migrate-properties>
            <migrate-property name="owChoice" default="No"/>
          </migrate-properties>
        </migrate-command>
      </migrate>

    <migrate to-version="3">
    </migrate>

    <migrate to-version="4">
    </migrate>

    <migrate to-version="5">
        <migrate-command name="Export ISX Project">
        </migrate-command>
    </migrate>

    <migrate to-version="6">
        <migrate-command name="Export DSX Project">
          <migrate-properties>
            <migrate-property name="createLogfile" default="false"/>
          </migrate-properties>
        </migrate-command>
        <migrate-command name="Import DSX Project">
          <migrate-properties>
            <migrate-property name="createLogfile" default="false"/>
          </migrate-properties>
        </migrate-command>
    </migrate>

    <migrate to-version="7">
    </migrate>
</plugin-upgrade>
