<?xml version="1.0" encoding="UTF-8" standalone="no"?>
<!--
- Licensed Materials - Property of HCL
- UrbanCode Deploy
- (c) Copyright HCL Technologies Ltd. 2024. All Rights Reserved.
-
- U.S. Government Users Restricted Rights - Use, duplication or disclosure restricted by
- Trademark of HCL Technologies Limited
--><pluginInfo>
  <!-- Do not change the release-version, the build process injects it. -->
  <release-version>55.1173239</release-version>

  <release-notes>
    <!--
      The release-note should document the changes, improvements, or bug fixes introduced
      with the new plugin version

      The release-note may contain text

      For example your release note could be:
      Support for was added for version 10.0 for software X

      To add a new release note add this with a description in it of the changes:
      <release-note plugin-version="1">....</release-note>
    -->

    <release-note plugin-version="52">
      Initial Release
    </release-note>
    <release-note plugin-version="53">
      The Ansible Toolkit is now built through Gradle. All Ant and Ivy build pieces have been removed.
    </release-note>
    <release-note plugin-version="54">
      Added support for Groovy 3 version
    </release-note>
    <release-note plugin-version="55">
    Port plugin to Java
    </release-note>
  </release-notes>
</pluginInfo>
