<?xml version="1.0" encoding="UTF-8" standalone="no"?>
<!--
- Licensed Materials - Property of HCL
- UrbanCode Deploy
- (c) Copyright HCL Technologies Ltd. 2022. All Rights Reserved.
-
- U.S. Government Users Restricted Rights - Use, duplication or disclosure restricted by
- Trademark of HCL Technologies Limited
--><pluginInfo>
  <!-- Do not change the release-version, the build process injects it. -->
  <release-version>4.1134355</release-version>

  <release-notes>

    <release-note plugin-version="1">
      Initial release
    </release-note>

    <release-note plugin-version="2">
      Fixed issue with GDG version creation
    </release-note>

    <release-note plugin-version="3">
      Enhancement to accept source as PDS member or sequential dataset or USS File
    </release-note>

    <release-note plugin-version="4">
      Enhancement to accept multiple datasets or Files as input
      Minor Improvements
    </release-note>

  </release-notes>
</pluginInfo>
