<?xml version="1.0" encoding="UTF-8" standalone="no"?>
<!--
- Licensed Materials - Property of IBM* and/or HCL**
- IBM UrbanCode Deploy
- (c) Copyright IBM Corporation 2002, 2017. All Rights Reserved.
- (c) Copyright HCL Technologies Ltd. 2018. All Rights Reserved.
-
- U.S. Government Users Restricted Rights - Use, duplication or disclosure restricted by
- GSA ADP Schedule Contract with IBM Corp.
-
- * Trademark of International Business Machines
- ** Trademark of HCL Technologies Limited
--><pluginInfo>
  <!--

  **author name IS required**

  The Author Section is used to give credit to the author of the plugin.
  Name is the only required element/attribute, but feel free to also include your email,
  website  or bio to allow users of your plugin to praise your work, ask questions
  or share their use case to help grow your plugin's functionality.
  -->

  <author name="IBM UrbanCode">
    <organization>UrbanCode</organization>
    <email>info@urbancode.com</email>
    <website>http://urbancode.com</website>
    <bio/>
  </author>

  <!--

  **intergration type IS Required**

  The integration type section identifies where the plugin fits into the process
  excepted types are SCM, Build, Artifact, Automation, Deploy

  For example:

  The plugin pulls Artifacts from an artifact repository during deployment
  the Type would be "Artifact"
  or
  The plugin deploys to a middleware server
  the Type would be "Deploy"
  -->

  <integration type="deploy"/>


  <!--
  **source is NOT required**

  The source section identifies the location of the plugin source code
  For example
  https://github.com/...
  -->

  <source url=""/>

  <!--
  **license type is NOT required**

  If your plugin uses any licensed software please acknowledge it by
  listing the license type below
  -->

  <licenses>
    <license type=""/>
  </licenses>

  <!--
  **tool-description IS required**

  The tool-description section is used to summarize the software
  the plugin was created to integrate with.

  For example:
  Apache Ant is a software tool to automate software processes during the build or
  deployment of an application. Ant uses an propitiatory XML file to define build
  and/or deployment steps(referred to as targets by ant) . The Ant executable is
  called to execute the targets in the build.xml.
  -->

  <tool-description>
  F5's Big-IP provides network load balancer capabilities for web based applications.
  </tool-description>

  <!--
  **related-info is NOT required**

  The releated-info section is used to define links which may be useful to users of the plugin
  but don't fall into the release-notes or tool-description section.

  For example: releated-info can be links to pdf documentation, help videos related to plugin setup or the product's
  website.

  excepted values for type include: PDF, WEBSITE, VIDEO
  -->
  <!--
  <related-info>
    <link title="DBUpgrade Website" type="WEBSITE" description="" url ="http://www.dbupgrade.org/Main_Page"/>
  </related-info>
  -->
  <!--
  **meta-html in NOT required**

  The meta-html section is used define the meta description and the meta keywords of the plugin page.The meta
  description tag allows you to influence the description of your page in the web crawlers that support the
  tag The meta keywords tag allows   you to provide additional text for crawler-based search engines to index
  along with your body copy.

  If multiple keywords are used they must be comma(,) delimited
  -->

  <meta-html>
    <meta content="" name="description"/>
    <meta content="" name="keywords"/>
  </meta-html>

  <!-- Do not change the release-version, the build process injects it. -->
  <release-version>24.1056565</release-version>


  <release-notes>
    <!--
      **release-note IS required**

      The plugin-version name must match the plugin version found in the plugin.xml file

      The release-note should document the changes, improvements, or bug fixes introduced
      with the new plugin version

      The release-note may contain text or reference a file in the plugin zip package

      For example your release note could be:
      Support for was added for version 10.0 for software X
      or
      releaseNotes/release1.html (where release1.html contains html formatted version information)

      To add a new release note add this with a description in it of the changes:
      <release-note plugin-version="4">....</release-note>

      Our automated release process will replace 'LATEST' with the released version.

      If this already exists in the file, then the described changes have not been released yet and
      you should just append to the existing 'LATEST' tag.
      -->

      <release-note plugin-version="4">
Installing this plugin will give you access to the steps listed below. These steps can be used when designing a component process.
      </release-note>
      <release-note plugin-version="5">
Installing this plugin will give you access to the steps listed below. Version 5 added Enable/Disable node in all pools.
      </release-note>
      <release-note plugin-version="6">
Installing this plugin will give you access to the steps listed below. Version 6 added a feature to Disable node in all pools step to wait for all connections to be closed to the node before finishing the step.
      </release-note>
      <release-note plugin-version="7">
Version 7 adds a step to check if a node is up (for local load balancers). The Disable node in all pools step now has a force option and a bailout option on waiting for connections to close. Many steps now have the ability to specify partitions.
      </release-note>
      <release-note plugin-version="8">
The "disable node in pool" step now has an option to force the node offline (for local pools). Running "enable node in pool" will always bring the node offline.
      </release-note>
      <release-note plugin-version="9">
Add the ability for all steps to override the iControl jar location.
      </release-note>
      <release-note plugin-version="10">
Fixes APAR PI35342 - compatibility defect with IBM Urbancode Deploy version 6.1.0.4 and later.
      </release-note>
      <release-note plugin-version="11">
Fixes inability to enable or disable nodes in pools
      </release-note>
      <release-note plugin-version="12">
Deprecated methods removed
      </release-note>
      <release-note plugin-version="13">
Refactored F5Helper classes into four classes. Implemented the modification of multiple pools and nodes at once. Implemented "create node" and "delete node" steps. Renamed method names to align with F5 names.
      </release-note>
      <release-note plugin-version="14">
Updated class and method names to reflect with their actual F5 names
      </release-note>
      <release-note plugin-version="15">
Moved F5Server, F5Node, F5Pool, and F5Pool Member into their own class package.
During the Create Node step, waiting for monitors to become enabled now uses the timeout property.
      </release-note>
      <release-note plugin-version="16">
Added the following steps:
    Create iRule
    Delete iRule
    Get iRule Statistics
    Create Address Data Group
    Create External Data Group
    Modify External Data Group
    Create String Data Group
    Create Value Data Group
      </release-note>
    <release-note plugin-version="17">
Support property file encryption.
    </release-note>
    <release-note plugin-version="18">
Added check that confirms the total number of Node Names and Node Ports specified matches.
    </release-note>
    <release-note plugin-version="19">
Fixes APAR PI93685 - Adds partition name to the Disable Pool Member step's check connection logic.
    </release-note>
    <release-note plugin-version="20">
Fixes APAR PI99227 - The Force Offline checkbox in the Disable Pool Members step will immediately closes all connections to pool members.
    </release-note>
    <release-note plugin-version="21">
Fixes APAR PI99227 Continued - Disable Pool Members step now correctly identifies that the Pool Member is in an offline state.
Added the Force Online checkbox to the Enable Pool Member step to set a Pool Member to an online state.
RFE 97454 - Added Enable Node Monitors checkbox to the Enable Node step.
    </release-note>
    <release-note plugin-version="22">
Fixes APAR PH00560 - The Enable Pool Members step with Force Online checkbox selected would fail if the monitors did not start up quickly.
    </release-note>
    <release-note plugin-version="23">
Fixes APAR PH00989 - Added timeout property to Steps : Enable node, confirm enabled node, confirm disabled node.
    </release-note>
    <release-note plugin-version="24">
Fixes APAR PH05331 - Added javamail dependencies jars - fixes - "UNABLE TO FIND REQUIRED CLASSES" error.
    </release-note>
  </release-notes>
</pluginInfo>
