<?xml version="1.0" encoding="UTF-8"?>
<!--
- Licensed Materials - Property of IBM Corp.
- IBM UrbanCode Build
- IBM UrbanCode Deploy
- IBM UrbanCode Release
- IBM AnthillPro
- (c) Copyright IBM Corporation 2002, 2013. All Rights Reserved.
-
- U.S. Government Users Restricted Rights - Use, duplication or disclosure restricted by
- GSA ADP Schedule Contract with IBM Corp.
-->
<plugin-upgrade
        xmlns="http://www.urbancode.com/UpgradeXMLSchema_v1"
        xmlns:xsi="http://www.w3.org/2001/XMLSchema-instance">
  
	<migrate to-version="2">
    <migrate-command name="Define Queue">
      <migrate-properties>
        <migrate-property name="scriptFile" default="${p:request.id}"/>
        <migrate-property name="deleteOnExecute" default="true"/>
        <migrate-property name="isBatch" default="false"/>
      </migrate-properties>
    </migrate-command>
    <migrate-command name="Run MQ Script"/>
    <migrate-command name="Stop Queue Manager"/>
    <migrate-command name="Start Queue Manager"/>
    <migrate-command name="Manage Queue Depth">
      <migrate-properties>
        <migrate-property name="scriptFile" default="${p:request.id}"/>
        <migrate-property name="deleteOnExecute" default="true"/>
        <migrate-property name="isBatch" default="false"/>
      </migrate-properties>
    </migrate-command>
    <migrate-command name="Create Queue Manager"/>
  </migrate>

  <migrate to-version="4">
    <migrate-command name="Create Queue Manager">
      <migrate-properties>
        <migrate-property name="arguments" default=""/>
      </migrate-properties>
    </migrate-command>
    <migrate-command name="Delete Queue Manager"/>
    <migrate-command name="Manage Queue Depth"/>
    <migrate-command name="Start Queue Manager">
      <migrate-properties>
        <migrate-property name="arguments" default=""/>
      </migrate-properties>
    </migrate-command>
    <migrate-command name="Stop Queue Manager">
      <migrate-properties>
        <migrate-property name="arguments" default=""/>
      </migrate-properties>
    </migrate-command>
    <migrate-command name="Define Queue"/>
    <migrate-command name="Delete Queue"/>
    <migrate-command name="Define Queue Alias"/>
    <migrate-command name="Delete Queue Alias"/>
    <migrate-command name="Run MQ Batch Script"/>
    <migrate-command name="Run MQ Script">
      <migrate-properties>
        <migrate-property name="arguments" default=""/>
      </migrate-properties>
    </migrate-command>
    <migrate-command name="Set Max Message Size On Queue"/>
    <migrate-command name="Set Queue Usage Type"/>
    <migrate-command name="Define Sender Channel"/>
    <migrate-command name="Define Receive Channel"/>
    <migrate-command name="Delete Channel"/>
    <migrate-command name="Start Channel"/>
    <migrate-command name="Stop Channel"/>
    <migrate-command name="Set Channel Monitoring Level"/>
    <migrate-command name="Setup Queue Triggering"/>
    <migrate-command name="Define Client Channel"/>
    <migrate-command name="Define Topic"/>
    <migrate-command name="Define Topic Subscription"/>
    <migrate-command name="Delete Topic"/>
    <migrate-command name="Delete Topic Subscription"/>
    <migrate-command name="Setup QMGR SSL"/>
    <migrate-command name="Setup Channel SSL"/>
    <migrate-command name="Set Permissions For Object"/>
    <migrate-command name="Set Permissions For Queue"/>
    <migrate-command name="Set Permissions For Topic"/>
    <migrate-command name="Import Certificate"/>
    <migrate-command name="Delete Certificate"/>
    <migrate-command name="Receive Certificate"/>
  </migrate>
</plugin-upgrade>
