<?xml version="1.0" encoding="UTF-8" standalone="no"?>
<!--
- Licensed Materials - Property of IBM* and/or HCL**
- UrbanCode Deploy
- (c) Copyright IBM Corporation 2011, 2018. All Rights Reserved.
- (c) Copyright HCL Technologies Ltd. 2018, 2019. All Rights Reserved.
-
- U.S. Government Users Restricted Rights - Use, duplication or disclosure restricted by
- GSA ADP Schedule Contract with IBM Corp.
-
- * Trademark of International Business Machines
- ** Trademark of HCL Technologies Limited
--><pluginInfo>
  <!-- Do not change the release-version, the build process injects it. -->
  <release-version>44.1167750</release-version>

  <release-notes>
    <!--
      The release-note should document the changes, improvements, or bug fixes introduced
      with the new plugin version

      The release-note may contain text

      For example your release note could be:
      Support for was added for version 10.0 for software X

      To add a new release note add this with a description in it of the changes:
      <release-note plugin-version="1">....</release-note>
    -->

    <release-note plugin-version="2">
Initial release of IBM-supported plugin to poll Docker registry for new component versions.
    </release-note>
    <release-note plugin-version="3">
Fix defect 147213: Leaving the "Registry" field blank now points to Docker Hub by default.
    </release-note>
    <release-note plugin-version="4">
Added ICS functionality.
    </release-note>
    <release-note plugin-version="5">
Fixes APAR PI57417. Plug-in now checks the agent settings for acceptance of self signed certificates.
    </release-note>
    <release-note plugin-version="6">
Added Plaintext support.
    </release-note>
    <release-note plugin-version="7">
Added functionality to import image labels as version properties.
    </release-note>
    <release-note plugin-version="8">
Added functionality to import OpenShift Labels as version properties.
Added leverage of CF_HOME and cf login when importing from ICS.
    </release-note>
    <release-note plugin-version="9">
Updated ICS:
    - Bearer Token for authentication is correctly parsed
    - Space UID is properly specified
    - OS dynamic file sperators added
    - CF_HOME is now specifiable
    - CF_HOME defaults to user_home/.cf
Set VersionID output property to enable "Run Process After Version Import" functionality.
    </release-note>
    <release-note plugin-version="10">
Able to import more than 10 versions on a single import.
Importing from the public Docker Registry will continue on "null" Label values.
Improved error output when image is not found.
    </release-note>
    <release-note plugin-version="11">
Updated OpenShift implmentation to only use the CLI.
    </release-note>
    <release-note plugin-version="12">
Removed OpenShift implementation. Please now use the OpenShift Source plugin.
    </release-note>
    <release-note plugin-version="13">
General quality of life improvements.
    </release-note>
    <release-note plugin-version="14">
Support property file encryption.
    </release-note>
    <release-note plugin-version="15">
Removed unused Registry Email Address property.
Updated error output to better address errors at the time they occur.
Fixes ARAR PI76826 - Updated missing property exception in an inaccessible Docker Registry failure message.
    </release-note>
    <release-note plugin-version="16">
Fixes APARs PI77450 and PI76826 - Added support for Artifactory Docker registries.
    </release-note>
    <release-note plugin-version="17">
Added Amazon Web Services ECR support.
    </release-note>
    <release-note plugin-version="18">
Fixes issue where version imports fail if the registry doesn't support /v2 as the base URI entity.
    </release-note>
    <release-note plugin-version="19">
Updated to ensure all response texts are zOS compatible.
    </release-note>
    <release-note plugin-version="20">
Updated to work with the latest IBM Cloud container registries.
Implements RFE 108578 to support regular expressions for importing docker images.
Fixes Amazon ECR related tool tips.
    </release-note>
    <release-note plugin-version="21">
Remove dependency on docker config.json file for IBM Cloud container registries.
    </release-note>
    <release-note plugin-version="22">
Fixes issue where images tags were not being imported if the Regular Expression for Tag Selection setting is left blank.
    </release-note>
    <release-note plugin-version="23">
Provides clearer messages when a version import fails.
    </release-note>
    <release-note plugin-version="30">
Fixes APAR PI94794 - Unable to retrieve Docker image tags from IBM Cloud if using a proxy
    </release-note>
    <release-note plugin-version="31">
Fixes APAR PH00397 - Docker Source Config plug-in fails if Artifactory reverse proxy does not return repositories
Fixes APAR PI87707, a regression where the user who requested a manual version import was not being tracked.
    </release-note>
    <release-note plugin-version="32">
       APAR PI89045: add support for setting isFinished flag flag when importing versions.
    </release-note>
    <release-note plugin-version="33">
Fixes APAR PH07152 - Docker Registry source plugin incorrectly reports it cannot access the specified registry in some cases
    </release-note>
    <release-note plugin-version="34">
Fixes APAR PH11785 - Added pagination for Docker Registry type tags.
    </release-note>
    <release-note plugin-version="35">
        Fixing CVE:CVE-2019-4233
    </release-note>
    <release-note plugin-version="36">
Fixes APAR PH23367 - UNABLE TO USE THE DOCKER SOURCE CONFIG PLUGIN WITH ARTIFACTORY : Resolved HttpClientUtils ambiguous api call dependency.
    </release-note>
    <release-note plugin-version="37">
Fixes RFE 141571 - Added support for Docker trusted registry.
    </release-note>
    <release-note plugin-version="38">
Fixes RFE 144413 - Added support to pull specified tags.
Fixes RFE 125113 - Added optional 'description' field when importing versions.
    </release-note>
    <release-note plugin-version="39">
Fix APAR PH39694 default value for the field namingConvention.
    </release-note>
    <release-note plugin-version="40">
Fix RFE URBANCODE-I-365 - Import JFrog custom properties.
    </release-note>
    <release-note plugin-version="41">
Enable the import of version attributes with URLs as Version Links.
    </release-note>
    <release-note plugin-version="42">
Updated dependency for Log4j and Jettison .
    </release-note>
    <release-note plugin-version="43">
Added support for obtaining the id/digest when a Docker V2 manifest is returned.
    </release-note>
    <release-note plugin-version="44">
Correctly handle obtaining the id/digest when a Docker V2 (or OCI) image manifest is returned.  Also add support for obtaining the id/digest of image index files/fat manifests.
    </release-note>
  </release-notes>
</pluginInfo>
