<?xml version="1.0" encoding="UTF-8"?>
<!--
- Licensed Materials - Property of IBM* and/or HCL**
- UrbanCode Deploy
- UrbanCode Build
- UrbanCode Release
- AnthillPro
- (c) Copyright IBM Corporation 2014, 2017. All Rights Reserved.
- (c) Copyright HCL Technologies Ltd. 2018. All Rights Reserved.
-
- U.S. Government Users Restricted Rights - Use, duplication or disclosure restricted by
- GSA ADP Schedule Contract with IBM Corp.
-
- * Trademark of International Business Machines
- ** Trademark of HCL Technologies Limited
-->
<plugin-upgrade
        xmlns="http://www.urbancode.com/UpgradeXMLSchema_v1"
        xmlns:xsi="http://www.w3.org/2001/XMLSchema-instance">

    <migrate to-version="2">
      <migrate-command name="Maven Resolve"/>
    </migrate>
    <migrate to-version="3">
      <migrate-command name="Maven Resolve"/>
    </migrate>
    <migrate to-version="4">
        <migrate-command name="Maven Resolve">
            <migrate-properties>
                <migrate-property name="proxyHost" default="${p:component/MavenComponentProperties/proxyHost}"/>
                <migrate-property name="proxyPort" default="${p:component/MavenComponentProperties/proxyPort}"/>
                <migrate-property name="proxyUserName" default="${p:component/MavenComponentProperties/proxyUserName}"/>
                <migrate-property name="proxyUserPassword" default="${p:component/MavenComponentProperties/proxyUserPassword}"/>
                <migrate-property name="repositoryUrl" default="${p:component/MavenComponentProperties/repoUrl}"/>
                <migrate-property name="checkHash"/>
                <migrate-property name="username" default="${p:component/MavenComponentProperties/user}"/>
                <migrate-property name="password" default="${p:component/MavenComponentProperties/password}"/>
            </migrate-properties>
        </migrate-command>
    </migrate>
    <migrate to-version="5">
      <migrate-command name="Maven Resolve">
        <migrate-properties>
          <migrate-property name="artifacts" default="${p:component/MavenComponentProperties/groupId}/${p:component/MavenComponentProperties/artifactId}/${p:version.name}/${p:component/MavenComponentProperties/artifactId}-${p:version.name}.${p:component/MavenComponentProperties/extension}"/>
          <migrate-property name="proxyHost" default="${p?:component/MavenComponentProperties/proxyHost}"/>
          <migrate-property name="proxyPort" default="${p?:component/MavenComponentProperties/proxyPort}"/>
          <migrate-property name="proxyUsername" old="proxyUserName" default="${p?:component/MavenComponentProperties/proxyUserName}"/>
          <migrate-property name="proxyPassword" old="proxyUserPassword" default="${p?:component/MavenComponentProperties/proxyUserPassword}"/>
          <migrate-property name="username" default="${p?:component/MavenComponentProperties/user}"/>
          <migrate-property name="password" default="${p?:component/MavenComponentProperties/password}"/>
        </migrate-properties>
      </migrate-command>
    </migrate>
    <migrate to-version="6">
      <migrate-command name="Maven Resolve"/>
    </migrate>
    <migrate to-version="7">
      <migrate-command name="Maven Resolve"/>
    </migrate>
    <migrate to-version="8">
        <migrate-command name="Maven Resolve"/>
    </migrate>
    <migrate to-version="9">
        <migrate-command name="Maven Resolve">
          <migrate-properties>
            <migrate-property name="baseVersion" default="${p?:version/baseVersion}"/>
          </migrate-properties>
        </migrate-command>
    </migrate>
    <migrate to-version="10">
        <migrate-command name="Maven Resolve"/>
    </migrate>
    <migrate to-version="11">
        <migrate-command name="Maven Resolve"/>
    </migrate>
</plugin-upgrade>
