<?xml version="1.0" encoding="UTF-8"?>
<!--
- Licensed Materials - Property of IBM Corp.
- IBM UrbanCode Deploy
- (c) Copyright IBM Corporation 2011, 2016. All Rights Reserved.
-
- U.S. Government Users Restricted Rights - Use, duplication or disclosure restricted by
- GSA ADP Schedule Contract with IBM Corp.
-->
<plugin-upgrade
        xmlns="http://www.urbancode.com/UpgradeXMLSchema_v1"
        xmlns:xsi="http://www.w3.org/2001/XMLSchema-instance">

  <migrate to-version="7">
    <migrate-command name="Create Application"/>
    <migrate-command name="Create Application Property"/>
    <migrate-command name="Create Application Role"/>
    <migrate-command name="Add Component To Application"/>
    <migrate-command name="Run Application Process"/>
  </migrate>

  <migrate to-version="10">
    <migrate-command name="Create Application"/>
    <migrate-command name="Create Application Process"/>
    <migrate-command name="Create Application Property"/>
    <migrate-command name="Create Application Role"/>
    <migrate-command name="Add Component To Application"/>
    <migrate-command name="Run Application Process"/>
  </migrate>

  <migrate to-version="60">
    <migrate-command name="Create Application"/>
    <migrate-command name="Create Application Process"/>
    <migrate-command name="Create Application Property"/>
    <migrate-command name="Create Application Role"/>
    <migrate-command name="Add Component To Application"/>
    <migrate-command name="Run Application Process"/>
    <migrate-command name="Check If Application Exists"/>
    <migrate-command name="Add User To Role"/>
    <migrate-command name="Add Group To Role"/>
  </migrate>

  <migrate to-version="61">
    <migrate-command name="Create Application"/>
    <migrate-command name="Create Application Process"/>
    <migrate-command name="Create Application Property"/>
    <migrate-command name="Add Component To Application"/>
    <migrate-command name="Run Application Process"/>
    <migrate-command name="Check If Application Exists"/>
  </migrate>

  <migrate to-version="62">
    <migrate-command name="Create Application"/>
    <migrate-command name="Create Application Process"/>
    <migrate-command name="Add Component To Application"/>
    <migrate-command name="Create Application Property"/>
    <migrate-command name="Run Application Process"/>
    <migrate-command name="Check If Application Exists"/>
    <migrate-command name="Add Application To Team"/>
    <migrate-command name="Create Snapshot"/>
    <migrate-command name="Create Snapshot Of Environment"/>
  </migrate>

  <migrate to-version="63">
    <migrate-command name="Create Application"/>
    <migrate-command name="Create Application Process"/>
    <migrate-command name="Add Component To Application"/>
    <migrate-command name="Create Application Property"/>
    <migrate-command name="Run Application Process"/>
    <migrate-command name="Check If Application Exists"/>
    <migrate-command name="Add Application To Team"/>
    <migrate-command name="Create Snapshot"/>
    <migrate-command name="Create Snapshot Of Environment"/>
    <migrate-command name="Get Components in Application"/>
  </migrate>

  <migrate to-version="64">
    <migrate-command name="Create Application"/>
    <migrate-command name="Create Application Process"/>
    <migrate-command name="Add Component To Application"/>
    <migrate-command name="Create Application Property"/>
    <migrate-command name="Run Application Process"/>
    <migrate-command name="Check If Application Exists"/>
    <migrate-command name="Add Application To Team"/>
    <migrate-command name="Create Snapshot"/>
    <migrate-command name="Create Snapshot Of Environment"/>
    <migrate-command name="Get Components in Application"/>
    <migrate-command name="Get Application Details"/>
  </migrate>

  <migrate to-version="65">
    <migrate-command name="Create Application"/>
    <migrate-command name="Create Application Process"/>
    <migrate-command name="Add Component To Application"/>
    <migrate-command name="Create Application Property"/>
    <migrate-command name="Run Application Process"/>
    <migrate-command name="Check If Application Exists"/>
    <migrate-command name="Add Application To Team"/>
    <migrate-command name="Create Snapshot"/>
    <migrate-command name="Create Snapshot Of Environment"/>
    <migrate-command name="Get Components in Application"/>
    <migrate-command name="Get Application Details"/>
    <migrate-command name="Check If Application Process Exists"/>
    <migrate-command name="Get Environments in Application"/>
  </migrate>

  <migrate to-version="66">
    <migrate-command name="Create Application"/>
    <migrate-command name="Create Application Process"/>
    <migrate-command name="Add Component To Application"/>
    <migrate-command name="Create Application Property"/>
    <migrate-command name="Run Application Process"/>
    <migrate-command name="Check If Application Exists"/>
    <migrate-command name="Add Application To Team"/>
    <migrate-command name="Create Snapshot"/>
    <migrate-command name="Create Snapshot Of Environment"/>
    <migrate-command name="Get Components in Application"/>
    <migrate-command name="Get Application Details"/>
    <migrate-command name="Check If Application Process Exists"/>
    <migrate-command name="Get Environments in Application"/>
    <migrate-command name="Remove Component From Application"/>
    <migrate-command name="Delete Application"/>
  </migrate>

  <migrate to-version="67">
    <migrate-command name="Create Application"/>
    <migrate-command name="Create Application Process"/>
    <migrate-command name="Add Component To Application"/>
    <migrate-command name="Create Application Property"/>
    <migrate-command name="Run Application Process"/>
    <migrate-command name="Check If Application Exists"/>
    <migrate-command name="Add Application To Team"/>
    <migrate-command name="Create Snapshot"/>
    <migrate-command name="Create Snapshot Of Environment"/>
    <migrate-command name="Get Components in Application"/>
    <migrate-command name="Get Application Details"/>
    <migrate-command name="Check If Application Process Exists"/>
    <migrate-command name="Get Environments in Application"/>
    <migrate-command name="Remove Component From Application"/>
    <migrate-command name="Delete Application"/>
  </migrate>

  <migrate to-version="68">
    <migrate-command name="Create Application"/>
    <migrate-command name="Create Application Process"/>
    <migrate-command name="Add Component To Application"/>
    <migrate-command name="Create Application Property"/>
    <migrate-command name="Run Application Process"/>
    <migrate-command name="Check If Application Exists"/>
    <migrate-command name="Add Application To Team"/>
    <migrate-command name="Create Snapshot"/>
    <migrate-command name="Create Snapshot Of Environment"/>
    <migrate-command name="Get Components in Application"/>
    <migrate-command name="Get Application Details"/>
    <migrate-command name="Check If Application Process Exists"/>
    <migrate-command name="Get Environments in Application"/>
    <migrate-command name="Remove Component From Application"/>
    <migrate-command name="Delete Application"/>
    <migrate-command name="Add Tag to Application"/>
    <migrate-command name="Remove Tag from Application"/>
  </migrate>

  <migrate to-version="69">
    <migrate-command name="Create Application"/>
    <migrate-command name="Create Application Process"/>
    <migrate-command name="Add Component To Application"/>
    <migrate-command name="Create Application Property"/>
    <migrate-command name="Run Application Process"/>
    <migrate-command name="Check If Application Exists"/>
    <migrate-command name="Add Application To Team"/>
    <migrate-command name="Create Snapshot"/>
    <migrate-command name="Create Snapshot Of Environment"/>
    <migrate-command name="Get Components in Application"/>
    <migrate-command name="Get Application Details"/>
    <migrate-command name="Check If Application Process Exists"/>
    <migrate-command name="Get Environments in Application"/>
    <migrate-command name="Remove Component From Application"/>
    <migrate-command name="Delete Application"/>
    <migrate-command name="Add Tag to Application"/>
    <migrate-command name="Remove Tag from Application"/>
  </migrate>

  <migrate to-version="70">
    <migrate-command name="Create Application"/>
    <migrate-command name="Create Application Process"/>
    <migrate-command name="Add Component To Application"/>
    <migrate-command name="Create Application Property"/>
    <migrate-command name="Run Application Process"/>
    <migrate-command name="Check If Application Exists"/>
    <migrate-command name="Add Application To Team"/>
    <migrate-command name="Create Snapshot"/>
    <migrate-command name="Create Snapshot Of Environment"/>
    <migrate-command name="Get Components in Application"/>
    <migrate-command name="Get Application Details"/>
    <migrate-command name="Check If Application Process Exists"/>
    <migrate-command name="Get Environments in Application"/>
    <migrate-command name="Remove Component From Application"/>
    <migrate-command name="Delete Application"/>
    <migrate-command name="Add Tag to Application"/>
    <migrate-command name="Remove Tag from Application"/>
  </migrate>

</plugin-upgrade>