{
    "name": "docker pull and run",
    "description": "",
    "rootActivity": {
        "edges": [
            {
                "to": "Docker Rm",
                "from": "Docker Stop",
                "type": "ALWAYS",
                "value": ""
            },
            {
                "to": "2b2d48e7f69c4055397a48b53115a6",
                "from": "Docker Run",
                "type": "SUCCESS",
                "value": ""
            },
            {
                "to": "Docker Pull Image",
                "type": "ALWAYS",
                "value": ""
            },
            {
                "to": "Docker Stop",
                "from": "Docker Pull Image",
                "type": "SUCCESS",
                "value": ""
            },
            {
                "to": "Docker Run",
                "from": "Docker Rm",
                "type": "ALWAYS",
                "value": ""
            }
        ],
        "offsets": [
            {
                "name": "Docker Pull Image",
                "x": -65,
                "y": 100,
                "h": 60,
                "w": 210
            },
            {
                "name": "Docker Rm",
                "x": -45,
                "y": 300,
                "h": 60,
                "w": 170
            },
            {
                "name": "Docker Run",
                "x": -45,
                "y": 400,
                "h": 60,
                "w": 170
            },
            {
                "name": "Docker Stop",
                "x": -45,
                "y": 200,
                "h": 60,
                "w": 170
            },
            {
                "name": "2b2d48e7f69c4055397a48b53115a6",
                "x": 0,
                "y": 500,
                "h": 50,
                "w": 80
            }
        ],
        "type": "graph",
        "name": "5a6b1f45-5256-4929-bbb9-b7d68a0ad928",
        "children": [
            {
                "type": "finish",
                "name": "2b2d48e7f69c4055397a48b53115a6",
                "children": []
            },
            {
                "allowFailure": false,
                "useImpersonation": false,
                "showHidden": false,
                "impersonationUseSudo": false,
                "commandName": "Docker Stop",
                "pluginName": "Docker And Ics",
                "pluginVersion": 1,
                "properties": {
                    "dockerContainerName": "${gpDockerContainerName}",
                    "dockerCommandOptions": ""
                },
                "type": "plugin",
                "name": "Docker Stop",
                "children": []
            },
            {
                "allowFailure": false,
                "useImpersonation": false,
                "showHidden": false,
                "impersonationUseSudo": false,
                "commandName": "Docker Rm",
                "pluginName": "Docker And Ics",
                "pluginVersion": 1,
                "properties": {
                    "dockerContainerName": "${gpDockerContainerName}",
                    "dockerCommandOptions": ""
                },
                "type": "plugin",
                "name": "Docker Rm",
                "children": []
            },
            {
                "allowFailure": false,
                "useImpersonation": false,
                "showHidden": false,
                "impersonationUseSudo": false,
                "commandName": "Docker Pull Image",
                "pluginName": "Docker And Ics",
                "pluginVersion": 1,
                "properties": {
                    "dockerRegistryName": "${p:gpDockerRegistryName}",
                    "dockerImageName": "${p:gpDockerImageName}",
                    "dockerImageTag": "${p:gpDockerImageTag}"
                },
                "type": "plugin",
                "name": "Docker Pull Image",
                "children": []
            },
            {
                "allowFailure": false,
                "useImpersonation": false,
                "showHidden": false,
                "impersonationUseSudo": false,
                "commandName": "Docker Run",
                "pluginName": "Docker And Ics",
                "pluginVersion": 1,
                "properties": {
                    "dockerOptions": "${p:gpDockerRunOptions}",
                    "dockerContainerName": "${p:gpDockerContainerName}",
                    "dockerRegistryName": "${p:gpDockerRegistryName}",
                    "dockerImageName": "${p:gpDockerImageName}",
                    "dockerImageTag": "${p:gpDockerImageTag}",
                    "dockerCommandAndArguments": "${p:gpDockerCommandAndArguments}"
                },
                "type": "plugin",
                "name": "Docker Run",
                "children": []
            }
        ]
    },
    "properties": [
        {
            "name": "contextType",
            "value": "Resource",
            "description": "",
            "secure": false
        },
        {
            "name": "workingDir",
            "value": "${p:resource\/work.dir}\/${p:process.name}",
            "description": "",
            "secure": false
        }
    ],
    "propDefs": [
        {
            "name": "gpDockerRegistryName",
            "label": "Docker Registry Name",
            "pattern": "",
            "type": "TEXT",
            "value": "${p:dockerRegistryName}",
            "required": false,
            "description": "",
            "placeholder": ""
        },
        {
            "name": "gpDockerImageName",
            "label": "Docker Image Name",
            "pattern": "",
            "type": "TEXT",
            "value": "${p:dockerImageName}",
            "required": false,
            "description": "",
            "placeholder": ""
        },
        {
            "name": "gpDockerImageTag",
            "label": "Docker Image Tag",
            "pattern": "",
            "type": "TEXT",
            "value": "${p:version\/dockerImageTag}",
            "required": false,
            "description": "",
            "placeholder": ""
        },
        {
            "name": "gpDockerContainerName",
            "label": "Docker Container Name",
            "pattern": "",
            "type": "TEXT",
            "value": "${p:component.name}",
            "required": false,
            "description": "",
            "placeholder": ""
        },
        {
            "name": "gpDockerRunOptions",
            "label": "Docker Run Options",
            "pattern": "",
            "type": "TEXT",
            "value": "${p:dockerRunOptions} ${p:dockerEnvironmentRunOptions}",
            "required": false,
            "description": "",
            "placeholder": ""
        },
        {
            "name": "gpDockerCommandAndArguments",
            "label": "Docker Command And Arguments",
            "pattern": "",
            "type": "TEXT",
            "value": "${p:dockerCommandAndArguments}",
            "required": false,
            "description": "",
            "placeholder": ""
        }
    ],
    "teamMappings": []
}