<?xml version="1.0" encoding="UTF-8"?>
<!--
- Licensed Materials - Property of IBM Corp.
- IBM UrbanCode Build
- IBM UrbanCode Deploy
- IBM UrbanCode Release
- IBM AnthillPro
- (c) Copyright IBM Corporation 2002, 2013. All Rights Reserved.
-
- U.S. Government Users Restricted Rights - Use, duplication or disclosure restricted by
- GSA ADP Schedule Contract with IBM Corp.
-->
<plugin-upgrade
        xmlns="http://www.urbancode.com/UpgradeXMLSchema_v1"
        xmlns:xsi="http://www.w3.org/2001/XMLSchema-instance">
  
	<migrate to-version="2">
    <migrate-command name="Define Queue">
      <migrate-properties>
        <migrate-property name="scriptFile" default="${p:request.id}"/>
        <migrate-property name="deleteOnExecute" default="true"/>
        <migrate-property name="isBatch" default="false"/>
      </migrate-properties>
    </migrate-command>
    <migrate-command name="Run MQ Script"/>
    <migrate-command name="Stop Queue Manager"/>
    <migrate-command name="Start Queue Manager"/>
    <migrate-command name="Manage Queue Depth">
      <migrate-properties>
        <migrate-property name="scriptFile" default="${p:request.id}"/>
        <migrate-property name="deleteOnExecute" default="true"/>
        <migrate-property name="isBatch" default="false"/>
      </migrate-properties>
    </migrate-command>
    <migrate-command name="Create Queue Manager"/>
  </migrate>
</plugin-upgrade>
