<?xml version="1.0" encoding="UTF-8"?>
<plugin-upgrade
        xmlns="http://www.urbancode.com/UpgradeXMLSchema_v1"
        xmlns:xsi="http://www.w3.org/2001/XMLSchema-instance">
        
    <migrate to-version="2">
		<migrate-command name="Create Quota" />
		<migrate-command name="Update Quota" />
		<migrate-command name="Delete Quota" />
		<migrate-command name="Create Template" />
		<migrate-command name="Update Tempalte" />
		<migrate-command name="Delete Template" />
		<migrate-command name="Create Queue" />
		<migrate-command name="Update Queue" />
		<migrate-command name="Delete Queue" />
		<migrate-command name="Create Topic" />
		<migrate-command name="Update Topic" />
		<migrate-command name="Delete Topic" />
		<migrate-command name="Create Distributed Topic" />
		<migrate-command name="Update Distributed Topic" />
		<migrate-command name="Delete Distributed Topic" />
		<migrate-command name="Create Distributed Queue" />
		<migrate-command name="Update Distributed Queue" />
		<migrate-command name="Delete Distributed Queue" />
		<migrate-command name="Create SAF Imported Destination" />
		<migrate-command name="Update SAF Imported Destination" />
		<migrate-command name="Delete SAF Imported Destination" />
		<migrate-command name="Create File Store" />
		<migrate-command name="Update File Store" />
		<migrate-command name="Delete File Store" />
		<migrate-command name="Create JDBC Store" />
		<migrate-command name="Update JDBC Store" />
		<migrate-command name="Delete JDBC Store" />
		<migrate-command name="Create Connection Factory" />
		<migrate-command name="Update Connection Factory" />
		<migrate-command name="Delete Connection Factory" />
		<migrate-command name="Create JMS Server" />
		<migrate-command name="Update JMS Server" />
		<migrate-command name="Delete JMS Server" />
		<migrate-command name="Create Work Manager" />
		<migrate-command name="Update Work Manager" />
		<migrate-command name="Delete Work Manager" />		  
		<migrate-command name="Create Capacity" />
		<migrate-command name="Update Capacity" />
		<migrate-command name="Delete Capacity" />
		<migrate-command name="Create Max Threads Constraint" />
		<migrate-command name="Update Max Threads Constraint" />
		<migrate-command name="Delete Max Threads Constraint" />              
		<migrate-command name="Create Min Threads Constraint" />
		<migrate-command name="Update Min Threads Constraint" />
		<migrate-command name="Delete Min Threads Constraint" />
		<migrate-command name="Create JDBC Data Source" />
		<migrate-command name="Update JDBC Data Source" />
		<migrate-command name="Delete JDBC Data Source" />		
		<migrate-command name="Create Module" />
		<migrate-command name="Update Module" />
		<migrate-command name="Delete Module" />
		<migrate-command name="Create SubDeployment" />
		<migrate-command name="Update SubDeployment" />
		<migrate-command name="Delete SubDeployment" />
    </migrate>
  
</plugin-upgrade>