<?xml version="1.0" encoding="UTF-8" standalone="no"?>
<!--
- Licensed Materials - Property of HCL
- UrbanCode Deploy
- (c) Copyright HCL Technologies Ltd. 2023. All Rights Reserved.
-
- U.S. Government Users Restricted Rights - Use, duplication or disclosure restricted by
- Trademark of HCL Technologies Limited
--><pluginInfo>
    <integration type="Automation"/>
    <!-- Do not change the release-version, the build process injects it. -->
    <release-version>2.1176018</release-version>

    <release-notes>
        <!--
          The release-note should document the changes, improvements, or bug fixes introduced
          with the new plugin version

          The release-note may contain text

          For example your release note could be:
          Support for was added for version 10.0 for software X

          To add a new release note add this with a description in it of the changes:
          <release-note plugin-version="1">....</release-note>
        -->
        <release-note plugin-version="1">
            To execute REXX programs.
        </release-note>

        <release-note plugin-version="2">
            Added checkbox to print logs and minor improvements
            Fixes issue where a process using ispf gateway that has more output data fills up output buffer and never completes
            Increased allowed arguments size to 248 characters
            Fixed issue with work directory during two or more parallel step execution
            Handle return code for a CLIST error message response from ISPF Gateway
            Use Legacy ISPF Gateway to run programs by default
            Improvements in ISPF gateway error handling
            Fixed PH62152 - RcException while allocating temporary datasets
            Minor improvements in ISPF gateway
        </release-note>

    </release-notes>
</pluginInfo>
