<?xml version="1.0" encoding="UTF-8"?>
<!--
- Licensed Materials - Property of IBM Corp.
- IBM UrbanCode Build
- (c) Copyright IBM Corporation 2017. All Rights Reserved.
-
- U.S. Government Users Restricted Rights - Use, duplication or disclosure restricted by
- GSA ADP Schedule Contract with IBM Corp.
-->
<plugin-upgrade
        xmlns="http://www.urbancode.com/UpgradeXMLSchema_v1"
        xmlns:xsi="http://www.w3.org/2001/XMLSchema-instance">

  <migrate to-version="4">
    <migrate-command name="Create Issue"/>
    <migrate-command name="Update Issues"/>
    <migrate-command name="Add Comments"/>
    <migrate-command name="Publish Issue Report"/>
    <migrate-command name="Run Test Set"/>
    <migrate-command name="Publish Test Set Report"/>
    <migrate-command name="Check Status"/>
  </migrate>

  <migrate to-version="5">
    <migrate-command name="Create Issue">
      <migrate-properties>
        <migrate-property name="assignee" default=""/>
        <migrate-property name="summary" default=""/>
        <migrate-property name="detectedby" default=""/>
        <migrate-property name="detectedOn" default=""/>
        <migrate-property name="detectedIn" default=""/>
        <migrate-property name="reproducible" default=""/>
        <migrate-property name="subject" default=""/>
        <migrate-property name="severity" default=""/>
        <migrate-property name="priority" default=""/>
        <migrate-property name="status" default=""/>
        <migrate-property name="props" default=""/>
      </migrate-properties>
    </migrate-command>
    <migrate-command name="Update Issues">
      <migrate-properties>
        <migrate-property name="assignee" default=""/>
        <migrate-property name="bugpattern" default=""/>
        <migrate-property name="severity" default=""/>
        <migrate-property name="priority" default=""/>
        <migrate-property name="status" default=""/>
        <migrate-property name="props" default=""/>
        <migrate-property name="comment" default=""/>
      </migrate-properties>
    </migrate-command>
    <migrate-command name="Add Comments">
      <migrate-properties>
        <migrate-property name="issueIds" default=""/>
        <migrate-property name="additionalcomments" default=""/>
      </migrate-properties>
    </migrate-command>
    <migrate-command name="Publish Issue Report">
      <migrate-properties>
        <migrate-property name="issueIds" default=""/>
        <migrate-property name="outFile" default=""/>
      </migrate-properties>
    </migrate-command>
    <migrate-command name="Run Test Set">
      <migrate-properties>
        <migrate-property name="folder" default=""/>
        <migrate-property name="testSetName" default=""/>
        <migrate-property name="remoteHost" default=""/>
      </migrate-properties>
    </migrate-command>
    <migrate-command name="Publish Test Set Report">
      <migrate-properties>
        <migrate-property name="folder" default=""/>
        <migrate-property name="testSetName" default=""/>
        <migrate-property name="reportName" default=""/>
        <migrate-property name="outFile" default=""/>
      </migrate-properties>
    </migrate-command>
    <migrate-command name="Check Status">
      <migrate-properties>
          <migrate-property name="issueIds" default=""/>
          <migrate-property name="expectedState" default=""/>
      </migrate-properties>
    </migrate-command>
    <migrate-command name="Query Defects">
      <migrate-properties>
        <migrate-property name="matchcriteria" default=""/>
        <migrate-property name="returnfields" default=""/>
      </migrate-properties>
    </migrate-command>
  </migrate>
  <migrate to-version="6">
    <migrate-command name="Create Issue">
      <migrate-properties>
        <migrate-property name="assignee" default=""/>
        <migrate-property name="summary" default=""/>
        <migrate-property name="detectedby" default=""/>
        <migrate-property name="detectedOn" default=""/>
        <migrate-property name="detectedIn" default=""/>
        <migrate-property name="reproducible" default=""/>
        <migrate-property name="subject" default=""/>
        <migrate-property name="severity" default=""/>
        <migrate-property name="priority" default=""/>
        <migrate-property name="status" default=""/>
        <migrate-property name="props" default=""/>
      </migrate-properties>
    </migrate-command>
    <migrate-command name="Update Issues">
      <migrate-properties>
        <migrate-property name="assignee" default=""/>
        <migrate-property name="bugpattern" default=""/>
        <migrate-property name="severity" default=""/>
        <migrate-property name="priority" default=""/>
        <migrate-property name="status" default=""/>
        <migrate-property name="props" default=""/>
        <migrate-property name="comment" default=""/>
      </migrate-properties>
    </migrate-command>
    <migrate-command name="Add Comments">
      <migrate-properties>
        <migrate-property name="issueIds" default=""/>
        <migrate-property name="additionalcomments" default=""/>
      </migrate-properties>
    </migrate-command>
    <migrate-command name="Publish Issue Report">
      <migrate-properties>
        <migrate-property name="issueIds" default=""/>
        <migrate-property name="outFile" default=""/>
      </migrate-properties>
    </migrate-command>
    <migrate-command name="Run Test Set">
      <migrate-properties>
        <migrate-property name="folder" default=""/>
        <migrate-property name="testSetName" default=""/>
        <migrate-property name="skipOutput" default=""/>
        <migrate-property name="remoteHost" default=""/>
      </migrate-properties>
    </migrate-command>
    <migrate-command name="Publish Test Set Report">
      <migrate-properties>
        <migrate-property name="folder" default=""/>
        <migrate-property name="testSetName" default=""/>
        <migrate-property name="reportName" default=""/>
        <migrate-property name="outFile" default=""/>
      </migrate-properties>
    </migrate-command>
    <migrate-command name="Check Status">
      <migrate-properties>
          <migrate-property name="issueIds" default=""/>
          <migrate-property name="expectedState" default=""/>
      </migrate-properties>
    </migrate-command>
    <migrate-command name="Query Defects">
      <migrate-properties>
        <migrate-property name="matchcriteria" default=""/>
        <migrate-property name="returnfields" default=""/>
      </migrate-properties>
    </migrate-command>
  </migrate>

   <migrate to-version="7">
    <migrate-command name="Create Issue" />
    <migrate-command name="Update Issues" />
    <migrate-command name="Add Comments" />
    <migrate-command name="Publish Issue Report" />
    <migrate-command name="Run Test Set" />
    <migrate-command name="Publish Test Set Report" />
    <migrate-command name="Check Status" />
    <migrate-command name="Query Defects" />
  </migrate>

  <migrate to-version="9">
  </migrate>

  <migrate to-version="10">
    <migrate-command name="Run Test Set">
      <migrate-properties>
        <migrate-property name="testSetName" default=""/>
        <migrate-property name="recursiveSearch"/>
      </migrate-properties>
    </migrate-command>
  </migrate>

  <migrate to-version="11">
  </migrate>

  <migrate to-version="12">
  </migrate>

  <migrate to-version="13">
    <migrate-command name="Run Test Set">
      <migrate-properties>
        <migrate-property name="successfulExitStatus" default="0" />
      </migrate-properties>
    </migrate-command>
  </migrate>

  <migrate to-version="14">
  </migrate>

  <migrate to-version="15">
  <migrate-command name="Run Test Set">
      <migrate-properties>
        <migrate-property name="timeout" default="${p:resource/HPQC/timeout}" />
      </migrate-properties>
    </migrate-command>
  </migrate>
</plugin-upgrade>