{
    "name": "WebSphere - Example 3 - Discover & Templatize Configuration Data (WAS Base)",
    "description": "Sample process to pull configuration data from a WAS instance and turn that data into templates.",
    "rootActivity": {
        "edges": [
            {
                "to": "WebSphere - Templatize Cell Configuration Data",
                "from": "WebSphere - Extract Configuration Data",
                "type": "SUCCESS",
                "value": ""
            },
            {
                "to": "Create Node Config component version",
                "from": "Create Cell Config component version",
                "type": "SUCCESS",
                "value": ""
            },
            {
                "to": "Trim property whitespaces",
                "from": "WebSphere - Templatize Server Configuration Data",
                "type": "SUCCESS",
                "value": ""
            },
            {
                "to": "WebSphere - Extract Configuration Data",
                "from": "WebSphere Configuration Discovery",
                "type": "SUCCESS",
                "value": ""
            },
            {
                "to": "WebSphere Configuration Discovery",
                "from": "Clean working directory",
                "type": "SUCCESS",
                "value": ""
            },
            {
                "to": "Create Cell Config component version",
                "from": "GetInfo",
                "type": "SUCCESS",
                "value": ""
            },
            {
                "to": "WebSphere - Templatize Node Configuration Data",
                "from": "WebSphere - Templatize Cell Configuration Data",
                "type": "SUCCESS",
                "value": ""
            },
            {
                "to": "aa8621335fe14ac60e5cd40c733226",
                "from": "Create Server Config component version",
                "type": "SUCCESS",
                "value": ""
            },
            {
                "to": "WebSphere - Templatize Server Configuration Data",
                "from": "WebSphere - Templatize Node Configuration Data",
                "type": "SUCCESS",
                "value": ""
            },
            {
                "to": "Create Server Config component version",
                "from": "Create Node Config component version",
                "type": "SUCCESS",
                "value": ""
            },
            {
                "to": "GetInfo",
                "from": "Trim property whitespaces",
                "type": "SUCCESS",
                "value": ""
            },
            {
                "to": "Clean working directory",
                "type": "ALWAYS",
                "value": ""
            }
        ],
        "offsets": [
            {
                "name": "Create Server Config component version",
                "x": -170,
                "y": 1550,
                "h": 50,
                "w": 420
            },
            {
                "name": "Clean working directory",
                "x": -152.5,
                "y": 80,
                "h": 50,
                "w": 390
            },
            {
                "name": "bc86dff475c2f6bb34fff0466b3fc2",
                "x": 187.5,
                "y": 1157.55,
                "h": 68.90000000000009,
                "w": 309.5
            },
            {
                "name": "df298847db3a0f63e43e7a9d677304",
                "x": 234,
                "y": 295,
                "h": 90,
                "w": 200
            },
            {
                "name": "aa8621335fe14ac60e5cd40c733226",
                "x": -5,
                "y": 1670,
                "h": 50,
                "w": 90
            },
            {
                "name": "GetInfo",
                "x": -62.5,
                "y": 1162,
                "h": 60,
                "w": 210
            },
            {
                "name": "Create Cell Config component version",
                "x": -102.5,
                "y": 1288,
                "h": 60,
                "w": 290
            },
            {
                "name": "WebSphere - Extract Configuration Data",
                "x": -126,
                "y": 310,
                "h": 60,
                "w": 330
            },
            {
                "name": "WebSphere - Templatize Cell Configuration Data",
                "x": -151,
                "y": 430,
                "h": 60,
                "w": 380
            },
            {
                "name": "Trim property whitespaces",
                "x": -136,
                "y": 875,
                "h": 50,
                "w": 350
            },
            {
                "name": "3d681735ab3942f1fb8af2afbb1100",
                "x": 256,
                "y": 80,
                "h": 50,
                "w": 190
            },
            {
                "name": "358c12e030f251c816a8b98dc00b1e",
                "x": 206,
                "y": 175,
                "h": 85,
                "w": 260
            },
            {
                "name": "WebSphere - Templatize Node Configuration Data",
                "x": -151,
                "y": 533,
                "h": 57,
                "w": 387
            },
            {
                "name": "4c6b40581795cf1c46e4774a550a15",
                "x": 246,
                "y": 526.5,
                "h": 70,
                "w": 200
            },
            {
                "name": "ed1c8d0ca0428c235fcc15eed51fab",
                "x": 227,
                "y": 1293,
                "h": 50,
                "w": 370
            },
            {
                "name": "Create Node Config component version",
                "x": -162.5,
                "y": 1428,
                "h": 50,
                "w": 410
            },
            {
                "name": "52b405ba7b62b1e754fd28fc31dc46",
                "x": 246,
                "y": 430,
                "h": 60,
                "w": 200
            },
            {
                "name": "cefc5d819fdd99bd15bff20c429655",
                "x": 256,
                "y": 618.3333333333333,
                "h": 210,
                "w": 210
            },
            {
                "name": "WebSphere Configuration Discovery",
                "x": -116,
                "y": 190,
                "h": 60,
                "w": 310
            },
            {
                "name": "a95934fcf687aa4aa7ed3579496fe2",
                "x": 229,
                "y": 870.6666666666666,
                "h": 58.66666666666674,
                "w": 243.91999999999996
            },
            {
                "name": "WebSphere - Templatize Server Configuration Data",
                "x": -154,
                "y": 699.9999999999999,
                "h": 46.66666666666674,
                "w": 393
            }
        ],
        "type": "graph",
        "name": "4fd4a7fc-ea3c-4ca6-862f-1907fead6b4f",
        "children": [
            {
                "type": "finish",
                "name": "aa8621335fe14ac60e5cd40c733226",
                "children": []
            },
            {
                "allowFailure": false,
                "useImpersonation": false,
                "showHidden": false,
                "impersonationUseSudo": false,
                "commandName": "WebSphere Configuration Discovery",
                "pluginName": "WAS - Configure",
                "pluginVersion": 19,
                "properties": {
                    "profilePath": "${p?:resource\/websphere.profilePath}",
                    "commandPath": "${p?:resource\/websphere.commandPath}",
                    "wasuser": "${p?:resource\/websphere.user}",
                    "waspassword": "${p?:resource\/websphere.password}",
                    "host": "${p?:resource\/websphere.host}",
                    "port": "${p?:resource\/websphere.port}",
                    "connType": "${p?:resource\/websphere.connType}",
                    "resourcePath": "${p?:resource.path}",
                    "configurationTypes": "${p?:websphere.cell.configurationtypes}",
                    "configurationFile": "${p?:websphere.cell.configurationfile}",
                    "configurationOutputFile": "${p:configurationFile}"
                },
                "type": "plugin",
                "name": "WebSphere Configuration Discovery",
                "children": []
            },
            {
                "allowFailure": false,
                "useImpersonation": false,
                "showHidden": false,
                "impersonationUseSudo": false,
                "commandName": "WebSphere - Extract Configuration Data",
                "pluginName": "WAS - Configure",
                "pluginVersion": 19,
                "properties": {
                    "configurationFile": "${p:configurationFile}",
                    "outputDir": "${p:outputDirectory}"
                },
                "type": "plugin",
                "name": "WebSphere - Extract Configuration Data",
                "children": []
            },
            {
                "allowFailure": false,
                "useImpersonation": false,
                "showHidden": false,
                "impersonationUseSudo": false,
                "commandName": "WebSphere - Templatize Cell Configuration Data",
                "pluginName": "WAS - Configure",
                "pluginVersion": 19,
                "properties": {"outputDir": "${p:outputDirectory}"},
                "type": "plugin",
                "name": "WebSphere - Templatize Cell Configuration Data",
                "children": []
            },
            {
                "allowFailure": false,
                "useImpersonation": false,
                "showHidden": false,
                "impersonationUseSudo": false,
                "commandName": "WebSphere - Templatize Node Configuration Data",
                "pluginName": "WAS - Configure",
                "pluginVersion": 19,
                "properties": {
                    "nodeName": "${p:nodeName}",
                    "outputDir": "${p:outputDirectory}"
                },
                "type": "plugin",
                "name": "WebSphere - Templatize Node Configuration Data",
                "children": []
            },
            {
                "name": "358c12e030f251c816a8b98dc00b1e",
                "text": "Connects to a WAS instance, \ndiscovers its configuration, and \nsaves the configuration data into a \nfile (see the step's Configuration \nOutput File property).",
                "type": "note",
                "children": []
            },
            {
                "name": "df298847db3a0f63e43e7a9d677304",
                "text": "Splits the configuration file into \nmultiple files representing Cell, \nNode, Server, and Cluster \nconfigurations. ",
                "type": "note",
                "children": []
            },
            {
                "name": "52b405ba7b62b1e754fd28fc31dc46",
                "text": "Converts the Cell configuration \ndata into a reusable template.",
                "type": "note",
                "children": []
            },
            {
                "name": "4c6b40581795cf1c46e4774a550a15",
                "text": "Converts a Node's configuration\n data into a reusable template.  A \nnode name must be specified.",
                "type": "note",
                "children": []
            },
            {
                "name": "cefc5d819fdd99bd15bff20c429655",
                "text": "Converts a server's configuration \ndata into a reusable template. \nUsers must specify the name of \nthe server to templatize, the \nname of the node the server \nresides on, and the name of the \nnode the template will be \nassociated with (this will most \nlikely be the same node the \nserver currently resides on). \nUsers may templatize all servers \nfor a node by entering ALL as the \nserver name.",
                "type": "note",
                "children": []
            },
            {
                "allowFailure": false,
                "useImpersonation": false,
                "showHidden": false,
                "impersonationUseSudo": false,
                "commandName": "WebSphere - Templatize Server Configuration Data",
                "pluginName": "WAS - Configure",
                "pluginVersion": 19,
                "properties": {
                    "serverName": "${p:serverName}",
                    "sourceNodeName": "${p:nodeName}",
                    "outputDir": "${p:outputDirectory}"
                },
                "type": "plugin",
                "name": "WebSphere - Templatize Server Configuration Data",
                "children": []
            },
            {
                "allowFailure": false,
                "useImpersonation": false,
                "showHidden": false,
                "impersonationUseSudo": false,
                "commandName": "Run Groovy Script",
                "pluginName": "Groovy",
                "pluginVersion": 6,
                "properties": {
                    "groovyHome": "${GROOVY_HOME}",
                    "scriptBody": "import java.text.SimpleDateFormat\n\n\/\/ Get date and time\ndef today = new Date()\ndef formattedDateTime = new SimpleDateFormat(\"yyyy-MM-dd'T'HH:mm:ss.SSSZ\").format(today)\noutProps.put(\"datetime\",formattedDateTime)\n\n\/\/ Get absolute path to outputDirectory\noutputDirString = \"${p:outputDirectory}\"\noutputDirString = outputDirString.trim()\noutputDirAbs = new File(outputDirString).getAbsolutePath()\noutProps.put(\"outputDirAbs\", outputDirAbs)"
                },
                "type": "plugin",
                "name": "GetInfo",
                "children": []
            },
            {
                "allowFailure": false,
                "useImpersonation": false,
                "showHidden": false,
                "impersonationUseSudo": false,
                "workingDir": "${p:GetInfo\/outputDirAbs}\/templates\/Cell",
                "commandName": "Create Version",
                "pluginName": "IBM UrbanCode Deploy Versions",
                "pluginVersion": 62,
                "properties": {
                    "componentName": "Cell Config",
                    "versionName": "${p:GetInfo\/datetime}",
                    "uploadFiles": "true",
                    "includes": "**\/*",
                    "excludes": "",
                    "saveFileExecuteBits": "false"
                },
                "type": "plugin",
                "name": "Create Cell Config component version",
                "children": []
            },
            {
                "allowFailure": false,
                "useImpersonation": false,
                "showHidden": false,
                "impersonationUseSudo": false,
                "workingDir": "${p:GetInfo\/outputDirAbs}\/templates\/Node-${p:Trim property whitespaces\/nodeName}",
                "commandName": "Create Version",
                "pluginName": "IBM UrbanCode Deploy Versions",
                "pluginVersion": 62,
                "properties": {
                    "componentName": "Node Config",
                    "versionName": "${p:GetInfo\/datetime}",
                    "uploadFiles": "true",
                    "includes": "**\/*",
                    "excludes": "",
                    "saveFileExecuteBits": "false"
                },
                "type": "plugin",
                "name": "Create Node Config component version",
                "children": []
            },
            {
                "allowFailure": false,
                "useImpersonation": false,
                "showHidden": false,
                "impersonationUseSudo": false,
                "commandName": "Delete Files and Directories",
                "pluginName": "File Utils",
                "pluginVersion": 41,
                "properties": {
                    "baseDir": ".",
                    "includes": "**\/*\n*",
                    "excludes": "",
                    "followSymlinks": "false",
                    "caseSensitive": "true"
                },
                "type": "plugin",
                "name": "Clean working directory",
                "children": []
            },
            {
                "name": "3d681735ab3942f1fb8af2afbb1100",
                "text": "Clear out the working directory",
                "type": "note",
                "children": []
            },
            {
                "allowFailure": false,
                "useImpersonation": false,
                "showHidden": false,
                "impersonationUseSudo": false,
                "commandName": "Run Groovy Script",
                "pluginName": "Groovy",
                "pluginVersion": 6,
                "properties": {
                    "groovyHome": "${GROOVY_HOME}",
                    "scriptBody": "def nodeName = \"${p:nodeName}\"\ndef serverName = \"${p:serverName}\"\n\noutProps.put(\"nodeName\", nodeName.trim())\noutProps.put(\"serverName\", serverName.trim())"
                },
                "type": "plugin",
                "name": "Trim property whitespaces",
                "children": []
            },
            {
                "name": "a95934fcf687aa4aa7ed3579496fe2",
                "text": "Need to trim any leading\/trailing \nwhitespaces in properties to ensure \ncomponent versions are created correctly.",
                "type": "note",
                "children": []
            },
            {
                "allowFailure": false,
                "useImpersonation": false,
                "showHidden": false,
                "impersonationUseSudo": false,
                "workingDir": "${p:GetInfo\/outputDirAbs}\/templates\/Server-${p:Trim property whitespaces\/serverName}-from_node-${p:Trim property whitespaces\/nodeName}",
                "commandName": "Create Version",
                "pluginName": "IBM UrbanCode Deploy Versions",
                "pluginVersion": 62,
                "properties": {
                    "componentName": "Server Config",
                    "versionName": "${p:GetInfo\/datetime}",
                    "uploadFiles": "true",
                    "includes": "**\/*",
                    "excludes": "",
                    "saveFileExecuteBits": "false"
                },
                "type": "plugin",
                "name": "Create Server Config component version",
                "children": []
            },
            {
                "name": "bc86dff475c2f6bb34fff0466b3fc2",
                "text": "Gets the date\/time (for use as version \nnames) and location of templates. Used \nwhen creating component versions.",
                "type": "note",
                "children": []
            },
            {
                "name": "ed1c8d0ca0428c235fcc15eed51fab",
                "text": "The following steps create versions for the various components.",
                "type": "note",
                "children": []
            }
        ]
    },
    "properties": [
        {
            "name": "contextType",
            "value": "Resource",
            "description": "",
            "secure": false
        },
        {
            "name": "workingDir",
            "value": "${p:resource\/work.dir}\/${p:process.name}",
            "description": "",
            "secure": false
        }
    ],
    "propDefs": [
        {
            "name": "configurationFile",
            "label": "Configuration File",
            "pattern": "",
            "type": "TEXT",
            "value": "discovered_configuration.txt",
            "required": true,
            "description": "Location and name of the file which will contain configuration data (for example, \/tmp\/foo\/was_config_data.txt)",
            "placeholder": ""
        },
        {
            "name": "outputDirectory",
            "label": "Output Directory",
            "pattern": "",
            "type": "TEXT",
            "value": "extractAndTemplatizeOutput",
            "required": true,
            "description": "Location where templates created by this process will be stored. Each extract\/templatize step in a process must use the same output directory. In this directory, folders named extracted (contains configuration data split into different scopes) and templates (contains tokenized, resuable templates) will be created. Example value: \/tmp\/foo\/DataAndTemplates",
            "placeholder": ""
        },
        {
            "name": "nodeName",
            "label": "Node Name",
            "pattern": "",
            "type": "TEXT",
            "required": true,
            "description": "Name of the node to templatize",
            "placeholder": ""
        },
        {
            "name": "serverName",
            "label": "Server Name",
            "pattern": "",
            "type": "TEXT",
            "required": true,
            "description": "Name of the server to templatize",
            "placeholder": ""
        }
    ],
    "teamMappings": []
}