<?xml version="1.0" encoding="UTF-8"?>

<!-- 
====================================================================== 
Licensed Materials - Property of IBM Corp. 
IBM Rational Automation Framework 
(c) Copyright IBM Corporation 2003, 2012. All Rights Reserved.   

U.S. Government Users Restricted Rights - Use, duplication or disclosure restricted by 
GSA ADP Schedule Contract with IBM Corp. 


File name: configure_wve_common_base.xml

Common configure actions available at the node scope shared by WVE, WAS 8.5 and higher version
====================================================================== 
-->

<project default="default" basedir=".">
	<description>
		Contains configuration tasks for WVE common base
	</description>

	<!-- import custom targets  -->
	<import file="${RAFW_HOME}/user/actions/configure/wve/common/base/custom_configure_wve_common_base.xml" />

	<!-- Import wve common all-scope configure targets  -->
	<import file="${RAFW_HOME}/product/actions/configure/wve/common/configure_wve_common.xml" />

	<!-- Import wve common server-scope configure targets  -->
	<import file="${RAFW_HOME}/product/actions/configure/wve/common/base/server/configure_wve_common_base_server.xml" />

	<!-- Import wve common all-scope configure targets  -->
	<import file="${RAFW_HOME}/product/actions/configure/wve/common/base/configure_wve_common_base_private.xml" />

	<!-- FOR DELETE
	<macrodef name="wve_common_configure_routing_rules_internal">
		<attribute name="rule" />
		<sequential>
			<antcall target="call_wsadmin">
				<param name="TASK" value="wve_common_configure_routing_rules" />
				<param name="LANG" value="jython" />
				<param name="SCRIPT_NAME" value="${RAFW_HOME}/product/actions/configure/wve/common/scripts/rules.py" />
				<param name="ARGS" value="-rule ${APP_NAME}" />
			</antcall>
		</sequential>
	</macrodef>

	<target name="wve_common_configure_routing_rules" depends="was_init" description="configure routing rules">
		<wve_common_configure_routing_rules_internal rule="${APP_NAME}" />
	</target>
	-->

	<rafwaction name="wve_common_configure_work_classes">
		<inherit name="wve_common_configure_work_classes_private" />
	</rafwaction>
	<target name="wve_common_configure_work_classes"
	        depends="wve_common_configure_work_classes_private"
	        description="Manages WVE Work Classes">
	</target>

</project>
