<?xml version="1.0" encoding="UTF-8"?>
<!--
- Licensed Materials - Property of IBM Corp.
- IBM UrbanCode Deploy
- (c) Copyright IBM Corporation 2014, 2016. All Rights Reserved.
-
- U.S. Government Users Restricted Rights - Use, duplication or disclosure restricted by
- GSA ADP Schedule Contract with IBM Corp.
-->

<plugin-upgrade
        xmlns="http://www.urbancode.com/UpgradeXMLSchema_v1"
        xmlns:xsi="http://www.w3.org/2001/XMLSchema-instance">

 <migrate to-version="2">
    <migrate-command name="Deploy process application snapshot"/>
    <migrate-command name="Generate offline package">
        <migrate-properties>
            <migrate-property name="makeDefault" default="true"/>
            <migrate-property name="containerAcronym"/>
            <migrate-property name="containerSnapshotAcronym"/>
        </migrate-properties>
    </migrate-command>
    <migrate-command name="Deploy offline package"/>
    <migrate-command name="Import process application" />
    <migrate-command name="Export process application" />
 </migrate>
 <migrate to-version="4">
    <migrate-command name="Deploy process application snapshot"/>
    <migrate-command name="Generate offline package"/>
    <migrate-command name="Deploy offline package"/>
    <migrate-command name="Import process application"/>
    <migrate-command name="Export process application"/>
 </migrate>
 <migrate to-version="5">
    <migrate-command name="Deploy process application snapshot"/>
    <migrate-command name="Generate offline package"/>
    <migrate-command name="Deploy offline package"/>
    <migrate-command name="Import process application"/>
    <migrate-command name="Export process application"/>
 </migrate>
 <migrate to-version="6">
    <migrate-command name="Deploy process application snapshot">
        <migrate-properties>
            <migrate-property name="verbose" default="false"/>
        </migrate-properties>
    </migrate-command>
    <migrate-command name="Generate offline package">
        <migrate-properties>
            <migrate-property name="verbose" default="false"/>
        </migrate-properties>
    </migrate-command>
    <migrate-command name="Deploy offline package">
        <migrate-properties>
            <migrate-property name="verbose" default="false"/>
        </migrate-properties>
    </migrate-command>
    <migrate-command name="Export process application">
        <migrate-properties>
            <migrate-property name="verbose" default="false"/>
        </migrate-properties>
    </migrate-command>
    <migrate-command name="Create Generic Install Package">
        <migrate-properties>
            <migrate-property name="verbose" default="false"/>
        </migrate-properties>
    </migrate-command>
    <migrate-command name="Install Process Application Snapshot">
        <migrate-properties>
            <migrate-property name="verbose" default="false"/>
        </migrate-properties>
    </migrate-command>
    <migrate-command name="Extract Migration Policy">
        <migrate-properties>
            <migrate-property name="verbose" default="false"/>
        </migrate-properties>
    </migrate-command>
    <migrate-command name="Migrate Instances">
        <migrate-properties>
            <migrate-property name="verbose" default="false"/>
        </migrate-properties>
    </migrate-command>
    <migrate-command name="Set Default Snapshot">
        <migrate-properties>
            <migrate-property name="verbose" default="false"/>
        </migrate-properties>
    </migrate-command>
    <migrate-command name="Sync Values, Variables, and Team Bindings">
        <migrate-properties>
            <migrate-property name="verbose" default="false"/>
        </migrate-properties>
    </migrate-command>
    <migrate-command name="Stop Snapshot">
        <migrate-properties>
            <migrate-property name="verbose" default="false"/>
        </migrate-properties>
    </migrate-command>
    <migrate-command name="Deactivate Snapshot">
        <migrate-properties>
            <migrate-property name="verbose" default="false"/>
        </migrate-properties>
    </migrate-command>
    <migrate-command name="Update Installation Information">
        <migrate-properties>
            <migrate-property name="verbose" default="false"/>
        </migrate-properties>
    </migrate-command>
 </migrate>
</plugin-upgrade>
