<?xml version="1.0" encoding="UTF-8" standalone="no"?>
<!--
- Licensed Materials - Property of IBM* and/or HCL**
- UrbanCode Deploy
- (c) Copyright IBM Corporation 2013, 2017. All Rights Reserved.
- (c) Copyright HCL Technologies Ltd. 2018. All Rights Reserved.
-
- U.S. Government Users Restricted Rights - Use, duplication or disclosure restricted by
- GSA ADP Schedule Contract with IBM Corp.
-
- * Trademark of International Business Machines
- ** Trademark of HCL Technologies Limited
--><plugin-upgrade xmlns="http://www.urbancode.com/UpgradeXMLSchema_v1" xmlns:server="http://www.urbancode.com/PluginServerXMLSchema_v1" xmlns:xsi="http://www.w3.org/2001/XMLSchema-instance">

    <migrate to-version="3">
        <migrate-command name="Deploy JDBC Driver"/>
        <migrate-command name="Deploy Application"/>
        <migrate-command name="Undeploy Application"/>
        <migrate-command name="Start JBoss"/>
        <migrate-command name="Stop JBoss"/>
        <migrate-command name="Add Data Source"/>
        <migrate-command name="Add JMS Queue"/>
        <migrate-command name="Add JMS Topic"/>
        <migrate-command name="Add JMS Connection Factory"/>
        <migrate-command name="Remove JMS Connection Factory"/>
        <migrate-command name="Create Server Group"/>
        <migrate-command name="Create Server"/>
        <migrate-command name="Run Script"/>
        <migrate-command name="Check Deployment Status"/>
        <migrate-command name="Enable Application"/>
        <migrate-command name="Disable Application"/>
    </migrate>

    <migrate to-version="4">
        <migrate-command name="Deploy JDBC Driver"/>
        <migrate-command name="Deploy Application"/>
        <migrate-command name="Undeploy Application"/>
        <migrate-command name="Start JBoss"/>
        <migrate-command name="Stop JBoss"/>
        <migrate-command name="Add Data Source"/>
        <migrate-command name="Add JMS Queue"/>
        <migrate-command name="Add JMS Topic"/>
        <migrate-command name="Add JMS Connection Factory"/>
        <migrate-command name="Remove JMS Connection Factory"/>
        <migrate-command name="Create Server Group"/>
        <migrate-command name="Create Server"/>
        <migrate-command name="Run Script"/>
        <migrate-command name="Check Deployment Status"/>
        <migrate-command name="Enable Application"/>
        <migrate-command name="Disable Application"/>
    </migrate>
    <migrate to-version="5">
        <migrate-command name="Deploy JDBC Driver"/>
        <migrate-command name="Deploy Application"/>
        <migrate-command name="Undeploy Application"/>
        <migrate-command name="Start JBoss"/>
        <migrate-command name="Stop JBoss"/>
        <migrate-command name="Add Data Source"/>
        <migrate-command name="Add JMS Queue"/>
        <migrate-command name="Add JMS Topic"/>
        <migrate-command name="Add JMS Connection Factory"/>
        <migrate-command name="Remove JMS Connection Factory"/>
        <migrate-command name="Create Server Group"/>
        <migrate-command name="Create Server"/>
        <migrate-command name="Run Script"/>
        <migrate-command name="Check Deployment Status"/>
        <migrate-command name="Enable Application"/>
        <migrate-command name="Disable Application"/>
    </migrate>
    <migrate to-version="6">
        <migrate-command name="Deploy JDBC Driver"/>
        <migrate-command name="Undeploy Application"/>
        <migrate-command name="Start JBoss"/>
        <migrate-command name="Stop JBoss"/>
        <migrate-command name="Add Data Source"/>
        <migrate-command name="Add JMS Queue"/>
        <migrate-command name="Add JMS Topic"/>
        <migrate-command name="Add JMS Connection Factory"/>
        <migrate-command name="Remove JMS Connection Factory"/>
        <migrate-command name="Create Server Group"/>
        <migrate-command name="Create Server"/>
        <migrate-command name="Run Script"/>
        <migrate-command name="Check Deployment Status"/>
        <migrate-command name="Enable Application"/>
        <migrate-command name="Disable Application"/>
    </migrate>
        <migrate to-version="7">
        <migrate-command name="Deploy JDBC Driver"/>
        <migrate-command name="Undeploy Application"/>
        <migrate-command name="Start JBoss"/>
        <migrate-command name="Stop JBoss"/>
        <migrate-command name="Add Data Source"/>
        <migrate-command name="Add JMS Queue"/>
        <migrate-command name="Add JMS Topic"/>
        <migrate-command name="Add JMS Connection Factory"/>
        <migrate-command name="Remove JMS Connection Factory"/>
        <migrate-command name="Create Server Group"/>
        <migrate-command name="Create Server"/>
        <migrate-command name="Run Script"/>
        <migrate-command name="Check Deployment Status"/>
        <migrate-command name="Enable Application"/>
        <migrate-command name="Disable Application"/>
    </migrate>
    <migrate to-version="8">
        <migrate-command name="Deploy JDBC Driver"/>
        <migrate-command name="Undeploy Application"/>
        <migrate-command name="Start JBoss"/>
        <migrate-command name="Stop JBoss"/>
        <migrate-command name="Add Data Source"/>
        <migrate-command name="Add JMS Topic"/>
        <migrate-command name="Add JMS Queue"/>
        <migrate-command name="Add JMS Connection Factory"/>
        <migrate-command name="Remove JMS Connection Factory"/>
        <migrate-command name="Create Server Group"/>
        <migrate-command name="Create Server"/>
        <migrate-command name="Run Script"/>
        <migrate-command name="Check Deployment Status"/>
        <migrate-command name="Enable Application"/>
        <migrate-command name="Disable Application"/>
        <migrate-command name="Restart Server Group"/>
    </migrate>
    <migrate to-version="9">
      <migrate-command name="Deploy JDBC Driver"/>
      <migrate-command name="Undeploy Application"/>
      <migrate-command name="Start JBoss"/>
      <migrate-command name="Stop JBoss"/>
      <migrate-command name="Add Data Source"/>
      <migrate-command name="Add JMS Topic"/>
      <migrate-command name="Add JMS Queue"/>
      <migrate-command name="Add JMS Connection Factory"/>
      <migrate-command name="Remove JMS Connection Factory"/>
      <migrate-command name="Create Server Group"/>
      <migrate-command name="Create Server"/>
      <migrate-command name="Run Script"/>
      <migrate-command name="Check Deployment Status"/>
      <migrate-command name="Enable Application"/>
      <migrate-command name="Disable Application"/>
      <migrate-command name="Restart Server Group"/>
    </migrate>
    <migrate to-version="10">
    </migrate>
    <migrate to-version="11">
      <migrate-command name="Deploy JDBC Driver">
        <migrate-properties>
          <migrate-property name="host" />
          <migrate-property name="mgmtPort" />
        </migrate-properties>
      </migrate-command>
      <migrate-command name="Undeploy Application">
        <migrate-properties>
          <migrate-property name="host" />
          <migrate-property name="mgmtPort" />
        </migrate-properties>
      </migrate-command>
      <migrate-command name="Add Data Source">
        <migrate-properties>
          <migrate-property name="host" />
          <migrate-property name="mgmtPort" />
        </migrate-properties>
      </migrate-command>
      <migrate-command name="Add JMS Topic">
        <migrate-properties>
          <migrate-property name="host" />
          <migrate-property name="mgmtPort" />
        </migrate-properties>
      </migrate-command>
      <migrate-command name="Add JMS Queue">
        <migrate-properties>
          <migrate-property name="host" />
          <migrate-property name="mgmtPort" />
        </migrate-properties>
      </migrate-command>
      <migrate-command name="Add JMS Connection Factory">
        <migrate-properties>
          <migrate-property name="host" />
          <migrate-property name="mgmtPort" />
        </migrate-properties>
      </migrate-command>
      <migrate-command name="Remove JMS Connection Factory">
        <migrate-properties>
          <migrate-property name="host" />
          <migrate-property name="mgmtPort" />
        </migrate-properties>
      </migrate-command>
      <migrate-command name="Create Server Group">
        <migrate-properties>
          <migrate-property name="host" />
          <migrate-property name="mgmtPort" />
        </migrate-properties>
      </migrate-command>
      <migrate-command name="Create Server">
        <migrate-properties>
          <migrate-property name="adminHost" />
          <migrate-property name="mgmtPort" />
        </migrate-properties>
      </migrate-command>
      <migrate-command name="Run Script">
        <migrate-properties>
          <migrate-property name="host" />
          <migrate-property name="mgmtPort" />
        </migrate-properties>
      </migrate-command>
      <migrate-command name="Check Deployment Status">
        <migrate-properties>
          <migrate-property name="adminHost" />
          <migrate-property name="mgmtPort" />
        </migrate-properties>
      </migrate-command>
      <migrate-command name="Enable Application">
        <migrate-properties>
          <migrate-property name="host" />
          <migrate-property name="mgmtPort" />
        </migrate-properties>
      </migrate-command>
      <migrate-command name="Disable Application">
        <migrate-properties>
          <migrate-property name="host" />
          <migrate-property name="mgmtPort" />
        </migrate-properties>
      </migrate-command>
      <migrate-command name="Restart Server Group">
        <migrate-properties>
          <migrate-property name="host" />
          <migrate-property name="mgmtPort" />
        </migrate-properties>
      </migrate-command>
    </migrate>
    <migrate to-version="12">
    </migrate>
    <migrate to-version="13">
      <migrate-command name="Deploy Application">
        <migrate-properties>
          <migrate-property name="additionalArgs" />
        </migrate-properties>
      </migrate-command>
      <migrate-command name="Deploy JDBC Driver">
        <migrate-properties>
          <migrate-property name="additionalArgs" />
        </migrate-properties>
      </migrate-command>
      <migrate-command name="Undeploy Application">
        <migrate-properties>
          <migrate-property name="additionalArgs" />
        </migrate-properties>
      </migrate-command>
      <migrate-command name="Restart Server Group">
        <migrate-properties>
          <migrate-property name="additionalArgs" />
        </migrate-properties>
      </migrate-command>
      <migrate-command name="Restart Server">
        <migrate-properties>
          <migrate-property name="additionalArgs" />
        </migrate-properties>
      </migrate-command>
      <migrate-command name="Add Data Source">
        <migrate-properties>
          <migrate-property name="additionalArgs" />
        </migrate-properties>
      </migrate-command>
      <migrate-command name="Add JMS Queue">
        <migrate-properties>
          <migrate-property name="additionalArgs" />
        </migrate-properties>
      </migrate-command>
      <migrate-command name="Add JMS Topic">
        <migrate-properties>
          <migrate-property name="additionalArgs" />
        </migrate-properties>
      </migrate-command>
      <migrate-command name="Add JMS Connection Factory">
        <migrate-properties>
          <migrate-property name="additionalArgs" />
        </migrate-properties>
      </migrate-command>
      <migrate-command name="Remove JMS Connection Factory">
        <migrate-properties>
          <migrate-property name="additionalArgs" />
        </migrate-properties>
      </migrate-command>
      <migrate-command name="Create Server Group">
        <migrate-properties>
          <migrate-property name="additionalArgs" />
        </migrate-properties>
      </migrate-command>
      <migrate-command name="Create Server">
        <migrate-properties>
          <migrate-property name="additionalArgs" />
        </migrate-properties>
      </migrate-command>
      <migrate-command name="Run Script">
        <migrate-properties>
          <migrate-property name="additionalArgs" />
        </migrate-properties>
      </migrate-command>
      <migrate-command name="Check Deployment Status">
        <migrate-properties>
          <migrate-property name="additionalArgs" />
        </migrate-properties>
      </migrate-command>
      <migrate-command name="Enable Application">
        <migrate-properties>
          <migrate-property name="additionalArgs" />
        </migrate-properties>
      </migrate-command>
      <migrate-command name="Disable Application">
        <migrate-properties>
          <migrate-property name="additionalArgs" />
        </migrate-properties>
      </migrate-command>
    </migrate>
    <migrate to-version="14">
    <migrate-command name="Restart Server">
      <migrate-properties>
        <migrate-property name="domainHostname" />
      </migrate-properties>
    </migrate-command>
    </migrate>
    <migrate to-version = "15">
    </migrate>
    <migrate to-version = "16">
        <migrate-command name="Start JBoss">
            <migrate-properties>
                <migrate-property name="shell" default="/bin/bash"/>
            </migrate-properties>
        </migrate-command>
    </migrate>
    <migrate to-version = "17">
    </migrate>
    <migrate to-version = "18">
    </migrate>
    <migrate to-version = "19">
        <migrate-command name="Stop JBoss" />
    </migrate>
    <migrate to-version = "20">
    </migrate>
    <migrate to-version = "21">
    </migrate>
    <migrate to-version = "22">
    </migrate>
    <migrate to-version = "23">
    </migrate>
</plugin-upgrade>
