<?xml version="1.0" encoding="UTF-8"?>
<!--
- Licensed Materials - Property of IBM Corp.
- IBM UrbanCode Build
- IBM UrbanCode Deploy
- IBM UrbanCode Release
- IBM AnthillPro
- (c) Copyright IBM Corporation 2002, 2013. All Rights Reserved.
-
- U.S. Government Users Restricted Rights - Use, duplication or disclosure restricted by
- GSA ADP Schedule Contract with IBM Corp.
-->
<pluginInfo>
  <author>
    <name>Ryan Haffey</name>
    <email>rmh@urbancode.com</email>
    <website>http://urbancode.com</website>
  </author>
  <licenses>
    <license>lgpl 3.0</license>
  </licenses>
    <integrationType>Deploy</integrationType>
  <categories>
    <category>windows</category>
	<category>Microsoft</category>
	<category>middleware</category>
  </categories>
  <versions>
    <version name="4">
	  <releaseNote>
	    releasenotes/4.html
	  </releaseNote>
    </version>
    <version name="3">
	  <releaseNote>
	    releasenotes/3.html
	  </releaseNote>
    </version>
  </versions>
</pluginInfo>