<?xml version="1.0" encoding="UTF-8"?>
<!--
- Licensed Materials - Property of IBM Corp.
- IBM UrbanCode Build
- IBM UrbanCode Deploy
- IBM UrbanCode Release
- IBM AnthillPro
- (c) Copyright IBM Corporation 2002, 2013. All Rights Reserved.
-
- U.S. Government Users Restricted Rights - Use, duplication or disclosure restricted by
- GSA ADP Schedule Contract with IBM Corp.
-->
<pluginInfo>
  <versions>
    <version name="3">
	  <author>UrbanCode</author>
	  <releaseNote>
	  Version 3 of the SharePoint Plugin introduces the ability to deploy a solution to a sharepoint site sandbox
	  &lt;html&gt;
      &lt;body&gt;
	  &lt;h2&gt;Deploy SharePoint Solution Properties&lt;/h2&gt;
      &lt;img border="0" src="https://s3.amazonaws.com/urbancode-downloads/plugins/Sharepoint/air/3/DEPLOY_V1/sharepoint1.png" width="250" height="350" /&gt;
	  &lt;/body&gt;
      &lt;/html&gt;
	  </releaseNote>
	  <tags>
	    <tag>windows</tag>
	    <tag>microsoft</tag>
	    <tag>middleware</tag>
	  </tags>
	  <licenses>
	    <license></license>
	  </licenses>
	  <metaDescription>
	  </metaDescription>
	  <metaKeywords>
	    <metaKeyword></metaKeyword> 
	  </metaKeywords> 
    </version>
  </versions>
</pluginInfo>