<?xml version="1.0" encoding="UTF-8"?>
<pluginInfo>
  <author>
    <name>UrbanCode</name>
    <email></email>
    <website>http://urbancode.com</website>
  </author>
  <licenses>
    <license></license>
  </licenses>
  <integrationType>Deploy</integrationType>
  <categories>
    <category>middleware</category>	
  </categories>
  <versions>
    <version name="1">
	  <releaseNote>
The Tomcat plugin is an automation based plugin. It is used during deployments to execute Tomcat run-book automations and deploy or undeploy Tomcat applications.The Tomcat plugin relies on the Tomcat manager and uses Tomcat Ant tasks to start and stop both Tomcat and Tomcat applications and deploy or undeploy applications in Tomcat.
	  </releaseNote>
    </version>
  </versions>
</pluginInfo>