<?xml version="1.0" encoding="UTF-8"?>
<pluginInfo>
  <author>
    <name>UrbanCode</name>
    <email></email>
    <website>http://urbancode.com</website>
  </author>
  <licenses>
    <license></license>
  </licenses>
  <integrationType>Automation</integrationType>
  <categories>
    <category>utility</category>
  </categories>
  <versions>
    <version name="1">
	  <releaseNote>
	   The 7zip Plugin is an automation based plugin. It is used during deployment to extract archived files.  
	  </releaseNote>
    </version>
  </versions>
</pluginInfo>