<?xml version="1.0" encoding="UTF-8"?>
<pluginInfo>
  <author>
    <name>UrbanCode</name>
    <email></email>
    <website>http://urbancode.com</website>
  </author>
  <licenses>
    <license></license>
  </licenses>
  <integrationType>Automation</integrationType>
  <categories>
	<category>linux</category>
	<category>unix</category>
	<category>utility</category>
  </categories>
  <versions>
    <version name="2">
	  <releaseNote>
	   The RPM Plugin is an automation based plugin. It is used during deployment to automate the install, update, or uninstall of rpm packages on the target system.  
	  </releaseNote>
    </version>
  </versions>
</pluginInfo>