<?xml version="1.0" encoding="UTF-8"?>
<plugin-upgrade
        xmlns="http://www.urbancode.com/UpgradeXMLSchema_v1"
        xmlns:xsi="http://www.w3.org/2001/XMLSchema-instance">
  
  		<migrate to-version="3">
			<migrate-command name="Deploy" />
			<migrate-command name="Undeploy" />
			<migrate-command name="Redeploy" />
			<migrate-command name="Start" />
			<migrate-command name="Stop" />
		</migrate>
        <migrate to-version="4">
          <migrate-command name="Deploy">
            <migrate-properties>
              <migrate-property name="library" default="false"/>
              <migrate-property name="nostage" default="false"/>
            </migrate-properties>
          </migrate-command>
          <migrate-command name="Undeploy" />
          <migrate-command name="Redeploy" />
          <migrate-command name="Start" />
          <migrate-command name="Stop" />
        </migrate>
</plugin-upgrade>
