<?xml version="1.0" encoding="UTF-8"?><!--
	Licensed Materials - Property of IBM
	(C) Copyright IBM Corp. 2014 All Rights Reserved.
		--><plugin-upgrade xmlns="http://www.urbancode.com/UpgradeXMLSchema_v1" xmlns:server="http://www.urbancode.com/PluginServerXMLSchema_v1" xmlns:xsi="http://www.w3.org/2001/XMLSchema-instance">
  <migrate to-version="2">
    <migrate-command name="NEWCOPY Programs" old="NEWCOPY Programs from a Program List">
    	<migrate-properties>
    		<migrate-property default="${p?:cics.cicsplex}" name="cicsplex"/>
    		<migrate-property default="${p?:cics.scope}" name="cicsscope"/>
    	</migrate-properties>
    </migrate-command>
    <migrate-command name="PHASEIN Programs" old="PHASEIN Programs from a Program List">
    	<migrate-properties>
    		<migrate-property default="${p?:cics.cicsplex}" name="cicsplex"/>
    		<migrate-property default="${p?:cics.scope}" name="cicsscope"/>
    	</migrate-properties>
    </migrate-command>
  </migrate>
    <migrate to-version="3">
    <migrate-command name="NEWCOPY Programs">
    	<migrate-properties>
    		<migrate-property name="cicsplex"/>
    		<migrate-property name="cicsscope"/>
    	</migrate-properties>
    </migrate-command>
    <migrate-command name="PHASEIN Programs">
    	<migrate-properties>
    		<migrate-property name="cicsplex"/>
    		<migrate-property name="cicsscope"/>
    	</migrate-properties>
    </migrate-command>
  </migrate>
  <migrate to-version="4">
    <migrate-command name="NEWCOPY Programs"/>
    <migrate-command name="PHASEIN Programs"/>
  </migrate>
  <migrate to-version="5">
    <migrate-command name="NEWCOPY Programs"/>
    <migrate-command name="PHASEIN Programs"/>
    <migrate-command name="Install CSD resources">
        <migrate-properties>
    		<migrate-property name="cicsscope"/>
    	</migrate-properties>
    </migrate-command>
    <migrate-command name="Install CSD groups or lists">
        <migrate-properties>
    		<migrate-property name="cicsscope"/>
    	</migrate-properties>
    </migrate-command>
    <migrate-command name="Install BAS resources" old="Install CPSM DREP resources">
        <migrate-properties>
    		<migrate-property name="cicsscope"/>
    	</migrate-properties>
    </migrate-command>
    <migrate-command name="Install BAS resource groups" old="Install CPSM DREP resource groups">
        <migrate-properties>
    		<migrate-property name="cicsscope"/>
    	</migrate-properties>
    </migrate-command>
    <migrate-command name="Install BAS resource descriptions" old="Install CPSM DREP resource descriptions"/>
  </migrate>
  <migrate to-version="6">
    <migrate-command name="Install CSD resources"/>
    <migrate-command name="Install CSD groups or lists"/>
    <migrate-command name="Install BAS resources"/>
    <migrate-command name="Install BAS resource groups"/>
    <migrate-command name="Install BAS resource descriptions"/>
    <migrate-command name="NEWCOPY Programs"/>
    <migrate-command name="PHASEIN Programs"/>
  </migrate>
</plugin-upgrade>