<?xml version="1.0" encoding="UTF-8"?>
<!--
- Licensed Materials - Property of IBM Corp.
- IBM UrbanCode Build
- IBM UrbanCode Deploy
- IBM UrbanCode Release
- IBM AnthillPro
- (c) Copyright IBM Corporation 2002, 2016. All Rights Reserved.
-
- U.S. Government Users Restricted Rights - Use, duplication or disclosure restricted by
- GSA ADP Schedule Contract with IBM Corp.
-->
<plugin-upgrade
        xmlns="http://www.urbancode.com/UpgradeXMLSchema_v1"
        xmlns:xsi="http://www.w3.org/2001/XMLSchema-instance">

  <migrate to-version="11">
    <migrate-command name="Modify ACLs">
      <migrate-properties>
        <migrate-property name="caclsType" default="cacls"/>
      </migrate-properties>
    </migrate-command>
    <migrate-command name="Log off Notification" />
    <migrate-command name="Check File Contents" />
    <migrate-command name="Reboot" />
    <migrate-command name="Add Or Overwrite Registry Key" />
    <migrate-command name="Import Registry Files" />
    <migrate-command name="Configure DCOM Settings" />
    <migrate-command name="Create Message Queues" />
    <migrate-command name="Enable Windows Features" />
    <migrate-command name="Disable Windows Features" />
  </migrate>
  <migrate to-version="12">
    <migrate-command name="Modify ACLs" />
    <migrate-command name="Log off Notification" />
    <migrate-command name="Check File Contents" />
    <migrate-command name="Reboot" />
    <migrate-command name="Add Or Overwrite Registry Key" />
    <migrate-command name="Import Registry Files" />
    <migrate-command name="Configure DCOM Settings" />
    <migrate-command name="Create Message Queues" />
    <migrate-command name="Enable Windows Features" />
    <migrate-command name="Disable Windows Features" />
  </migrate>
  <migrate to-version="13">
    <migrate-command name="Modify ACLs" />
    <migrate-command name="Log off Notification" />
    <migrate-command name="Check File Contents" />
    <migrate-command name="Reboot" />
    <migrate-command name="Add Or Overwrite Registry Key" />
    <migrate-command name="Import Registry Files" />
    <migrate-command name="Export Registry Subkey to File" />
    <migrate-command name="Configure DCOM Settings" />
    <migrate-command name="Create Message Queues" />
    <migrate-command name="Enable Windows Features" />
    <migrate-command name="Disable Windows Features" />
  </migrate>
  <migrate to-version="14">
    <migrate-command name="Modify ACLs" />
    <migrate-command name="Log off Notification" />
    <migrate-command name="Check File Contents" />
    <migrate-command name="Reboot" />
    <migrate-command name="Add Or Overwrite Registry Key" />
    <migrate-command name="Import Registry Files" />
    <migrate-command name="Export Registry Subkey to File" />
    <migrate-command name="Configure DCOM Settings" />
    <migrate-command name="Create Message Queues" />
    <migrate-command name="Enable Windows Features" />
    <migrate-command name="Disable Windows Features" />
    <migrate-command name="Create Windows Event Log" />
  </migrate>
  <migrate to-version="15">
    <migrate-command name="Modify ACLs"/>
    <migrate-command name="Log off Notification"/>
    <migrate-command name="Reboot"/>
    <migrate-command name="Check File Contents"/>
    <migrate-command name="Add Or Overwrite Registry Key"/>
    <migrate-command name="Export Registry Subkey to File"/>
    <migrate-command name="Import Registry Files"/>
    <migrate-command name="Configure DCOM Settings"/>
    <migrate-command name="Create Message Queues"/>
    <migrate-command name="Enable Windows Features"/>
    <migrate-command name="Disable Windows Features"/>
    <migrate-command name="Create Windows Event Log"/>
    <migrate-command name="Log off Sessions"/>
  </migrate>
  <migrate to-version="16">
    <migrate-command name="Modify ACLs"/>
    <migrate-command name="Log off Notification"/>
    <migrate-command name="Reboot"/>
    <migrate-command name="Check File Contents"/>
    <migrate-command name="Add Or Overwrite Registry Key">
      <migrate-properties>
        <migrate-property name="regType"/>
      </migrate-properties>
    </migrate-command>
    <migrate-command name="Export Registry Subkey to File"/>
    <migrate-command name="Import Registry Files"/>
    <migrate-command name="Configure DCOM Settings">
      <migrate-properties>
        <migrate-property  name="impersonLevel"/>
      </migrate-properties>
    </migrate-command>
    <migrate-command name="Create Message Queues"/>
    <migrate-command name="Enable Windows Features"/>
    <migrate-command name="Disable Windows Features"/>
    <migrate-command name="Create Windows Event Log"/>
    <migrate-command name="Log off Sessions"/>
  </migrate>
  <migrate to-version="17">
    <migrate-command name="Modify ACLs"/>
    <migrate-command name="Log off Notification"/>
    <migrate-command name="Reboot"/>
    <migrate-command name="Check File Contents"/>
    <migrate-command name="Add Or Overwrite Registry Key"/>
    <migrate-command name="Export Registry Subkey to File"/>
    <migrate-command name="Import Registry Files"/>
    <migrate-command name="Configure DCOM Settings"/>
    <migrate-command name="Create Message Queues"/>
    <migrate-command name="Enable Windows Features"/>
    <migrate-command name="Disable Windows Features"/>
    <migrate-command name="Create Windows Event Log"/>
    <migrate-command name="Log off Sessions"/>
  </migrate>
  <migrate to-version="18">
    <migrate-command name="Modify ACLs"/>
    <migrate-command name="Log off Notification"/>
    <migrate-command name="Reboot"/>
    <migrate-command name="Check File Contents"/>
    <migrate-command name="Add Or Overwrite Registry Key"/>
    <migrate-command name="Export Registry Subkey to File"/>
    <migrate-command name="Import Registry Files"/>
    <migrate-command name="Configure DCOM Settings"/>
    <migrate-command name="Create Message Queues"/>
    <migrate-command name="Enable Windows Features"/>
    <migrate-command name="Disable Windows Features"/>
    <migrate-command name="Create Windows Event Log"/>
    <migrate-command name="Log off Sessions"/>
  </migrate>
  <migrate to-version="19">
    <migrate-command name="Modify ACLs"/>
    <migrate-command name="Log off Notification"/>
    <migrate-command name="Reboot"/>
    <migrate-command name="Check File Contents"/>
    <migrate-command name="Add Or Overwrite Registry Key"/>
    <migrate-command name="Export Registry Subkey to File"/>
    <migrate-command name="Import Registry Files"/>
    <migrate-command name="Configure DCOM Settings"/>
    <migrate-command name="Create Message Queues"/>
    <migrate-command name="Enable Windows Features"/>
    <migrate-command name="Disable Windows Features"/>
    <migrate-command name="Create Windows Event Log"/>
    <migrate-command name="Log off Sessions"/>
  </migrate>
  <migrate to-version="20">
    <migrate-command name="Modify ACLs"/>
    <migrate-command name="Log off Notification"/>
    <migrate-command name="Reboot">
        <migrate-properties>
            <migrate-property name="agentServiceName"/>
        </migrate-properties>
    </migrate-command>
    <migrate-command name="Check File Contents"/>
    <migrate-command name="Add Or Overwrite Registry Key"/>
    <migrate-command name="Export Registry Subkey to File"/>
    <migrate-command name="Import Registry Files"/>
    <migrate-command name="Configure DCOM Settings"/>
    <migrate-command name="Create Message Queues"/>
    <migrate-command name="Enable Windows Features"/>
    <migrate-command name="Disable Windows Features"/>
    <migrate-command name="Create Windows Event Log"/>
    <migrate-command name="Log off Sessions"/>
  </migrate>
  <migrate to-version="21">
    <migrate-command name="Create Windows Scheduled Task">
        <migrate-properties>
            <migrate-property name="username"/>
            <migrate-property name="password"/>
            <migrate-property name="usernameRU"/>
            <migrate-property name="passwordRP"/>
            <migrate-property name="additionalArgs"/>
        </migrate-properties>
    </migrate-command>
  </migrate>
  <migrate to-version="22"/>
  <migrate to-version="23">
    <migrate-command name="Check File Contents"/>
  </migrate>
</plugin-upgrade>
