<?xml version="1.0" encoding="UTF-8" standalone="no"?>
<pluginInfo>
  <!-- Do not change the release-version, the build process injects it. -->
  <release-version>3.1079021</release-version>

  <release-notes>
    <release-note plugin-version="1">
      Initial release of the SAP Change and Transport System plug-in.
    </release-note>
    
    <release-note plugin-version="2">
      Added option to provide additional arguments to import Transport Step
    </release-note> 
    
    <release-note plugin-version="3">
      Added option to ignore exit value and ignore exception thrown on failure.
    </release-note>
           
  </release-notes>
</pluginInfo>
