<?xml version="1.0" encoding="UTF-8"?><!--
- Licensed Materials - Property of IBM* and/or HCL**
- UrbanCode Deploy
- (c) Copyright IBM Corporation 2015, 2017. All Rights Reserved.
- (c) Copyright HCL Technologies Ltd. 2018. All Rights Reserved.
-
- U.S. Government Users Restricted Rights - Use, duplication or disclosure restricted by
- GSA ADP Schedule Contract with IBM Corp.
-
- * Trademark of International Business Machines
- ** Trademark of HCL Technologies Limited
--><pluginInfo>
  <!-- Do not change the release-version, the build process injects it. -->
  <release-version>8.993391</release-version>

  <release-notes>
    <!--
      The release-note should document the changes, improvements, or bug fixes introduced
      with the new plugin version

      The release-note may contain text

      For example your release note could be:
      Support for was added for version 10.0 for software X

      To add a new release note add this with a description in it of the changes:
      <release-note plugin-version="1">....</release-note>
    -->

    <release-note plugin-version="1">
      Intial beta release of plug-in. Stable but looking for RFE's and implmentations improvements.
    </release-note>
    <release-note plugin-version="2">
      Second Beta release:
        -Default logging for script
        -Tutorial uncommented
        -Extend compatibility to PowerShell V2
    </release-note>
    <release-note plugin-version="3">
      GA:
        Beta testers, please reinstall plug-in.

        BREAKING CHANGES:
          - Removed default logging for script. Please use PowerShell preference variables in your script to control output.
          - Removed Tutorial. Please find under 'documentation' &gt; 'usage'.
          - Argument boxes removed.
        New:
          - Options box to set PowerShell command arguments at script start.
          - Set-StepOutputProperty command as the defacto way to set an output property.
    </release-note>
    <release-note plugin-version="4">
      Changes:
        - Moved options and powershell home properties from hidden.
        - Improved helper decriptions
        - Added generic proccess example
    </release-note>
    <release-note plugin-version="5">
      Fixed successful exit status to allow plugin step to succeed in post-processing.
    </release-note>
    <release-note plugin-version="6">
      Fixed APAR PI93408 Set-StepOutputProperties being overwritten by Groovy output properties.
    </release-note>
    <release-note plugin-version="7">
      Updated copyright.
    </release-note>
    <release-note plugin-version="8">
      Fixed APAR PH01425 - Exit command failing the plugin step.
    </release-note>
  </release-notes>
</pluginInfo>