<?xml version="1.0" encoding="UTF-8"?>
<!--
    (c) Copyright IBM Corporation 2015.
    (c) Copyright HCL Technologies Ltd. 2018. All Rights Reserved.
    This is licensed under the following license.
    The Eclipse Public 1.0 License (http://www.eclipse.org/legal/epl-v10.html)
    U.S. Government Users Restricted Rights:  Use, duplication or disclosure restricted by GSA ADP Schedule Contract with IBM Corp.
-->
<plugin-upgrade xmlns="http://www.urbancode.com/UpgradeXMLSchema_v1"
	xmlns:xsi="http://www.w3.org/2001/XMLSchema-instance">	
	
	<migrate to-version="2">
	</migrate>
	<migrate to-version="3">
	</migrate>
	<migrate to-version="4">
	</migrate>
	<migrate to-version="5">
		<migrate-command name="Start Dynamic Analyzer ASoC Scan" />
		<migrate-command name="Start Static Analyzer ASoC Scan" />
	</migrate>
	<migrate to-version="6">
		<migrate-command name="Start Dynamic Analyzer ASoC Scan" />
		<migrate-command name="Start Static Analyzer ASoC Scan" />
		<migrate-command name="Start Android Mobile Analyzer ASoC Scan" old="Start Mobile Analyzer Scan" />
	</migrate>
	<migrate to-version="7">
		<migrate-command name="Start Dynamic Analyzer ASoC Scan" />
		<migrate-command name="Start Static Analyzer ASoC Scan" />
		<migrate-command name="Start Android Mobile Analyzer ASoC Scan" />
		<migrate-command name="Start iOS Analyzer ASoC Scan" />
	</migrate>
	<migrate to-version="8">
		<migrate-command name="Start Dynamic Analyzer ASoC Scan" >
			<migrate-properties>
         		<migrate-property name="testPolicy" default="Default" />
      		</migrate-properties>
		</migrate-command>
		<migrate-command name="Start Static Analyzer ASoC Scan" />
		<migrate-command name="Start Android Mobile Analyzer ASoC Scan" />
		<migrate-command name="Start iOS Analyzer ASoC Scan" >
			<migrate-properties>
         		<migrate-property name="ipaFileLocation" default="Please place here the location of your ipa file" />
      		</migrate-properties>
		</migrate-command>
	</migrate>
	<migrate to-version="9">
		<migrate-command name="Start Dynamic Analyzer ASoC Scan" />
		<migrate-command name="Start Static Analyzer ASoC Scan" />
		<migrate-command name="Start Android Mobile Analyzer ASoC Scan" />
		<migrate-command name="Start iOS Analyzer ASoC Scan" />
	</migrate>
    <migrate to-version="10">
        <migrate-command name="Start Static Analyzer ASoC Scan">
            <migrate-properties>
                <migrate-property name="applicationId" default="" />
                <migrate-property name="keyId" default="" />
                <migrate-property name="keySecret" default="" />
                <migrate-property name="failOnPause" default="false" />
                <migrate-property name="scanTimeout" default="-1" />
            </migrate-properties>
        </migrate-command>
        <migrate-command name="Start Dynamic Analyzer ASoC Scan">
            <migrate-properties>
                <migrate-property name="applicationId" default="" />
                <migrate-property name="keyId" default="" />
                <migrate-property name="keySecret" default="" />
                <migrate-property name="thirdCredential" default="" />
                <migrate-property name="presenceId" default="" />
                <migrate-property name="scanType" default="Production" />
                <migrate-property name="scanFile" default="" />
                <migrate-property name="failOnPause" default="false" />
                <migrate-property name="scanTimeout" default="-1" />
            </migrate-properties>
        </migrate-command>
        <migrate-command name="Start iOS Analyzer ASoC Scan">
            <migrate-properties>
                <migrate-property name="applicationId" default="" />
                <migrate-property name="keyId" default="" />
                <migrate-property name="keySecret" default="" />
                <migrate-property name="scanUser" old="loginUsername" />
                <migrate-property name="scanPassword" old="loginPassword" />
                <migrate-property name="thirdCredential" default="" />
                <migrate-property name="presenceId" default="" />
                <migrate-property name="failOnPause" default="false" />
                <migrate-property name="scanTimeout" default="-1" />
            </migrate-properties>
        </migrate-command>
        <migrate-command name="Start Android Mobile Analyzer ASoC Scan">
            <migrate-properties>
                <migrate-property name="applicationId" default="" />
                <migrate-property name="keyId" default="" />
                <migrate-property name="keySecret" default="" />
                <migrate-property name="scanUser" old="loginUsername" />
                <migrate-property name="scanPassword" old="loginPassword" />
                <migrate-property name="thirdCredential" default="" />
                <migrate-property name="presenceId" default="" />
                <migrate-property name="failOnPause" default="false" />
                <migrate-property name="scanTimeout" default="-1" />
            </migrate-properties>
        </migrate-command>
    </migrate>
</plugin-upgrade>
