<?xml version="1.0" encoding="UTF-8"?>
<plugin-upgrade
        xmlns="http://www.urbancode.com/UpgradeXMLSchema_v1"
        xmlns:xsi="http://www.w3.org/2001/XMLSchema-instance">
  
  <migrate to-version="7">
    <migrate-command name="Create Application"/>
    <migrate-command name="Create Application Property"/>
    <migrate-command name="Create Application Role"/>
    <migrate-command name="Add Component To Application"/>
    <migrate-command name="Run Application Process"/>
  </migrate>
  
  <migrate to-version="10">
    <migrate-command name="Create Application"/>
    <migrate-command name="Create Application Process"/>
    <migrate-command name="Create Application Property"/>
    <migrate-command name="Create Application Role"/>
    <migrate-command name="Add Component To Application"/>
    <migrate-command name="Run Application Process"/>
  </migrate>
  
  <migrate to-version="60">
    <migrate-command name="Create Application"/>
    <migrate-command name="Create Application Process"/>
    <migrate-command name="Create Application Property"/>
    <migrate-command name="Create Application Role"/>
    <migrate-command name="Add Component To Application"/>
    <migrate-command name="Run Application Process"/>
    <migrate-command name="Check If Application Exists"/>
    <migrate-command name="Add User To Role"/>
    <migrate-command name="Add Group To Role"/>
  </migrate>
  
  <migrate to-version="61">
    <migrate-command name="Create Application"/>
    <migrate-command name="Create Application Process"/>
    <migrate-command name="Create Application Property"/>
    <migrate-command name="Add Component To Application"/>
    <migrate-command name="Run Application Process"/>
    <migrate-command name="Check If Application Exists"/>
  </migrate>
</plugin-upgrade>