<?xml version="1.0" encoding="UTF-8"?>
<plugin-upgrade
        xmlns="http://www.urbancode.com/UpgradeXMLSchema_v1"
        xmlns:xsi="http://www.w3.org/2001/XMLSchema-instance">

  <migrate to-version="9">

    <migrate-command name="Stop Targets">
       <migrate-properties>
         <migrate-property name="force" default="true"/>
       </migrate-properties>
    </migrate-command>
  
    <migrate-command name="Run WLDeploy">
    </migrate-command>

    <migrate-command name="Stop Targets">
    </migrate-command>

    <migrate-command name="Check Targets">
    </migrate-command>

    <migrate-command name="Check Application on targets">
    </migrate-command>

    <migrate-command name="Wait for Application on targets">
    </migrate-command>

  </migrate>

  <migrate to-version="10">

    <migrate-command name="Stop Targets">
    </migrate-command>
  
    <migrate-command name="Run WLDeploy">
    </migrate-command>

    <migrate-command name="Start Targets">
    </migrate-command>

    <migrate-command name="Check Targets">
    </migrate-command>

    <migrate-command name="Check Application on targets">
    </migrate-command>

    <migrate-command name="Wait for Application on targets">
    </migrate-command>

  </migrate>
    <migrate to-version="11">

    <migrate-command name="Stop Targets">
    </migrate-command>
  
    <migrate-command name="Run WLDeploy">
    </migrate-command>

    <migrate-command name="Start Targets">
    </migrate-command>

    <migrate-command name="Check Targets">
    </migrate-command>

    <migrate-command name="Check Application on targets">
    </migrate-command>

    <migrate-command name="Wait for Application on targets">
    </migrate-command>

  </migrate>
    <migrate to-version="12">

      <migrate-command name="Stop Targets">
        <migrate-properties>
          <migrate-property name="javahome" default="${p?:resource/wldeploy.javahome}"/>
        </migrate-properties>
      </migrate-command>

      <migrate-command name="Run WLDeploy">
        <migrate-properties>
          <migrate-property name="configFile" default="${p?:resource/wldeploy.userconfigfile}"/>
          <migrate-property name="keyFile" default="${p?:resource/wldeploy.userkeyfile}"/>
          <migrate-property name="javahome" default="${p?:resource/wldeploy.javahome}"/>
        </migrate-properties>
      </migrate-command>

      <migrate-command name="Start Targets">
        <migrate-properties>
          <migrate-property name="timeout" default="120"/>
          <migrate-property name="configFile" default="${p?:resource/wldeploy.userconfigfile}"/>
          <migrate-property name="keyFile" default="${p?:resource/wldeploy.userkeyfile}"/>
          <migrate-property name="javahome" default="${p?:resource/wldeploy.javahome}"/>
        </migrate-properties>
      </migrate-command>

      <migrate-command name="Check Targets">
        <migrate-properties>
          <migrate-property name="configFile" default="${p?:resource/wldeploy.userconfigfile}"/>
          <migrate-property name="keyFile" default="${p?:resource/wldeploy.userkeyfile}"/>
          <migrate-property name="javahome" default="${p?:resource/wldeploy.javahome}"/>
        </migrate-properties>
      </migrate-command>

      <migrate-command name="Check Application on targets">
        <migrate-properties>
          <migrate-property name="configFile" default="${p?:resource/wldeploy.userconfigfile}"/>
          <migrate-property name="keyFile" default="${p?:resource/wldeploy.userkeyfile}"/>
          <migrate-property name="javahome" default="${p?:resource/wldeploy.javahome}"/>
        </migrate-properties>
      </migrate-command>

      <migrate-command name="Wait for Application on targets">
        <migrate-properties>
          <migrate-property name="configFile" default="${p?:resource/wldeploy.userconfigfile}"/>
          <migrate-property name="keyFile" default="${p?:resource/wldeploy.userkeyfile}"/>
          <migrate-property name="javahome" default="${p?:resource/wldeploy.javahome}"/>
        </migrate-properties>
      </migrate-command>

  </migrate>


</plugin-upgrade>
