<?xml version="1.0" encoding="UTF-8"?>
<!--
- Licensed Materials - Property of IBM Corp.
- IBM UrbanCode Deploy
- (c) Copyright IBM Corporation 2014. All Rights Reserved.
-
- U.S. Government Users Restricted Rights - Use, duplication or disclosure restricted by
- GSA ADP Schedule Contract with IBM Corp.
-->

<plugin-upgrade
        xmlns="http://www.urbancode.com/UpgradeXMLSchema_v1"
        xmlns:xsi="http://www.w3.org/2001/XMLSchema-instance">

 <migrate to-version="2">
    <migrate-command name="Deploy process application snapshot"/>
    <migrate-command name="Generate offline package">
        <migrate-properties>
            <migrate-property name="makeDefault" default="true"/>
            <migrate-property name="containerAcronym"/>
            <migrate-property name="containerSnapshotAcronym"/>
        </migrate-properties>
    </migrate-command>
    <migrate-command name="Deploy offline package"/>
    <migrate-command name="Import process application" />
    <migrate-command name="Export process application" />
 </migrate>

</plugin-upgrade>
