<?xml version="1.0" encoding="UTF-8"?>
<securityRealm>
	<Realm name="Realm-E" RoleMapper="MyRoleMapper">
		<operation name="createRole">
			<param name="rolename" />
			<param resourceId="" name="rolename2"/>
			<param name="rolename3" expression="noUsers"/>
			<param resourceId="X" name="rolename4" expression="noUsers"/>
			<param resourceId="" name="rolename5" auxiliary=""/>
			<param resourceId="X" name="rolename6" expression="noUsers"  auxiliary=""/>
		</operation>
		<operation name="removeRole">
			<param resourceId="" name="rolename"/>
			<param name="rolename2"/>
		</operation>
		<operation name="setRoleExpression">
			<param resourceId="X" name="rolename" expression="noUsers"/>
			<param name="rolename2" expression="noUsers"/>
		</operation>
		<operation name="setRoleAuxiliary">
			<param resourceId="" name="rolename" auxiliary=""/>
			<param name="rolename2" auxiliary=""/>
		</operation>
	</Realm>
</securityRealm>