<?xml version="1.0" encoding="UTF-8"?>
<securityRealm>
	<Realm name="Realm-name" AuthenticationProvider="Authenticator-Name">
		<operation name="createUser">
			<param name="username" password="password1" description="username description"/>
			<param name="username2" password="password2" description="username2 description"/>
		</operation>
		<operation name="createGroup">
			<param name="group-name" description="group desc"/>
			<param name="group2-name" description="group2 desc"/>
		</operation>
		<operation name="removeUser">
			<param name="user1"/>
			<param name="user2"/>
		</operation>
		<operation name="removeGroup">
			<param name="group-a"/>
			<param name="group-b"/>
		</operation>
		<operation name="removeMemberFromGroup">
			<param group="group10" member="user10"/>
			<param group="group11" member="user11"/>
		</operation>
		<operation name="addMemberToGroup">
			<param group="group-4" member="user-4"/>
			<param group="group-5" member="user-5"/>
		</operation>
	</Realm>
</securityRealm>