<?xml version="1.0" encoding="UTF-8"?>
<jmxMetadata>
	<jmxbean name="ClientParams"
		path="/JMSSystemResource:JMSSystemResources[$Module]/JMS:JMSResource/ClientParams:ClientParams[$ClientParams]">
		<atribute name="AcknowledgePolicy" type="String" />
		<atribute name="AllowCloseInOnMessage" type="Boolean" />
		<atribute name="ClientId" type="String" />
		<atribute name="MessagesMaximum" type="Integer" />
		<atribute name="MulticastOverrunPolicy" type="String" />
		<atribute name="ReconnectBlockingMillis" type="Long" />
		<atribute name="ReconnectPolicy" type="String" />
		<atribute name="SynchronousPrefetchMode" type="String" />
		<atribute name="TotalReconnectPeriodMillis" type="Long" />
	</jmxbean>
	<jmxbean name="ConnectionFactory" 
		path="/JMSSystemResource:JMSSystemResources[$Module]/JMS:JMSResource/ConnectionFactory:ConnectionFactories[$ConnectionFactory]">
		<atribute name="FactoryName" type="String" />
		<relatedBean name="ConnectionProperties" containedBean="ConnectionProperties" />
	</jmxbean>
	<jmxbean name="ConnectionParams"
		path="/JMSSystemResource:JMSSystemResources[$Module]/JMS:JMSResource/ConnectionParams:ConnectionParams[$ConnectionParams]">
		<relatedBean name="Parameters" containedBean="Parameter[]" factory="createParameter" />
	</jmxbean>
	<jmxbean name="ConnectionProperties"
		path="/JMSSystemResource:JMSSystemResources[$Module]/JMS:JMSResource/ConnectionProperties:ConnectionProperties[$ConnectionProperties]">
		<attribute name="DriverClassName" type="String" />
		<attribute name="Password" type="String" />
		<attribute name="PasswordEncrypted" type="Byte[]" />
		<attribute name="Url" type="String" />
		<attribute name="UserName" type="String" />
		<relatedBean name="ConnectionParams" containedBean="ConnectionParams[]" factory="createConnectionParams" />
	</jmxbean>
	<jmxbean name="DefaultDeliveryParams"
		path="/JMSSystemResource:JMSSystemResources[$Module]/JMS:JMSResource/DefaultDeliveryParams:DefaultDeliveryParams[$DefaultDeliveryParams]">
		<attribute name="DefaultCompressionThreshold" type="Integer" />
		<attribute name="DefaultDeliveryMode" type="String" />
		<attribute name="DefaultPriority" type="Integer" />
		<attribute name="DefaultRedeliveryDelay" type="Long" />
		<attribute name="DefaultTimeToDeliver" type="String" />
		<attribute name="DefaultTimeToLive" type="Long" />
		<attribute name="DefaultUnitOfOrder" type="String" />
		<attribute name="SendTimeout" type="Long" />
	</jmxbean>
	<jmxbean name="DeliveryFailureParams"
		path="/JMSSystemResource:JMSSystemResources[$Module]/JMS:JMSResource/DeliveryFailureParams:DeliveryFailureParams[$DeliveryFailureParams]">
		<attribute name="ExpirationLoggingPolicy" type="String" />
		<attribute name="ExpirationPolicy" type="String" />
		<attribute name="RedeliveryLimit" type="Integer" />
		<relatedBean name="ErrorDestination" referencedBean="Destination" />
		<relatedBean name="Template" referencedBean="Template" />
	</jmxbean>
	<jmxbean name="DeliveryParamsOverrides"
		path="/JMSSystemResource:JMSSystemResources[$Module]/JMS:JMSResource/DeliveryParamsOverrides:DeliveryParamsOverrides[$DeliveryParamsOverrides]">
		<attribute name="DeliveryMode" type="String" />
		<attribute name="Priority" type="Integer" />
		<attribute name="RedeliveryDelay" type="Long" />
		<attribute name="TimeToDeliver" type="String" />
		<attribute name="TimeToLive" type="Long" />
		<relatedBean name="Template" referencedBean="Template" />
	</jmxbean>
	<jmxbean name="Destination"
		path="/JMSSystemResource:JMSSystemResources[$Module]/JMS:JMSResource/Destination:Destinations[$Destination]">
		<attribute name="AttachSender" type="String" />
		<attribute name="ConsumptionPausedAtStartup" type="Boolean" />
		<attribute name="DefaultTargetingEnabled" type="Boolean" />
		<attribute name="DefaultUnitOfOrder" type="Boolean" />
		<attribute name="DestinationKeys" type="String[]" />
		<attribute name="IncompleteWorkExpirationTime" type="Integer" />
		<attribute name="InsertionPausedAtStartup" type="Boolean" />
		<attribute name="JMSCreateDestinationIdentifier" type="String" />
		<attribute name="JNDIName" type="String" />
		<attribute name="LocalJNDIName" type="String" />
		<attribute name="MaximumMessageSize" type="Integer" />
		<attribute name="MessagingPerformancePreference" type="Integer" />
		<attribute name="Name" type="String" />
		<attribute name="Notes" type="String" />
		<attribute name="ProductionPausedAtStartup" type="Boolean" />
		<attribute name="SAFExportPolicy" type="String" />
		<attribute name="SubDeploymentName" type="String" validatedBy="SubDeployment" />
		<attribute name="UnitOfWorkHandlingPolicy" type="String" />
		<relatedBean name="DeliveryFailureParams" containedBean="DeliveryFailureParams" />
		<relatedBean name="DeliveryParamsOverrides" containedBean="DeliveryParamsOverrides" />
		<relatedBean name="MessageLoggingParams" containedBean="MessageLoggingParams" />
		<relatedBean name="Quota" referencedBean="Quota" />
		<relatedBean name="Template" referencedBean="Template" />
		<relatedBean name="Thresholds" containedBean="ThresholdParams" />
	</jmxbean>
	<jmxbean name="DestinationKey"
		path="/JMSSystemResource:JMSSystemResources[$Module]/JMS:JMSResource/DestinationKey:DestinationKeys[$DestinationKey]">
		<attribute name="KeyType" type="String" />
		<attribute name="Name" type="String" />
		<attribute name="Notes" type="String" />
		<attribute name="Property" type="String" />
		<attribute name="SortOrder" type="String" />
		<attribute name="SortOrder" type="String" />
	</jmxbean>
	<jmxbean name="DistributedQueue"
		path="/JMSSystemResource:JMSSystemResources[$Module]/JMS:JMSResource/DistributedQueue:DistributedQueues[$DistributedQueue]">
		<attribute name="ForwardDelay" type="Integer" />
		<attribute name="JNDIName" type="String" />
		<attribute name="LoadBalancingPolicy" type="String" />
		<attribute name="Name" type="String" />
		<attribute name="Notes" type="String" />
		<attribute name="ResetDeliveryCountOnForward" type="Boolean" />
		<attribute name="SAFExportPolicy" type="String" />
		<attribute name="UnitOfOrderRouting" type="String" />
		<relatedBean name="DistributedQueueMembers" containedBean="DistributedDestinationMember[]" factory="createDistributedQueueMember" />
	</jmxbean>
	<jmxbean name="DistributedDestinationMember"
		path="/JMSSystemResource:JMSSystemResources[$Module]/JMS:JMSResource/DistributedDestinationMember:DistributedDestinationMembers[$DistributedDestinationMember]">
		<attribute name="Name" type="String" />
		<attribute name="Notes" type="String" />
		<attribute name="Weight" type="Integer" />
	</jmxbean>
	<jmxbean name="DistributedTopic"
		path="/JMSSystemResource:JMSSystemResources[$Module]/JMS:JMSResource/DistributedTopic:DistributedTopics[$DistributedTopic]">
		<attribute name="JNDIName" type="String" />
		<attribute name="LoadBalancingPolicy" type="String" />
		<attribute name="Name" type="String" />
		<attribute name="Notes" type="String" />
		<attribute name="SAFExportPolicy" type="String" />
		<attribute name="UnitOfOrderRouting" type="String" />
		<relatedBean name="DistributedTopicMembers" containedBean="DistributedDestinationMember[]" factory="createDistributedTopicMember" />
	</jmxbean>
	<jmxbean name="FileStore"
		path="/FileStore:FileStores[$FileStore]">
		<attribute name="CachingDisabled" type="Boolean" readonly="true" />
		<attribute name="DeploymentOrder" type="Integer" />
		<attribute name="LogicalName" type="String" />
		<attribute name="Name" type="String" readonly="true"/>
		<attribute name="Notes" type="String" />
		<attribute name="Type" type="String" readonly="true" />
		<attribute name="XAResourceName" type="String" readonly="true" />
		<relatedBean name="Targets" referencedBean="Target[]" />
	</jmxbean>
	<jmxbean name="FlowControlParams"
		path="/JMSSystemResource:JMSSystemResources[$Module]/JMS:JMSResource/FlowControlParams:FlowControlParams[$FlowControlParams]">
		<attribute name="FlowControlEnabled" type="Boolean" />
		<attribute name="FlowInterval" type="Integer" />
		<attribute name="FlowMaximum" type="Integer" />
		<attribute name="FlowMinimum" type="Integer" />
		<attribute name="FlowSteps" type="Integer" />
		<attribute name="OneWaySendMode" type="String" />
		<attribute name="OneWaySendWindowSize" type="Integer" />
	</jmxbean>
	<jmxbean name="GroupParams"
		path="/JMSSystemResource:JMSSystemResources[$Module]/JMS:JMSResource/GroupParams:GroupParams[$GroupParams]">
		<attribute name="SubDeploymentName" type="String" validatedBy="SubDeployment" />
		<relatedBean name="ErrorDestination" referencedBean="Destination" />
	</jmxbean>
	<jmxbean name="JDBCStore"
		path="/JDBCStore:JDBCStores[$JDBCStore]">
		<attribute name="CachingDisabled" type="Boolean" readonly="true" />
		<attribute name="DeletesPerStatementMaximum" type="Integer" />
		<attribute name="DeploymentOrder" type="Integer" />
		<attribute name="InsertsPerBatchMaximum" type="Integer" />
		<attribute name="LogicalName" type="String" />
		<attribute name="Name" type="String" readonly="true"/>
		<attribute name="Notes" type="String" />
		<attribute name="PrefixName" type="String" />
		<attribute name="Type" type="String" readonly="true" />
		<attribute name="XAResourceName" type="String" readonly="true" />
		<relatedBean name="DataSource" referencedBean="JDBCSystemResource" />
		<relatedBean name="Targets" referencedBean="Target[]" />
	</jmxbean>
	<jmxbean name="JDBCSystemResource" 
		path="/JDBCSystemResource:JDBCSystemResources[$JDBCSystemResource]">
		<attribute name="CachingDisabled" type="Boolean" readonly="true" />
		<attribute name="CompatibilityName" type="String" />
		<attribute name="DeploymentOrder" type="Integer" />
		<attribute name="DeploymentPrincipalName" type="String" />
		<attribute name="DescriptorFileName" type="String" readonly="true" />
		<attribute name="ModuleType" type="String" />
		<attribute name="Name" type="String" readonly="true"/>
		<attribute name="Notes" type="String" />
		<attribute name="SourcePath" type="String" />
		<attribute name="Type" type="String" readonly="true" />
		<relatedBean name="JDBCResource" containedBean="JDBCDataSource" />
		<relatedBean name="SubDeployments" containedBean="SubDesployment[]" factory="createSubDeployment"  />
		<relatedBean name="Targets" referencedBean="Target[]" />
	</jmxbean>
	<jmxbean name="JDBCDataSource"
		path="/JDBCDataSource:JDBCDataSources[$JDBCDataSource]">
		<attribute name="Name" type="String" />
		<attribute name="Version" type="String" />
		<relatedBean name="InternalProperties" containedBean="JDBCProperties" />
		<relatedBean name="JDBCConnectionPoolParams" containedBean="JDBCConnectionPoolParams" />
		<relatedBean name="JDBCDataSourceParams" containedBean="JDBCDataSourceParams" />
		<relatedBean name="JDBCDriverParams" containedBean="JDBCDriverParams" />
		<relatedBean name="JDBCXAParams" containedBean="JDBCXAParams" />
	</jmxbean>
	<jmxbean name="JDBCDataSourceParams"
		path="/JMSSystemResource:JMSSystemResources[$Module]/JMS:JMSResource/JDBCDataSourceParams:JDBCDataSourceParams[$JDBCDataSourceParams]">
		<attribute name="AlgorithmType" type="String" />
		<attribute name="ConnectionPoolFailoverCallbackHandler" type="String" />
		<attribute name="DataSourceList" type="String" />
		<attribute name="FailoverRequestIfBusy" type="Boolean" />
		<attribute name="GlobalTransactionsProtocol" type="String" />
		<attribute name="JNDINames" type="String[]" />
		<attribute name="RowPrefetch" type="Boolean" />
		<attribute name="RowPrefetchSize" type="Integer" />
		<attribute name="Scope" type="String" />
		<attribute name="StreamChunkSize" type="Integer" />
	</jmxbean>
	<jmxbean name="JDBCDriverParams"
		path="/JMSSystemResource:JMSSystemResources[$Module]/JMS:JMSResource/JDBCDriverParams:JDBCDriverParams[$JDBCDriverParams]">
		<attribute name="DriverName" type="String" />
		<attribute name="Password" type="String" />
		<attribute name="PasswordEncrypted" type="Byte[]" />
		<attribute name="Url" type="String" />
		<attribute name="UseXaDataSourceInterface" type="Boolean" />
		<relatedBean name="Properties" containedBean="JDBCProperties" />
	</jmxbean>
	<jmxbean name="JDBCXAParams"
		path="/JMSSystemResource:JMSSystemResources[$Module]/JMS:JMSResource/JDBCXAParams:JDBCXAParams[$JDBCXAParams]">
		<attribute name="KeepLogicalConnOpenOnRelease" type="Boolean" />
		<attribute name="KeepXaConnTillTxComplete" type="Boolean" />
		<attribute name="NeedTxCtxOnClose" type="Boolean" />
		<attribute name="NewXaConnForCommit" type="Boolean" />
		<attribute name="RecoverOnlyOnce" type="Boolean" />
		<attribute name="ResourceHealthMonitoring" type="Boolean" />
		<attribute name="RollbackLocalTxUponConnClose" type="Boolean" />
		<attribute name="XaEndOnlyOnce" type="Boolean" />
		<attribute name="XaRetryDurationSeconds" type="Integer" />
		<attribute name="XaRetryIntervalSeconds" type="Integer" />
		<attribute name="XaSetTransactionTimeout" type="Boolean" />
		<attribute name="XaTransactionTimeout" type="Integer" />
	</jmxbean>
	<jmxbean name="JDBCConnectionPoolParams"
		path="/JMSSystemResource:JMSSystemResources[$Module]/JMS:JMSResource/JDBCConnectionPoolParams:JDBCConnectionPoolParams[$JDBCConnectionPoolParams]">
		<attribute name="CapacityIncrement" type="Integer" />
		<attribute name="ConnectionCreationRetryFrequencySeconds" type="Integer" />
		<attribute name="ConnectionReserveTimeoutSeconds" type="Integer" />
		<attribute name="CredentialMappingEnabled" type="Boolean" />
		<attribute name="DriverInterceptor" type="String" />
		<attribute name="HighestNumWaiters" type="Integer" />
		<attribute name="IdentityBasedConnectionPoolingEnabled" type="Boolean" />
		<attribute name="IgnoreInUseConnectionsEnabled" type="Boolean" />
		<attribute name="InactiveConnectionTimeoutSeconds" type="Integer" />
		<attribute name="InitialCapacity" type="Integer" />
		<attribute name="InitSql" type="String" />
		<attribute name="JDBCXADebugLevel" type="Integer" />
		<attribute name="LoginDelaySeconds" type="Integer" />
		<attribute name="MaxCapacity" type="Integer" />
		<attribute name="PinnedToThread" type="Boolean" />
		<attribute name="ProfileHarvestFrequencySeconds" type="Integer" />
		<attribute name="ProfileType" type="Integer" />
		<attribute name="RemoveInfectedConnections" type="Boolean" />
		<attribute name="SecondsToTrustAnIdlePoolConnection" type="Integer" />
		<attribute name="ShrinkFrequencySeconds" type="Integer" />
		<attribute name="StatementCacheSize" type="Integer" />
		<attribute name="StatementCacheType" type="String" />
		<attribute name="StatementTimeout" type="Integer" />
		<attribute name="TestConnectionsOnReserve" type="Boolean" />
		<attribute name="TestFrequencySeconds" type="Integer" />
		<attribute name="TestTableName" type="String" />
	</jmxbean>
	<jmxbean name="JDBCProperties"
		path="/JMSSystemResource:JMSSystemResources[$Module]/JMS:JMSResource/JDBCProperties:JDBCProperties[$JDBCProperties]">
		<relatedBean name="Properties" containedBean="JDBCProperty[]" factory="createProperty" />
	</jmxbean>
	<jmxbean name="JDBCProperty"
		path="/JMSSystemResource:JMSSystemResources[$Module]/JMS:JMSResource/JDBCProperty:JDBCProperties[$JDBCProperty]">
		<attribute name="Name" type="String" readonly="true"/>
		<attribute name="Value" type="String" />
	</jmxbean>
	<jmxbean name="JMS"
		path="/JMSSystemResource:JMSSystemResources[$Module]/JMS:JMSResources[$JMS]">
		<relatedBean name="ConnectionFactories" containedBean="JMSConnectionFactory[]" factory="createConnectionFactory" />
		<relatedBean name="DestinationKeys" containedBean="DestinationKey[]" factory="createDestinationKey" />
		<relatedBean name="DistributedQueues" containedBean="DistributedQueue[]" factory="createDistributedQueue" />
		<relatedBean name="DistributedTopics" containedBean="DistributedTopic[]" factory="createDistributedTopic" />
		<relatedBean name="ForeignServers" containedBean="ForeignServer[]" factory="createForeignServer" />
		<relatedBean name="Queues" containedBean="Queue[]" factory="createQueue" />
		<relatedBean name="Quotas" containedBean="Quota[]" factory="createQuota" />
		<relatedBean name="SAFErrorHandlings" containedBean="SAFErrorHandling[]" factory="createSAFErrorHandling" />
		<relatedBean name="SAFImportedDestinations" containedBean="SAFImportedDestinations[]" factory="createSAFImportedDestinations" />
		<relatedBean name="SAFRemoteContexts" containedBean="SAFRemoteContext[]" factory="createSAFRemoteContext" />
		<relatedBean name="Templates" containedBean="Template[]" factory="createTemplate" />
		<relatedBean name="Topics" containedBean="Topic[]" factory="createTopic" />
		<relatedBean name="UniformDistributedQueues" containedBean="UniformDistributedQueue[]" factory="createUniformDistributedQueue" />
		<relatedBean name="UniformDistributedTopics" containedBean="UniformDistributedTopic[]" factory="createUniformDistributedTopic" />
	</jmxbean>
	<jmxbean name="JMSConnectionFactory" methodSuffix="ConnectionFactory"
		path="/JMSSystemResource:JMSSystemResources[$Module]/JMS:JMSResource/JMSConnectionFactory:JMSConnectionFactories[$JMSConnectionFactory]">
		<attribute name="DefaultTargetingEnabled" type="Boolean" />
		<attribute name="JNDIName" type="String" />
		<attribute name="LocalJNDIName" type="String" />
		<attribute name="Name" type="String" />
		<attribute name="Notes" type="String" />
		<attribute name="SubDeploymentName" type="String" validatedBy="SubDeployment" />
		<relatedBean name="ClientParams" containedBean="ClientParams" />
		<relatedBean name="DefaultDeliveryParams" containedBean="DefaultDeliveryParams" />
		<relatedBean name="FlowControlParams" containedBean="FlowControlParams" />
		<relatedBean name="LoadBalancingParams" containedBean="LoadBalancingParams" />
		<relatedBean name="SecurityParams" containedBean="SecurityParams" />
		<relatedBean name="TransactionParams" containedBean="TransactionParams" />
	</jmxbean>
	<jmxbean name="JMSServer" 
		path="/JMSServer:JMSServers[$JMSServer]">
		<attribute name="AllowsPersistentDowngrade" type="Boolean" />
		<attribute name="BlockingSendPolicy" type="String" />
		<attribute name="BytesMaximum" type="Long" />
		<attribute name="BytesThresholdHigh" type="Long" />
		<attribute name="BytesThresholdLow" type="Long" />
		<attribute name="CachingDisabled" type="Boolean" readonly="true" />
		<attribute name="ConsumptionPausedAtStartup" type="String" />
		<attribute name="DeploymentOrder" type="Integer" />
		<attribute name="ExpirationScanInterval" type="Integer" />
		<attribute name="HostingTemporaryDestinations" type="Boolean" />
		<attribute name="InsertionPausedAtStartup" type="String" />
		<attribute name="MaximumMessageSize" type="Integer" />
		<attribute name="MessageBufferSize" type="Long" />
		<attribute name="MessagesMaximum" type="Long" />
		<attribute name="MessagesThresholdHigh" type="Long" />
		<attribute name="MessagesThresholdLow" type="Long" />
		<attribute name="Name" type="String" readonly="true" />
		<attribute name="Notes" type="String" />
		<attribute name="PagingDirectory" type="String" />
		<attribute name="ProductionPausedAtStartup" type="String" />
		<attribute name="StoreEnabled" type="Boolean" />
		<attribute name="TemporaryTemplateName" type="String" />
		<attribute name="TemporaryTemplateResource" type="String" />
		<attribute name="Type" type="String" readonly="true" />
		<relatedBean name="JMSMessageLogFile" />
		<relatedBean name="PersistentStore" referencedBean="PersistentStore" />
		<relatedBean name="Targets" referencedBean="Target[]" />
	</jmxbean>
	<jmxbean name="JMSSystemResource" 
		path="/JMSSystemResource:JMSSystemResources[$Module]">
		<attribute name="CachingDisabled" type="Boolean" readonly="true"/>
		<attribute name="CompatibilityName" type="String" />
		<attribute name="DeploymentOrder" type="Integer" />
		<attribute name="DeploymentPrincipalName" type="String" />
		<attribute name="DescriptorFileName" type="String" readonly="true"/>
		<attribute name="ModuleType" type="String" />
		<attribute name="Name" type="String" readonly="true"/>
		<attribute name="Notes" type="String" />
		<attribute name="SourcePath" type="String" />
		<attribute name="Type" type="String" readonly="true" />
		<relatedBean name="JMSResource" containedBean="JMS" />
		<relatedBean name="SubDeployments" containedBean="SubDeployment[]" factory="createSubDeployment" />
		<relatedBean name="Targets" referencedBean="Target[]" />
	</jmxbean>
	<jmxbean name="LoadBalancingParams"
		path="/JMSSystemResource:JMSSystemResources[$Module]/JMS:JMSResource/LoadBalancingParams:LoadBalancingParams[$LoadBalancingParams]">
		<attribute name="LoadBalancingEnabled" type="Boolean" />
		<attribute name="ServerAffinityEnabled" type="Boolean" />
	</jmxbean>
	<jmxbean name="MessageLoggingParams"
		path="/JMSSystemResource:JMSSystemResources[$Module]/JMS:JMSResource/MessageLoggingParams:MessageLoggingParams[$MessageLoggingParams]">
		<attribute name="MessageLoggingEnabled" type="Boolean" />
		<attribute name="MessageLoggingFormat" type="String" />
		<relatedBean name="Template" referencedBean="Template" />
	</jmxbean>
	<jmxbean name="MulticastParams"
		path="/JMSSystemResource:JMSSystemResources[$Module]/JMS:JMSResource/MulticastParams:MulticastParams[$MulticastParams]">
		<attribute name="MulticastAddress" type="String" />
		<attribute name="MulticastPort" type="Integer" />
		<attribute name="MulticastTimeToLive" type="Integer" />
		<relatedBean name="Template" referencedBean="Template" />
	</jmxbean>
	<jmxbean name="Parameter"
		path="/JMSSystemResource:JMSSystemResources[$Module]/JMS:JMSResource/Parameter:Parameters[$Parameter]">
		<attribute name="Description" type="String" />
		<attribute name="ParamName" type="String" />
		<attribute name="ParamValue" type="String" />
	</jmxbean>
	<jmxbean name="PersistentStore"
		path="/PersistentStore:PersistentStores[$PersistentStore]">
		<attribute name="CachingDisabled" type="Boolean" readonly="true" />
		<attribute name="DeploymentOrder" type="Integer" />
		<attribute name="LogicalName" type="String" />
		<attribute name="Name" type="String" readonly="true"/>
		<attribute name="Notes" type="String" />
		<attribute name="Type" type="String" readonly="true" />
		<attribute name="XAResourceName" type="String" readonly="true" />
		<relatedBean name="Targets" referencedBean="Target[]" />
	</jmxbean>
	<jmxbean name="Quota"
		path="/JMSSystemResource:JMSSystemResources[$Module]/JMS:JMSResource/Quota:Quotas[$Quota]">
		<attribute name="BytesMaximum" type="Long" />
		<attribute name="MessagesMaximum" type="Long" />
		<attribute name="Name" type="String" />
		<attribute name="Notes" type="String" />
		<attribute name="Policy" type="String" />
		<attribute name="Shared" type="Boolean" />
	</jmxbean>
	<jmxbean name="Queue"
		path="/JMSSystemResource:JMSSystemResources[$Module]/JMS:JMSResource/Queue:Queues[$Queue]">
		<attribute name="AttachSender" type="String" />
		<attribute name="ConsumptionPausedAtStartup" type="Boolean" />
		<attribute name="DefaultTargetingEnabled" type="Boolean" />
		<attribute name="DefaultUnitOfOrder" type="Boolean" />
		<attribute name="DestinationKeys" type="String[]" />
		<attribute name="IncompleteWorkExpirationTime" type="Integer" />
		<attribute name="InsertionPausedAtStartup" type="Boolean" />
		<attribute name="JMSCreateDestinationIdentifier" type="String" />
		<attribute name="JNDIName" type="String" />
		<attribute name="LocalJNDIName" type="String" />
		<attribute name="MaximumMessageSize" type="Integer" />
		<attribute name="MessagingPerformancePreference" type="Integer" />
		<attribute name="Name" type="String" />
		<attribute name="Notes" type="String" />
		<attribute name="ProductionPausedAtStartup" type="Boolean" />
		<attribute name="SAFExportPolicy" type="String" />
		<attribute name="SubDeploymentName" type="String" validatedBy="SubDeployment" />
		<attribute name="UnitOfWorkHandlingPolicy" type="String" />
		<relatedBean name="DeliveryFailureParams" containedBean="DeliveryFailureParams" />
		<relatedBean name="DeliveryParamsOverrides" containedBean="DeliveryParamsOverrides" />
		<relatedBean name="MessageLoggingParams" containedBean="MessageLoggingParams" />
		<relatedBean name="Quota" referencedBean="Quota" />
		<relatedBean name="Template" referencedBean="Template" />
		<relatedBean name="Thresholds" containedBean="ThresholdParams" />
	</jmxbean>
	<jmxbean name="SAFImportedDestinations"
		path="/JMSSystemResource:JMSSystemResources[$Module]/JMS:JMSResource/SAFImportedDestinations:SAFImportedDestinations[$SAFImportedDestinations]">
		<attribute name="DefaultTargetingEnabled" type="Boolean" />
		<attribute name="JNDIPrefix" type="String" />
		<attribute name="Name" type="String" readonly="true" />
		<attribute name="Notes" type="String" />
		<attribute name="SubDeploymentName" type="String" validatedBy="SubDeployment" />
		<attribute name="TimeToLiveDefault" type="Long" />
		<attribute name="UnitOfOrderRouting" type="String" />
		<attribute name="UseSAFTimeToLiveDefault" type="Boolean" />
		<relatedBean name="MessageLoggingParams" containedBean="MessageLoggingParams" />
		<relatedBean name="SAFErrorHandling" referencedBean="SAFErrorHandling" />
		<relatedBean name="SAFQueues" containedBean="SAFQueue[]" factory="createSAFQueue" />
		<relatedBean name="SAFRemoteContext" referencedBean="SAFRemoteContext" />
		<relatedBean name="SAFTopics" containedBean="SAFTopic[]" factory="createSAFTopic" />
	</jmxbean>
	<jmxbean name="SAFErrorHandling"
		path="/JMSSystemResource:JMSSystemResources[$Module]/JMS:JMSResource/SAFErrorHandling:SAFErrorHandlings[$SAFErrorHandling]">
		<attribute name="LogFormat" type="String" />
		<attribute name="Name" type="String" readonly="true" />
		<attribute name="Notes" type="String" />
		<attribute name="Policy" type="String" />
		<relatedBean name="SAFErrorDestination" referencedBean="SAFDestination" />
	</jmxbean>
	<jmxbean name="SAFDestination"
		path="/JMSSystemResource:JMSSystemResources[$Module]/JMS:JMSResource/SAFDestination:SAFDestinations[$SAFDestination]">
		<attribute name="LocalJNDIName" type="String" />
		<attribute name="Name" type="String" readonly="true" />
		<attribute name="NonPersistentQos" type="String" />
		<attribute name="Notes" type="String" />
		<attribute name="RemoteJNDIName" type="String" />
		<attribute name="TimeToLiveDefault" type="Long" />
		<attribute name="UnitOfOrderRouting" type="String" />
		<attribute name="UseSAFTimeToLiveDefault" type="Boolean" />
		<relatedBean name="MessageLoggingParams" containedBean="MessageLoggingParams" />
		<relatedBean name="SAFErrorHandling" referencedBean="SAFErrorHandling" />
	</jmxbean>
	<jmxbean name="SAFQueue"
		path="/JMSSystemResource:JMSSystemResources[$Module]/JMS:JMSResource/SAFQueue:SAFQueues[$SAFQueue]">
		<attribute name="LocalJNDIName" type="String" />
		<attribute name="Name" type="String" readonly="true" />
		<attribute name="NonPersistentQos" type="String" />
		<attribute name="Notes" type="String" />
		<attribute name="RemoteJNDIName" type="String" />
		<attribute name="TimeToLiveDefault" type="Long" />
		<attribute name="UnitOfOrderRouting" type="String" />
		<attribute name="UseSAFTimeToLiveDefault" type="Boolean" />
		<relatedBean name="MessageLoggingParams" containedBean="MessageLoggingParams" />
		<relatedBean name="SAFErrorHandling" referencedBean="SAFErrorHandling" />
	</jmxbean>
	<jmxbean name="SAFRemoteContext"
		path="/JMSSystemResource:JMSSystemResources[$Module]/JMS:JMSResource/SAFRemoteContext:SAFRemoteContexts[$SAFRemoteContext]">
		<attribute name="CompressionThreshold" type="Integer" />
		<attribute name="Name" type="String" readonly="true" />
		<attribute name="Notes" type="String" />
		<attribute name="ReplyToSAFRemoteContextName" type="String" />
		<relatedBean name="SAFLoginContext" containedBean="SAFLoginContext" />
	</jmxbean>
	<jmxbean name="SAFLoginContext"
		path="/JMSSystemResource:JMSSystemResources[$Module]/JMS:JMSResource/SAFLoginContext:SAFLoginContexts[$SAFLoginContext]">
		<attribute name="LoginURL" type="String" />
		<attribute name="Password" type="String" />
		<attribute name="PasswordEncrypted" type="Byte[]" />
		<attribute name="Username" type="String" />
	</jmxbean>
	<jmxbean name="SAFTopic"
		path="/JMSSystemResource:JMSSystemResources[$Module]/JMS:JMSResource/SAFTopic:SAFTopics[$SAFTopic]">
		<attribute name="LocalJNDIName" type="String" />
		<attribute name="Name" type="String" readonly="true" />
		<attribute name="NonPersistentQos" type="String" />
		<attribute name="Notes" type="String" />
		<attribute name="RemoteJNDIName" type="String" />
		<attribute name="TimeToLiveDefault" type="Long" />
		<attribute name="UnitOfOrderRouting" type="String" />
		<attribute name="UseSAFTimeToLiveDefault" type="Boolean" />
		<relatedBean name="MessageLoggingParams" containedBean="MessageLoggingParams" />
		<relatedBean name="SAFErrorHandling" referencedBean="SAFErrorHandling" />
	</jmxbean>
	<jmxbean name="SecurityParams"
		path="/JMSSystemResource:JMSSystemResources[$Module]/JMS:JMSResource/SecurityParams:SecurityParams[$SecurityParams]">
		<attribute name="AttachJMSXUserId" type="Boolean"  />
	</jmxbean>
	<jmxbean name="SubDeployment"
		path="/JMSSystemResource:JMSSystemResources[$Module]/SubDeployment:SubDeployments[$SubDeployment]">
		<attribute name="Name" type="String" />
		<attribute name="Notes" type="String" />
		<relatedBean name="Targets" referencedBean="Target[]" />
	</jmxbean>
	<jmxbean name="Target" 
		path="/Target:Targets[$Target]">
		<attribute name="CatchingDisabled" type="Boolean" />
		<attribute name="Name" type="String" />
		<attribute name="Notes" type="String" />
		<attribute name="Type" type="String" />
	</jmxbean>
	<jmxbean name="Template"
		path="/JMSSystemResource:JMSSystemResources[$Module]/JMS:JMSResource/Template:Templates[$Template]">
		<attribute name="AttachSender" type="String" />
		<attribute name="ConsumptionPausedAtStartup" type="Boolean" />
		<attribute name="DefaultUnitOfOrder" type="Boolean" />
		<attribute name="DestinationKeys" type="String[]" />
		<attribute name="IncompleteWorkExpirationTime" type="Integer" />
		<attribute name="InsertionPausedAtStartup" type="Boolean" />
		<attribute name="MaximumMessageSize" type="Integer" />
		<attribute name="MessagingPerformancePreference" type="Integer" />
		<attribute name="Name" type="String" />
		<attribute name="Notes" type="String" />
		<attribute name="ProductionPausedAtStartup" type="Boolean" />
		<attribute name="SafExportPolicy" type="String" />
		<attribute name="UnitOfWorkHandlingPolicy" type="String" />
		<relatedBean name="DeliveryFailureParams" containedBean="DeliveryFailureParams" />
		<relatedBean name="DeliveryParamsOverrides" containedBean="DeliveryParamsOverrides" />
		<relatedBean name="GroupParams" containedBean="GroupParams[]" factory="createGroupParams" />
		<relatedBean name="MessageLoggingParams" containedBean="MessageLoggingParams" />
		<relatedBean name="Multicast" containedBean="MulticastParams" />
		<relatedBean name="Quota" referencedBean="Quota" />
		<relatedBean name="Thresholds" containedBean="ThresholdParams" />		
	</jmxbean>
	<jmxbean name="ThresholdParams"
		path="/JMSSystemResource:JMSSystemResources[$Module]/JMS:JMSResource/ThresholdParams:ThresholdParams[$ThresholdParams]">
		<attribute name="BytesHigh" type="Long" />
		<attribute name="BytesLow" type="Long" />
		<attribute name="MessagesHigh" type="Long" />
		<attribute name="MessagesLow" type="Long" />
		<relatedBean name="Template" referencedBean="Template" />
	</jmxbean>
	<jmxbean name="Topic"
		path="/JMSSystemResource:JMSSystemResources[$Module]/JMS:JMSResource/Topic:Topics[$Topic]">
		<attribute name="AttachSender" type="String" />
		<attribute name="ConsumptionPausedAtStartup" type="Boolean" />
		<attribute name="DefaultTargetingEnabled" type="Boolean" />
		<attribute name="DefaultUnitOfOrder" type="Boolean" />
		<attribute name="DestinationKeys" type="String[]" />
		<attribute name="IncompleteWorkExpirationTime" type="Integer" />
		<attribute name="InsertionPausedAtStartup" type="Boolean" />
		<attribute name="JMSCreateDestinationIdentifier" type="String" />
		<attribute name="JNDIName" type="String" />
		<attribute name="LocalJNDIName" type="String" />
		<attribute name="MaximumMessageSize" type="Integer" />
		<attribute name="MessagingPerformancePreference" type="Integer" />
		<attribute name="Name" type="String" readonly="true" />
		<attribute name="Notes" type="String" />
		<attribute name="ProductionPausedAtStartup" type="Boolean" />
		<attribute name="SAFExportPolicy" type="String" />
		<attribute name="SubDeploymentName" type="String" validatedBy="SubDeployment" />
		<attribute name="UnitOfWorkHandlingPolicy" type="String" />
		<relatedBean name="DeliveryFailureParams" containedBean="DeliveryFailureParams" />
		<relatedBean name="DeliveryParamsOverrides" containedBean="DeliveryParamsOverrides" />
		<relatedBean name="MessageLoggingParams" containedBean="MessageLoggingParams" />
		<relatedBean name="Multicast" containedBean="MulticastParams" />
		<relatedBean name="Quota" referencedBean="Quota" />
		<relatedBean name="Template" referencedBean="Template" />
		<relatedBean name="Thresholds" containedBean="ThresholdParams" />
	</jmxbean>
	<jmxbean name="TransactionParams"
		path="/JMSSystemResource:JMSSystemResources[$Module]/JMS:JMSResource/TransactionParams:TransactionParams[$TransactionParams]">
		<attribute name="DefaultTargetingEnabled" type="Boolean" />
		<attribute name="JNDIName" type="String" />
		<attribute name="LocalJNDIName" type="String" />
		<attribute name="Name" type="String" readonly="true" />
		<attribute name="Notes" type="String" />
		<attribute name="SubDeploymentName" type="String" validatedBy="SubDeployment" />
	</jmxbean>
	<jmxbean name="UniformDistributedQueue"
		path="/JMSSystemResource:JMSSystemResources[$Module]/JMS:JMSResource/UniformDistributedQueue:UniformDistributedQueues[$UniformDistributedQueue]">
		<attribute name="AttachSender" type="String" />
		<attribute name="ConsumptionPausedAtStartup" type="Boolean" />
		<attribute name="DefaultTargetingEnabled" type="Boolean" />
		<attribute name="DefaultUnitOfOrder" type="Boolean" />
		<attribute name="DestinationKeys" type="String[]" />
		<attribute name="ForwardDelay" type="Integer" />
		<attribute name="IncompleteWorkExpirationTime" type="Integer" />
		<attribute name="InsertionPausedAtStartup" type="Boolean" />
		<attribute name="JMSCreateDestinationIdentifier" type="String" />
		<attribute name="JNDIName" type="String" />
		<attribute name="LoadBalancingPolicy" type="String" />
		<attribute name="LocalJNDIName" type="String" />
		<attribute name="MaximumMessageSize" type="Integer" />
		<attribute name="MessagingPerformancePreference" type="Integer" />
		<attribute name="Name" type="String" readonly="true" />
		<attribute name="Notes" type="String" />
		<attribute name="ProductionPausedAtStartup" type="Boolean" />
		<attribute name="ResetDeliveryCountOnForward" type="Boolean" />
		<attribute name="SAFExportPolicy" type="String" />
		<attribute name="SubDeploymentName" type="String" />
		<attribute name="UnitOfOrderRouting" type="String" />
		<attribute name="UnitOfWorkHandlingPolicy" type="String" />
		<relatedBean name="DeliveryFailureParams" containedBean="DeliveryFailureParams" />
		<relatedBean name="DeliveryParamsOverrides" containedBean="DeliveryParamsOverrides" />
		<relatedBean name="MessageLoggingParams" containedBean="MessageLoggingParams" />
		<relatedBean name="Quota" referencedBean="Quota" />
		<relatedBean name="Template" referencedBean="Template" />
		<relatedBean name="Thresholds" containedBean="ThresholdParams" />
	</jmxbean>
	<jmxbean name="UniformDistributedTopic"
		path="/JMSSystemResource:JMSSystemResources[$Module]/JMS:JMSResource/UniformDistributedTopic:UniformDistributedTopics[$UniformDistributedTopic]">
		<attribute name="AttachSender" type="String" />
		<attribute name="ConsumptionPausedAtStartup" type="Boolean" />
		<attribute name="DefaultTargetingEnabled" type="Boolean" />
		<attribute name="DefaultUnitOfOrder" type="Boolean" />
		<attribute name="DestinationKeys" type="String[]" />
		<attribute name="IncompleteWorkExpirationTime" type="Integer" />
		<attribute name="InsertionPausedAtStartup" type="Boolean" />
		<attribute name="JMSCreateDestinationIdentifier" type="String" />
		<attribute name="JNDIName" type="String" />
		<attribute name="LoadBalancingPolicy" type="String" />
		<attribute name="LocalJNDIName" type="String" />
		<attribute name="MaximumMessageSize" type="Integer" />
		<attribute name="MessagingPerformancePreference" type="Integer" />
		<attribute name="Name" type="String" readonly="true" />
		<attribute name="Notes" type="String" />
		<attribute name="ProductionPausedAtStartup" type="Boolean" />
		<attribute name="SAFExportPolicy" type="String" />
		<attribute name="SubDeploymentName" type="String" />
		<attribute name="UnitOfOrderRouting" type="String" />
		<attribute name="UnitOfWorkHandlingPolicy" type="String" />
		<relatedBean name="DeliveryFailureParams" containedBean="DeliveryFailureParams" />
		<relatedBean name="DeliveryParamsOverrides" containedBean="DeliveryParamsOverrides" />
		<relatedBean name="MessageLoggingParams" containedBean="MessageLoggingParams" />
		<relatedBean name="Multicast" containedBean="MulticastParams" />
		<relatedBean name="Quota" referencedBean="Quota" />
		<relatedBean name="Template" referencedBean="Template" />
		<relatedBean name="Thresholds" containedBean="ThresholdParams" />
	</jmxbean>
	<jmxbean name="Realm" 
		path="/SecurityConfiguration:SecurityConfiguration/Realm:Realms[$Realm]">
		<attribute name="Name" type="String" />
		<attribute name="CombinedRoleMappingEnabled" type="Boolean" />
		<attribute name=" MaxWebLogicPrincipalsInCache" type="Integer" />
		<attribute name=" AdjudicatorTypes" type="String[]" readonly="yes" />
		<relatedBean name="AuthenticationProviders" type="ObjectName[]" referencedBean="AuthenticationProvider"/>
	</jmxbean>
	<jmxbean name="RoleMapper"
		path="/SecurityConfiguration:SecurityConfiguration/Realm:Realms[$Realm]/RoleMapper:RoleMappers[$RoleMapper]">
		<attribute name="Name" type="String" readonly="true" />
		<attribute name="Description" type="String" readonly="true" />
		<attribute name="Version" type="String" readonly="true" />
		<creationParam name="RoleMapperName" type="String"/>
		<subType name="DefaultRoleMapper" creationName="weblogic.security.providers.authorization.DefaultRoleMapper" interface="weblogic.security.providers.authorization.DefaultRoleMapperMBean"/>
		<subType name="XACMLRoleMapper" creationName="weblogic.security.providers.xacml.authorization.XACMLRoleMapper" interface="weblogic.security.providers.xacml.authorization.XACMLRoleMapperMBean"/>
	</jmxbean>
	<jmxbean name="DefaultRoleMapper"
		path="/SecurityConfiguration:SecurityConfiguration/Realm:Realms[$Realm]/RoleMapper:RoleMappers[$RoleMapper]">
		<attribute name="Description" type="String" readonly="true" />
		<attribute name="Name" type="String" readonly="true" />
		<attribute name="ProviderClassName" type="String" readonly="true" />
		<attribute name="RoleDeploymentEnabled" type="Boolean" />
		<attribute name="SupportedExportConstraints" type="String" readonly="true" />
		<attribute name="SupportedExportFormats" type="String" readonly="true" />
		<attribute name="SupportedImportConstraints" type="String[]" readonly="true" />
		<attribute name="SupportedImportFormats" type="String[]" readonly="true" />
		<attribute name="Version" type="String" readonly="true" />
		<relatedBean name="Realm" referencedBean="Realm" />
		</jmxbean>
	</jmxbean>
	<jmxbean name="XACMLRoleMapper"
		path="/SecurityConfiguration:SecurityConfiguration/Realm:Realms[$Realm]/RoleMapper:RoleMappers[$RoleMapper]">
		<attribute name="Description" type="String" readonly="true" />
		<attribute name="Name" type="String" readonly="true" />
		<attribute name="ProviderClassName" type="String" readonly="true" />
		<attribute name="RoleDeploymentEnabled" type="Boolean" />
		<attribute name="SupportedExportConstraints" type="String" readonly="true" />
		<attribute name="SupportedExportFormats" type="String" readonly="true" />
		<attribute name="SupportedImportConstraints" type="String[]" readonly="true" />
		<attribute name="SupportedImportFormats" type="String[]" readonly="true" />
		<attribute name="Version" type="String" readonly="true" />
		<relatedBean name="Realm" referencedBean="Realm" />
		</jmxbean>
	</jmxbean>
	<jmxbean name="AuthenticationProvider" 
		path="/SecurityConfiguration:SecurityConfiguration/Realm:Realms[$Realm]/AuthenticationProvider:AuthenticationProviders[$AuthenticationProvider]">
		<attribute name="Name" type="String" />
		<attribute name="Description" type="String" />
		<creationParam name="AuthenticationProviderName" type="String"/> 
		<subType name="DefaultAuthenticator" creationName="weblogic.security.providers.authentication.DefaultAuthenticator" interface="weblogic.security.providers.authentication.DefaultAuthenticatorMBean"/>
		<subType name="SQLAuthenticator" creationName="weblogic.security.providers.authentication.SQLAuthenticator" interface="weblogic.security.providers.authentication.SQLAuthenticatorMBean"/>
		<subType name="ActiveDirectoryAuthenticator" creationName="weblogic.security.providers.authentication.ActiveDirectoryAuthenticator" interface="weblogic.security.providers.authentication.ActiveDirectoryAuthenticatorMBean"/>
		<subType name="LDAPAuthenticator" creationName="weblogic.security.providers.authentication.LDAPAuthenticator" interface="weblogic.security.providers.authentication.LDAPAuthenticatorMBean"/>
	</jmxbean>
	<jmxbean name="DefaultAuthenticator" 
		path="/SecurityConfiguration:SecurityConfiguration/Realm:Realms[$Realm]/AuthenticationProvider:AuthenticationProviders[$AuthenticationProvider]">
		<attribute name="ControlFlag" type="String" />
		<attribute name="Description" type="String" readonly="true" />
		<attribute name="EnableGroupMembershipLookupHierarchyCaching" type="Boolean" />
		<attribute name="GroupHierarchyCacheTTL" type="Integer" />
		<attribute name="GroupMembershipSearching" type="String" />
		<attribute name="KeepAliveEnabled" type="Boolean" />
		<attribute name="MaxGroupHierarchiesInCache" type="Integer" />
		<attribute name="MaxGroupMembershipSearchLevel" type="Integer" />
		<attribute name="MinimumPasswordLength" type="Integer" />
		<attribute name="Name" type="String" readonly="true" />
		<attribute name="PasswordDigestEnabled" type="Boolean" />
		<attribute name="PropagateCauseForLoginException" type="Boolean" />
		<attribute name="ProviderClassName" type="String" readonly="true" />
		<attribute name="SupportedExportConstraints" type="String" readonly="true" />
		<attribute name="SupportedExportFormats" type="String" readonly="true" />
		<attribute name="SupportedImportConstraints" type="String" readonly="true" />
		<attribute name="SupportedImportFormats" type="String" readonly="true" />
		<attribute name="UseRetrievedUserNameAsPrincipal" type="Boolean" />
		<attribute name="Version" type="String" readonly="true" />
		<relatedBean name="Realm" referencedBean="Realm" />
	</jmxbean>
	<jmxbean name="SQLAuthenticator" 
		path="/SecurityConfiguration:SecurityConfiguration/Realm:Realms[$Realm]/AuthenticationProvider:AuthenticationProviders[$AuthenticationProvider]">
		<attribute name="ControlFlag" type="String" />
		<attribute name="DataSourceName" type="String" />
		<attribute name="Description" type="String" readonly="true" />
		<attribute name="DescriptionSupported" type="Boolean" />
		<attribute name="EnableGroupMembershipLookupHierarchyCaching" type="Boolean" />
		<attribute name="GroupHierarchyCacheTTL" type="Integer" />
		<attribute name="GroupMembershipSearching" type="String" />
		<attribute name="MaxGroupHierarchiesInCache" type="Integer" />
		<attribute name="MaxGroupMembershipSearchLevel" type="Integer" />
		<attribute name="Name" type="String" readonly="true" />
		<attribute name="PasswordAlgorithm" type="String" />
		<attribute name="PasswordStyle" type="String" />
		<attribute name="PasswordStyleRetained" type="Boolean" />
		<attribute name="PlaintextPasswordsEnabled" type="Boolean" />
		<attribute name="ProviderClassName" type="String" readonly="true" />
		<attribute name="SQLAddMemberToGroup" type="String" />
		<attribute name="SQLCreateGroup" type="String" />
		<attribute name="SQLCreateUser" type="String" />
		<attribute name="SQLGetGroupDescription" type="String" />
		<attribute name="SQLGetUserDescription" type="String" />
		<attribute name="SQLGetUsersPassword" type="String" />
		<attribute name="SQLGroupExists" type="String" />
		<attribute name="SQLIsMember" type="String" />
		<attribute name="SQLListGroupMembers" type="String" />
		<attribute name="SQLListGroups" type="String" />
		<attribute name="SQLListMemberGroups" type="String" />
		<attribute name="SQLListUsers" type="String" />
		<attribute name="SQLRemoveGroup" type="String" />
		<attribute name="SQLRemoveGroupMember" type="String" />
		<attribute name="SQLRemoveGroupMemberships" type="String" />
		<attribute name="SQLRemoveMemberFromGroup" type="String" />
		<attribute name="SQLRemoveUser" type="String" />
		<attribute name="SQLSetGroupDescription" type="String" />
		<attribute name="SQLSetUserDescription" type="String" />
		<attribute name="SQLSetUserPassword" type="String" />
		<attribute name="SQLUserExists" type="String" />
		<attribute name="Version" type="String" readonly="true" />
		<relatedBean name="Realm" referencedBean="Realm" />
	</jmxbean>
	<jmxbean name="ActiveDirectoryAuthenticator" 
		path="/SecurityConfiguration:SecurityConfiguration/Realm:Realms[$Realm]/AuthenticationProvider:AuthenticationProviders[$AuthenticationProvider]">
		<attribute name="AllGroupsFilter" type="String" />
		<attribute name="AllUsersFilter" type="String" />
		<attribute name="BindAnonymouslyOnReferrals" type="Boolean" />
		<attribute name="CacheEnabled" type="Boolean" />
		<attribute name="CacheSize" type="Integer" />
		<attribute name="CacheTTL" type="Integer" />
		<attribute name="ConnectionRetryLimit" type="Integer" />
		<attribute name="ConnectTimeout" type="Integer" />
		<attribute name="ControlFlag" type="String" />
		<attribute name="Credential" type="String" />
		<attribute name="CredentialEncrypted" type="Byte[]" />
		<attribute name="Description" type="String" readonly="true" />
		<attribute name="DynamicGroupNameAttribute" type="String" />
		<attribute name="DynamicGroupObjectClass" type="String" />
		<attribute name="DynamicMemberURLAttribute" type="String" />
		<attribute name="EnableGroupMembershipLookupHierarchyCaching" type="Boolean" />
		<attribute name="EnableSIDtoGroupLookupCaching" type="Boolean" />
		<attribute name="FollowReferrals" type="Boolean" />
		<attribute name="GroupBaseDN" type="String" />
		<attribute name="GroupFromNameFilter" type="String" />
		<attribute name="GroupHierarchyCacheTTL" type="Integer" />
		<attribute name="GroupMembershipSearching" type="String" />
		<attribute name="GroupSearchScope" type="String" />
		<attribute name="Host" type="String" />
		<attribute name="IgnoreDuplicateMembership" type="Boolean" />
		<attribute name="KeepAliveEnabled" type="Boolean" />
		<attribute name="MaxGroupHierarchiesInCache" type="Integer" />
		<attribute name="MaxGroupMembershipSearchLevel" type="Integer" />
		<attribute name="MaxSIDToGroupLookupsInCache" type="Integer" />
		<attribute name="Name" type="String" readonly="true" />
		<attribute name="ParallelConnectDelay" type="Integer" />
		<attribute name="Port" type="Integer" />
		<attribute name="Principal" type="String" />
		<attribute name="PropagateCauseForLoginException" type="Boolean" />
		<attribute name="ProviderClassName" type="String" readonly="true" />
		<attribute name="ResultsTimeLimit" type="Integer" />
		<attribute name="SSLEnabled" type="Boolean" />
		<attribute name="StaticGroupDNsfromMemberDNFilter" type="String" />
		<attribute name="StaticGroupNameAttribute" type="String" />
		<attribute name="StaticGroupObjectClass" type="String" />
		<attribute name="StaticMemberDNAttribute" type="String" />
		<attribute name="UserBaseDN" type="String" />
		<attribute name="UserDynamicGroupDNAttribute" type="String" />
		<attribute name="UseRetrievedUserNameAsPrincipal" type="Boolean" />
		<attribute name="UserFromNameFilter" type="String" />
		<attribute name="UserNameAttribute" type="String" />
		<attribute name="UserObjectClass" type="String" />
		<attribute name="UserSearchScope" type="String" />
		<attribute name="UseTokenGroupsForGroupMembershipLookup" type="Boolean" />
		<attribute name="Version" type="String" readonly="true" />
		<relatedBean name="Realm" referencedBean="Realm" />
	</jmxbean>
	<jmxbean name="LDAPAuthenticator" 
		path="/SecurityConfiguration:SecurityConfiguration/Realm:Realms[$Realm]/AuthenticationProvider:AuthenticationProviders[$AuthenticationProvider]">
		<attribute name="AllGroupsFilter" type="String" />
		<attribute name="AllUsersFilter" type="String" />
		<attribute name="BindAnonymouslyOnReferrals" type="Boolean" />
		<attribute name="CacheEnabled" type="Boolean" />
		<attribute name="CacheSize" type="Integer" />
		<attribute name="CacheTTL" type="Integer" />
		<attribute name="ConnectionRetryLimit" type="Integer" />
		<attribute name="ConnectTimeout" type="Integer" />
		<attribute name="ControlFlag" type="String" />
		<attribute name="Credential" type="String" />
		<attribute name="CredentialEncrypted" type="Byte[]" />
		<attribute name="Description" type="String" readonly="true" />
		<attribute name="DynamicGroupNameAttribute" type="String" />
		<attribute name="DynamicGroupObjectClass" type="String" />
		<attribute name="DynamicMemberURLAttribute" type="String" />
		<attribute name="EnableGroupMembershipLookupHierarchyCaching" type="Boolean" />
		<attribute name="FollowReferrals" type="Boolean" />
		<attribute name="GroupBaseDN" type="String" />
		<attribute name="GroupFromNameFilter" type="String" />
		<attribute name="GroupHierarchyCacheTTL" type="Integer" />
		<attribute name="GroupMembershipSearching" type="String" />
		<attribute name="GroupSearchScope" type="String" />
		<attribute name="Host" type="String" />
		<attribute name="IgnoreDuplicateMembership" type="Boolean" />
		<attribute name="KeepAliveEnabled" type="Boolean" />
		<attribute name="MaxGroupHierarchiesInCache" type="Integer" />
		<attribute name="MaxGroupMembershipSearchLevel" type="Integer" />
		<attribute name="Name" type="String" readonly="true" />
		<attribute name="ParallelConnectDelay" type="Integer" />
		<attribute name="Port" type="Integer" />
		<attribute name="Principal" type="String" />
		<attribute name="PropagateCauseForLoginException" type="Boolean" />
		<attribute name="ProviderClassName" type="String" readonly="true" />
		<attribute name="ResultsTimeLimit" type="Integer" />
		<attribute name="SSLEnabled" type="Boolean" />
		<attribute name="StaticGroupDNsfromMemberDNFilter" type="String" />
		<attribute name="StaticGroupNameAttribute" type="String" />
		<attribute name="StaticGroupObjectClass" type="String" />
		<attribute name="StaticMemberDNAttribute" type="String" />
		<attribute name="UserBaseDN" type="String" />
		<attribute name="UserDynamicGroupDNAttribute" type="String" />
		<attribute name="UseRetrievedUserNameAsPrincipal" type="Boolean" />
		<attribute name="UserFromNameFilter" type="String" />
		<attribute name="UserNameAttribute" type="String" />
		<attribute name="UserObjectClass" type="String" />
		<attribute name="UserSearchScope" type="String" />
		<attribute name="Version" type="String" readonly="true" />
		<relatedBean name="Realm" referencedBean="Realm" />
	</jmxbean>
	<jmxbean name="WorkManager" 
		path="/SelfTuning:SelfTuning/WorkManager:WorkManagers[$WorkManager]">
		<attribute name="CatchingDisabled" type="Boolean" readonly="true" />
		<attribute name="DeploymentOrder" type="Integer" />
		<attribute name="LogicalName" type="String" />
		<attribute name="IgnoreStuckThreads" type="Boolean" />
		<attribute name="Name" type="String" />
		<attribute name="Notes" type="String" />
		<attribute name="Type" type="String" readonly="true" />
		<relatedBean name="Capacity" referencedBean="Capacity" />
		<relatedBean name="ContextRequestClass" referencedBean="ContextRequestClass" />
		<relatedBean name="FairShareRequestClass" referencedBean="FairShareRequestClass" />
		<relatedBean name="MaxThreadsConstraint" referencedBean="MaxThreadsConstraint" />
		<relatedBean name="MinThreadsConstraint" referencedBean="MinThreadsConstraint" />
 		<relatedBean name="ResponseTimeRequestClass" referencedBean="ResponseTimeRequestClass" />
		<relatedBean name="Targets" referencedBean="Target[]" />
		<relatedBean name="WorkManagerShutdownTrigger" referencedBean="WorkManagerShutdownTrigger" />
	</jmxbean>
	<jmxbean name="SelfTuning" 
		path="/">
		<attribute name="CatchingDisabled" type="Boolean" readonly="true" />
		<attribute name="Name" type="String" />
		<attribute name="Notes" type="String" />
		<attribute name="Type" type="String" readonly="true" />
		<relatedBean name="Capacities" containedBean="Capacity[]" factory="createCapacity" />
		<relatedBean name="ContextRequestClasses" containedBean="ContextRequestClass[]" factory="createContextRequestClass"  />
		<relatedBean name="FairShareRequestClasses" containedBean="FairShareRequestClass[]" factory="createFairShareRequestClass" />
		<relatedBean name="MaxThreadsConstraints" containedBean="MaxThreadsConstraint[]" factory="createMaxThreadsConstraint" />
		<relatedBean name="MinThreadsConstraints" containedBean="MinThreadsConstraint[]" factory="createMinThreadsConstraint" />
 		<relatedBean name="ResponseTimeRequestClasses" containedBean="ResponseTimeRequestClass[]" factory="createResponseTimeRequestClass" />
		<relatedBean name="WorkManagers" containedBean="WorkManager[]" factory="createWorkManager" />
	</jmxbean>
	<jmxbean name="Capacity"
		path="/SelfTuning:SelfTuning/Capacity:Capacities[$Capacity]">
		<attribute name="CatchingDisabled" type="Boolean" readonly="true" />
		<attribute name="Count" type="Integer" />
		<attribute name="DeploymentOrder" type="Integer" />
		<attribute name="Name" type="String" />
		<attribute name="Notes" type="String" />
		<attribute name="Type" type="String" readonly="true" />
		<relatedBean name="Targets" referencedBean="Target[]" />
	</jmxbean>
	<jmxbean name="ContextRequestClass"
		path="/SelfTuning:SelfTuning/ContextRequestClass:ContextRequestClasses[$ContextRequestClass]">
		<attribute name="CatchingDisabled" type="Boolean" readonly="true" />
		<attribute name="DeploymentOrder" type="Integer" />
		<attribute name="Name" type="String" />
		<attribute name="Notes" type="String" />
		<attribute name="Type" type="String" readonly="true" />
		<relatedBean name="ContextCases" containedBean="ContextCase[]" factory="createContextCase" />
		<relatedBean name="Targets" referencedBean="Target[]" />
	</jmxbean>
	<jmxbean name="ContextCase"
		path="/SelfTuning:SelfTuning/ContextCase:ContextCases[$ContextCase]">
		<attribute name="CatchingDisabled" type="Boolean" readonly="true" />
		<attribute name="DeploymentOrder" type="Integer" />
		<attribute name="GroupName" type="String" />
		<attribute name="Name" type="String" />
		<attribute name="Notes" type="String" />
		<attribute name="RequestClassName" type="String" />
		<attribute name="Type" type="String" readonly="true" />
		<attribute name="UserName" type="String" />
		<relatedBean name="Targets" referencedBean="Target[]" />
	</jmxbean>
	<jmxbean name="FairShareRequestClass"
		path="/SelfTuning:SelfTuning/FairShareRequestClass:FairShareRequestClasses[$FairShareRequestClass]">
		<attribute name="CatchingDisabled" type="Boolean" readonly="true" />
		<attribute name="DeploymentOrder" type="Integer" />
		<attribute name="FairShare" type="Integer" />
		<attribute name="Name" type="String" />
		<attribute name="Notes" type="String" />
		<attribute name="Type" type="String" readonly="true" />
		<relatedBean name="Targets" referencedBean="Target[]" />
	</jmxbean>
	<jmxbean name="MaxThreadsConstraint"
		path="/SelfTuning:SelfTuning/MaxThreadsConstraint:MaxThreadsConstraints[$MaxThreadsConstraint]">
		<attribute name="CatchingDisabled" type="Boolean" readonly="true" />
		<attribute name="ConnectionPoolName" type="String" />
		<attribute name="Count" type="Integer" />
		<attribute name="DeploymentOrder" type="Integer" />
		<attribute name="Name" type="String" />
		<attribute name="Notes" type="String" />
		<attribute name="Type" type="String" readonly="true" />
		<relatedBean name="Targets" referencedBean="Target[]" />
	</jmxbean>
	<jmxbean name="MinThreadsConstraint"
		path="/SelfTuning:SelfTuning/MinThreadsConstraint:MinThreadsConstraints[$MinThreadsConstraint]">
		<attribute name="CatchingDisabled" type="Boolean" readonly="true" />
		<attribute name="Count" type="Integer" />
		<attribute name="DeploymentOrder" type="Integer" />
		<attribute name="Name" type="String" />
		<attribute name="Notes" type="String" />
		<attribute name="Type" type="String" readonly="true" />
		<relatedBean name="Targets" referencedBean="Target[]" />
	</jmxbean>
	<jmxbean name="ResponseTimeRequestClass"
		path="/SelfTuning:SelfTuning/ResponseTimeRequestClass:ResponseTimeRequestClasses[$ResponseTimeRequestClass]">
		<attribute name="CatchingDisabled" type="Boolean" readonly="true" />
		<attribute name="DeploymentOrder" type="Integer" />
		<attribute name="GoalMs" type="Integer" />
		<attribute name="Name" type="String" />
		<attribute name="Notes" type="String" />
		<attribute name="Type" type="String" readonly="true" />
		<relatedBean name="Targets" referencedBean="Target[]" />
	</jmxbean>
	<jmxbean name="WorkManagerShutdownTrigger"
		path="/SelfTuning:SelfTuning/WorkManagerShutdownTrigger:WorkManagerShutdownTriggers[$WorkManagerShutdownTrigger]">
		<attribute name="CatchingDisabled" type="Boolean" readonly="true" />
		<attribute name="MaxStuckThreadTime" type="Integer" />
		<attribute name="Name" type="String" />
		<attribute name="Notes" type="String" />
		<attribute name="StuckThreadCount" type="Integer" />
		<attribute name="Type" type="String" readonly="true" />
	</jmxbean>
</jmxMetadata>