{
    "name": "docker tag push ics",
    "description": "Login and Pull from the docker registry to the agent.  Tag the image, login to bluemix and push to ICS",
    "rootActivity": {
        "edges": [
            {
                "to": "Docker Tag Image",
                "from": "Docker Pull Image",
                "type": "SUCCESS",
                "value": ""
            },
            {
                "to": "4124f6243ffb4c1f4b8d96384322d0",
                "from": "Docker Push Image",
                "type": "SUCCESS",
                "value": ""
            },
            {
                "to": "Docker Pull Image",
                "type": "ALWAYS",
                "value": ""
            },
            {
                "to": "Ics Login",
                "from": "Docker Tag Image",
                "type": "SUCCESS",
                "value": ""
            },
            {
                "to": "Docker Push Image",
                "from": "Ics Login",
                "type": "SUCCESS",
                "value": ""
            }
        ],
        "offsets": [
            {
                "name": "4124f6243ffb4c1f4b8d96384322d0",
                "x": 0,
                "y": 500,
                "h": 60,
                "w": 80
            },
            {
                "name": "Docker Push Image",
                "x": -65,
                "y": 400,
                "h": 60,
                "w": 210
            },
            {
                "name": "Ics Login",
                "x": -40,
                "y": 300,
                "h": 60,
                "w": 160
            },
            {
                "name": "Docker Tag Image",
                "x": -65,
                "y": 200,
                "h": 60,
                "w": 210
            },
            {
                "name": "Docker Pull Image",
                "x": -65,
                "y": 100,
                "h": 60,
                "w": 210
            }
        ],
        "type": "graph",
        "name": "72ee9e04-dc4b-4697-9bd7-bfcfbd066316",
        "children": [
            {
                "type": "finish",
                "name": "4124f6243ffb4c1f4b8d96384322d0",
                "children": []
            },
            {
                "allowFailure": false,
                "useImpersonation": false,
                "showHidden": false,
                "impersonationUseSudo": false,
                "commandName": "Docker Pull Image",
                "pluginName": "Docker And Ics",
                "pluginVersion": 1,
                "properties": {
                    "dockerRegistryName": "${p:gpDockerRegistryName}",
                    "dockerImageName": "${p:gpDockerImageName}",
                    "dockerImageTag": "${p:gpDockerImageTag}"
                },
                "type": "plugin",
                "name": "Docker Pull Image",
                "children": []
            },
            {
                "allowFailure": false,
                "useImpersonation": false,
                "showHidden": false,
                "impersonationUseSudo": false,
                "commandName": "Ics Login",
                "pluginName": "Docker And Ics",
                "pluginVersion": 1,
                "properties": {
                    "icsUsername": "${p:gpIcsRegistryUsername}",
                    "icsPassword": "${p:gpIcsRegistryPassword}",
                    "icsOrganization": "${p:gpIcsOrganization}",
                    "icsSpace": "${p:gpIcsSpace}",
                    "icsHost": "",
                    "icsRegistry": "",
                    "icsApi": ""
                },
                "type": "plugin",
                "name": "Ics Login",
                "children": []
            },
            {
                "allowFailure": false,
                "useImpersonation": false,
                "showHidden": false,
                "impersonationUseSudo": false,
                "commandName": "Docker Push Image",
                "pluginName": "Docker And Ics",
                "pluginVersion": 1,
                "properties": {
                    "dockerRegistryName": "${p:gpIcsRegistryName}",
                    "dockerImageName": "${p:gpIcsImageName}",
                    "dockerImageTag": "${p:gpDockerImageTag}"
                },
                "type": "plugin",
                "name": "Docker Push Image",
                "children": []
            },
            {
                "allowFailure": false,
                "useImpersonation": false,
                "showHidden": false,
                "impersonationUseSudo": false,
                "commandName": "Docker Tag Image",
                "pluginName": "Docker And Ics",
                "pluginVersion": 1,
                "properties": {
                    "dockerOptions": "-f",
                    "sourceDockerRegistryName": "${p:gpDockerRegistryName}",
                    "sourceDockerImageName": "${p:gpDockerImageName}",
                    "sourceDockerImageTag": "${p:gpDockerImageTag}",
                    "destinationDockerRegistryName": "${p:gpIcsRegistryName}",
                    "destinationDockerImageName": "${p:gpIcsImageName}",
                    "destinationDockerImageTag": "${p:gpDockerImageTag}"
                },
                "type": "plugin",
                "name": "Docker Tag Image",
                "children": []
            }
        ]
    },
    "properties": [
        {
            "name": "contextType",
            "value": "Resource",
            "description": "",
            "secure": false
        },
        {
            "name": "workingDir",
            "value": "${p:resource\/work.dir}\/${p:process.name}",
            "description": "",
            "secure": false
        }
    ],
    "propDefs": [
        {
            "name": "gpDockerRegistryName",
            "label": "Docker Registry Name",
            "pattern": "",
            "type": "TEXT",
            "value": "${p:dockerRegistryName}",
            "required": false,
            "description": "Docker registry name.  Leave blank for docker hub",
            "placeholder": ""
        },
        {
            "name": "gpDockerImageName",
            "label": "Docker Image Name",
            "pattern": "",
            "type": "TEXT",
            "value": "${p:dockerImageName}",
            "required": false,
            "description": "Docker registry image name",
            "placeholder": ""
        },
        {
            "name": "gpDockerImageTag",
            "label": "Docker Image Tag",
            "pattern": "",
            "type": "TEXT",
            "value": "${p:version\/dockerImageTag}",
            "required": false,
            "description": "Docker registry image tag",
            "placeholder": ""
        },
        {
            "name": "gpIcsRegistryName",
            "label": "ICS Registry Name",
            "pattern": "",
            "type": "TEXT",
            "value": "${p:icsRegistryName}",
            "required": false,
            "description": "see ice -R",
            "placeholder": ""
        },
        {
            "name": "gpIcsImageName",
            "label": "ICS Image Name",
            "pattern": "",
            "type": "TEXT",
            "value": "${p:icsImageName}",
            "required": false,
            "description": "The ICS docker image name",
            "placeholder": ""
        },
        {
            "name": "gpIcsHostName",
            "label": "ICS Host Name",
            "pattern": "",
            "type": "TEXT",
            "value": "${p:icsHostName}",
            "required": false,
            "description": "see ice -H",
            "placeholder": ""
        },
        {
            "name": "gpIcsApiName",
            "label": "ICS API Name",
            "pattern": "",
            "type": "TEXT",
            "value": "${p:icsApiName}",
            "required": false,
            "description": "see ice -a",
            "placeholder": ""
        },
        {
            "name": "gpIcsRegistryPassword",
            "label": "ICS Registry Password",
            "pattern": "",
            "type": "TEXT",
            "value": "${p:icsRegistryPassword}",
            "required": false,
            "description": "",
            "placeholder": ""
        },
        {
            "name": "gpIcsOrganization",
            "label": "ICS Organization",
            "pattern": "",
            "type": "TEXT",
            "value": "${p:icsOrganization}",
            "required": false,
            "description": "",
            "placeholder": ""
        },
        {
            "name": "gpIcsSpace",
            "label": "ICS Space",
            "pattern": "",
            "type": "TEXT",
            "value": "${p:icsSpace}",
            "required": false,
            "description": "",
            "placeholder": ""
        },
        {
            "name": "gpIcsRegistryUsername",
            "label": "ICS Registry Username",
            "pattern": "",
            "type": "TEXT",
            "value": "${p:icsRegistryUsername}",
            "required": false,
            "description": "Bluemix user name",
            "placeholder": ""
        }
    ],
    "teamMappings": []
}