{
    "name": "ics run",
    "description": "",
    "rootActivity": {
        "edges": [
            {
                "to": "ICS Run Command",
                "from": "Shell",
                "type": "SUCCESS",
                "value": ""
            },
            {
                "to": "Shell",
                "from": "Ics Rm",
                "type": "ALWAYS",
                "value": ""
            },
            {
                "to": "Ics Rm",
                "from": "Ics Stop",
                "type": "ALWAYS",
                "value": ""
            },
            {
                "to": "Ics Stop",
                "type": "ALWAYS",
                "value": ""
            },
            {
                "to": "85ab305a190297c043871d07d82fca",
                "from": "ICS Run Command",
                "type": "SUCCESS",
                "value": ""
            }
        ],
        "offsets": [
            {
                "name": "Ics Stop",
                "x": -35,
                "y": 100,
                "h": 60,
                "w": 150
            },
            {
                "name": "Shell",
                "x": -35,
                "y": 300,
                "h": 60,
                "w": 150
            },
            {
                "name": "ICS Run Command",
                "x": -65,
                "y": 400,
                "h": 60,
                "w": 210
            },
            {
                "name": "Ics Rm",
                "x": -35,
                "y": 200,
                "h": 60,
                "w": 150
            },
            {
                "name": "85ab305a190297c043871d07d82fca",
                "x": 0,
                "y": 500,
                "h": 60,
                "w": 80
            }
        ],
        "type": "graph",
        "name": "2346bbce-a486-4bd5-bcda-4f18c23f608f",
        "children": [
            {
                "type": "finish",
                "name": "85ab305a190297c043871d07d82fca",
                "children": []
            },
            {
                "allowFailure": false,
                "useImpersonation": false,
                "showHidden": false,
                "impersonationUseSudo": false,
                "commandName": "Ics Stop",
                "pluginName": "Docker And Ics",
                "pluginVersion": 1,
                "properties": {
                    "dockerContainerName": "${p:gpDockerContainerName}",
                    "dockerCommandOptions": ""
                },
                "type": "plugin",
                "name": "Ics Stop",
                "children": []
            },
            {
                "allowFailure": false,
                "useImpersonation": false,
                "showHidden": false,
                "impersonationUseSudo": false,
                "commandName": "Ics Rm",
                "pluginName": "Docker And Ics",
                "pluginVersion": 1,
                "properties": {
                    "dockerContainerName": "${p:gpDockerContainerName}",
                    "dockerCommandOptions": ""
                },
                "type": "plugin",
                "name": "Ics Rm",
                "children": []
            },
            {
                "allowFailure": false,
                "useImpersonation": false,
                "showHidden": false,
                "impersonationUseSudo": false,
                "commandName": "Shell",
                "pluginName": "Shell",
                "pluginVersion": 5,
                "properties": {
                    "directoryOffset": ".",
                    "shellInterpreter": "",
                    "scriptBody": "sleep 3",
                    "runAsDaemon": "false",
                    "outputFile": ""
                },
                "type": "plugin",
                "name": "Shell",
                "children": []
            },
            {
                "allowFailure": false,
                "useImpersonation": false,
                "showHidden": false,
                "impersonationUseSudo": false,
                "commandName": "ICS Run Command",
                "pluginName": "Docker And Ics",
                "pluginVersion": 1,
                "properties": {
                    "dockerOptions": "${p:gpDockerRunOptions}",
                    "dockerContainerName": "${p:gpDockerContainerName}",
                    "dockerImageName": "${p:gpDockerImageName}",
                    "dockerImageTag": "${p:gpDockerImageTag}",
                    "dockerCommandAndArguments": "${p:gpDockerCommandAndArguments}"
                },
                "type": "plugin",
                "name": "ICS Run Command",
                "children": []
            }
        ]
    },
    "properties": [
        {
            "name": "contextType",
            "value": "Resource",
            "description": "",
            "secure": false
        },
        {
            "name": "workingDir",
            "value": "${p:resource\/work.dir}\/${p:process.name}",
            "description": "",
            "secure": false
        }
    ],
    "propDefs": [
        {
            "name": "gpDockerImageName",
            "label": "Docker Image Name",
            "pattern": "",
            "type": "TEXT",
            "value": "${p:dockerImageName}",
            "required": false,
            "description": "",
            "placeholder": ""
        },
        {
            "name": "gpDockerImageTag",
            "label": "Docker Image Tag",
            "pattern": "",
            "type": "TEXT",
            "value": "${p:version\/dockerImageTag}",
            "required": false,
            "description": "",
            "placeholder": ""
        },
        {
            "name": "gpDockerContainerName",
            "label": "Docker Container Name",
            "pattern": "",
            "type": "TEXT",
            "value": "${p:component.name}",
            "required": false,
            "description": "",
            "placeholder": ""
        },
        {
            "name": "gpDockerRunOptions",
            "label": "Docker Run Options",
            "pattern": "",
            "type": "TEXT",
            "value": "${p:icsRunOptions} ${p:icsEnvironmentRunOptions}",
            "required": false,
            "description": "",
            "placeholder": ""
        },
        {
            "name": "gpDockerRegistryName",
            "label": "Docker Registry Name",
            "pattern": "",
            "type": "TEXT",
            "value": "${p:icsRegistryName}",
            "required": false,
            "description": "",
            "placeholder": ""
        },
        {
            "name": "gpDockerCommandAndArguments",
            "label": "Docker Command and Arguments",
            "pattern": "",
            "type": "TEXT",
            "value": "${p:dockerCommandAndArguments}",
            "required": false,
            "description": "",
            "placeholder": ""
        }
    ],
    "teamMappings": []
}