<?xml version="1.0" encoding="UTF-8"?>
<!--
- Licensed Materials - Property of IBM* and/or HCL**
- IBM UrbanCode Deploy
- (c) Copyright IBM Corporation 2010, 2017. All Rights Reserved.
- (c) Copyright HCL Technologies Ltd. 2018. All Rights Reserved.
-
- U.S. Government Users Restricted Rights - Use, duplication or disclosure restricted by
- GSA ADP Schedule Contract with IBM Corp.
-
- * Trademark of International Business Machines
- ** Trademark of HCL Technologies Limited
-->
<plugin-upgrade
        xmlns="http://www.urbancode.com/UpgradeXMLSchema_v1"
        xmlns:xsi="http://www.w3.org/2001/XMLSchema-instance">

  <migrate to-version="3">
    <migrate-command name="Add Comments"/>
    <migrate-command name="Create Issue"/>
    <migrate-command name="Update Issue"/>
    <migrate-command name="Check Status"/>
    <migrate-command name="Publish Issue Report"/>
  </migrate>
  <migrate to-version="6">
    <migrate-command name="Add Comments"/>
    <migrate-command name="Create Issue">
        <migrate-properties>
            <migrate-property name="priorityName" />
            <migrate-property name="issueDescription" />
        </migrate-properties>
    </migrate-command>
    <migrate-command name="Update Issue">
        <migrate-properties>
            <migrate-property name="failMode"/>
            <migrate-property name="transitionName" old="actionName" default=""/>
            <migrate-property name="resolutionName" default=""/>
        </migrate-properties>
    </migrate-command>
    <migrate-command name="Check Status"/>
    <migrate-command name="Publish Issue Report"/>
  </migrate>
  <migrate to-version="7">
  </migrate>
  <migrate to-version="8">
  </migrate>
  <migrate to-version="9">
    <migrate-command name="Add Comments">
      <migrate-properties>
        <migrate-property name="proxyHost" default=""/>
        <migrate-property name="proxyPort" default=""/>
      </migrate-properties>
    </migrate-command>
    <migrate-command name="Create Issue">
      <migrate-properties>
        <migrate-property name="proxyHost" default=""/>
        <migrate-property name="proxyPort" default=""/>
        <migrate-property name="parentIssueKey" default=""/>
        <migrate-property name="priorityName"/>
        <migrate-property name="labels" default=""/>
      </migrate-properties>
    </migrate-command>
    <migrate-command name="Update Issue">
      <migrate-properties>
        <migrate-property name="proxyHost" default=""/>
        <migrate-property name="proxyPort" default=""/>
      </migrate-properties>
    </migrate-command>
    <migrate-command name="Check Status">
      <migrate-properties>
        <migrate-property name="proxyHost" default=""/>
        <migrate-property name="proxyPort" default=""/>
      </migrate-properties>
    </migrate-command>
  </migrate>
  <migrate to-version="10">
  </migrate>
    <migrate to-version="11">
    <migrate-command name="Add Comments">
      <migrate-properties>
        <migrate-property name="allowInsecure" default="false"/>
      </migrate-properties>
    </migrate-command>
    <migrate-command name="Create Issue">
      <migrate-properties>
        <migrate-property name="allowInsecure" default="false"/>
      </migrate-properties>
    </migrate-command>
    <migrate-command name="Update Issue">
      <migrate-properties>
        <migrate-property name="allowInsecure" default="false"/>
      </migrate-properties>
    </migrate-command>
    <migrate-command name="Check Status">
      <migrate-properties>
        <migrate-property name="allowInsecure" default="false"/>
      </migrate-properties>
    </migrate-command>
  </migrate>
  <migrate to-version="12">
  </migrate>
  <migrate to-version="13">
    <migrate-command name="Create Issue">
      <migrate-properties>
        <migrate-property name="components" default=""/>
        <migrate-property name="fixVersions" default=""/>
        <migrate-property name="customFields" default=""/>
      </migrate-properties>
    </migrate-command>
    <migrate-command name="Transition Issue" old="Update Issue">
      <migrate-properties>
        <migrate-property name="customFields" default=""/>
      </migrate-properties>
    </migrate-command>
  </migrate>
  <migrate to-version="14">
    <migrate-command name="Does issues exist"/>
  </migrate>
  <migrate to-version="15">
    <migrate-command name="Does issues exist">
      <migrate-properties>
        <migrate-property name="project" default=""/>
        <migrate-property name="issueType"/>      
      </migrate-properties>
    </migrate-command>    
  </migrate>
  <migrate to-version="16">
    <migrate-command name="Does issues exist">
      <migrate-properties>
        <migrate-property name="project" default=""/>
      </migrate-properties>
    </migrate-command>    
  </migrate>  
  <migrate to-version="17">
  </migrate>  
</plugin-upgrade>
