<?xml version="1.0" encoding="UTF-8"?>
<!--
- Licensed Materials - Property of IBM Corp.
- IBM UrbanCode Build
- IBM UrbanCode Deploy
- IBM UrbanCode Release
- IBM AnthillPro
- (c) Copyright IBM Corporation 2002, 2016. All Rights Reserved.
-
- U.S. Government Users Restricted Rights - Use, duplication or disclosure restricted by
- GSA ADP Schedule Contract with IBM Corp.
-->
<plugin-upgrade
        xmlns="http://www.urbancode.com/UpgradeXMLSchema_v1"
        xmlns:xsi="http://www.w3.org/2001/XMLSchema-instance">
  <migrate to-version="4">

    <migrate-command name="WMB Set Broker Properties">
       <migrate-properties>
         <migrate-property name="username" default=""/>
       </migrate-properties>
    </migrate-command>

    <migrate-command name="WMB Set Execution Group Properties">
       <migrate-properties>
         <migrate-property name="username" default=""/>
       </migrate-properties>
    </migrate-command>

    <migrate-command name="WMB Set Message Flows Property">
       <migrate-properties>
         <migrate-property name="username" default=""/>
       </migrate-properties>
    </migrate-command>

    <migrate-command name="WMB Deploy">
       <migrate-properties>
         <migrate-property name="username" default=""/>
       </migrate-properties>
    </migrate-command>

    <migrate-command name="WMB Start Message Flows">
       <migrate-properties>
         <migrate-property name="username" default=""/>
       </migrate-properties>
    </migrate-command>

    <migrate-command name="WMB Stop Message Flows">
       <migrate-properties>
         <migrate-property name="username" default=""/>
       </migrate-properties>
    </migrate-command>

  </migrate>

  <migrate to-version="5">

    <migrate-command name="WMB Set Broker Properties">
       <migrate-properties>
         <migrate-property name="debugFile" default=""/>
       </migrate-properties>
    </migrate-command>

    <migrate-command name="WMB Set Execution Group Properties">
       <migrate-properties>
         <migrate-property name="debugFile" default=""/>
       </migrate-properties>
    </migrate-command>

    <migrate-command name="WMB Set Message Flows Property">
       <migrate-properties>
         <migrate-property name="debugFile" default=""/>
       </migrate-properties>
    </migrate-command>

    <migrate-command name="WMB Deploy">
       <migrate-properties>
         <migrate-property name="debugFile" default=""/>
       </migrate-properties>
    </migrate-command>

    <migrate-command name="WMB Start Message Flows">
       <migrate-properties>
         <migrate-property name="debugFile" default=""/>
       </migrate-properties>
    </migrate-command>

    <migrate-command name="WMB Stop Message Flows">
       <migrate-properties>
         <migrate-property name="debugFile" default=""/>
       </migrate-properties>
    </migrate-command>

  </migrate>

<migrate to-version="7">

    <migrate-command name="WMB Set Broker Properties">
      <migrate-properties>
        <migrate-property name="channel" default=""/>
      </migrate-properties>
    </migrate-command>

    <migrate-command name="WMB Set Execution Group Properties">
      <migrate-properties>
        <migrate-property name="channel" default=""/>
      </migrate-properties>
    </migrate-command>

    <migrate-command name="WMB Set Message Flows Property">
      <migrate-properties>
        <migrate-property name="channel" default=""/>
      </migrate-properties>
    </migrate-command>

    <migrate-command name="WMB Deploy">
      <migrate-properties>
        <migrate-property name="channel" default=""/>
      </migrate-properties>
    </migrate-command>

    <migrate-command name="WMB Start Message Flows">
      <migrate-properties>
        <migrate-property name="channel" default=""/>
      </migrate-properties>
    </migrate-command>

    <migrate-command name="WMB Stop Message Flows">
      <migrate-properties>
        <migrate-property name="channel" default=""/>
      </migrate-properties>
    </migrate-command>

    <migrate-command name="WMB Delete Flows Using RegEx">
      <migrate-properties>
        <migrate-property name="channel" default=""/>
      </migrate-properties>
    </migrate-command>

  </migrate>
<migrate to-version="8">

    <migrate-command name="WMB Set Broker Properties">
    </migrate-command>

    <migrate-command name="WMB Set Execution Group Properties">
    </migrate-command>

    <migrate-command name="WMB Set Message Flows Property">
    </migrate-command>

    <migrate-command name="WMB Deploy">
    </migrate-command>

    <migrate-command name="WMB Start Message Flows">
    </migrate-command>

    <migrate-command name="WMB Stop Message Flows">
    </migrate-command>

    <migrate-command name="WMB Delete Flows Using RegEx">
    </migrate-command>

  </migrate>
<migrate to-version="9">

    <migrate-command name="WMB Set Broker Properties">
    </migrate-command>

    <migrate-command name="WMB Set Execution Group Properties">
    </migrate-command>

    <migrate-command name="WMB Set Message Flows Property">
    </migrate-command>

    <migrate-command name="WMB Deploy">
    </migrate-command>

    <migrate-command name="WMB Start Message Flows">
    </migrate-command>

    <migrate-command name="WMB Stop Message Flows">
    </migrate-command>

    <migrate-command name="WMB Delete Flows Using RegEx">
    </migrate-command>

    <migrate-command name="Create Execution Group">
    </migrate-command>

  </migrate>
  <migrate to-version="10">
  </migrate>

  <migrate to-version="11">
    <migrate-command name="WMB Set Broker Properties">
       <migrate-properties>
         <migrate-property name="useSSL" default="false" />
         <migrate-property name="integrationNodeName" default="${p?:resource/WebSphere Message Broker/integrationNodeName}" />
         <migrate-property name="password" />
         <migrate-property name="channel" default="${p?:resource/WebSphere Message Broker/channel}"/>
         <migrate-property name="queueManager" default="${p?:resource/WebSphere Message Broker/port}"/>
         <migrate-property name="version" default="${p?:resource/WebSphere Message Broker/version}"/>
       </migrate-properties>
    </migrate-command>
    <migrate-command name="Create Execution Group">
       <migrate-properties>
         <migrate-property name="useSSL" default="false" />
         <migrate-property name="integrationNodeName" default="${p?:resource/WebSphere Message Broker/integrationNodeName}" />
         <migrate-property name="password" />
         <migrate-property name="channel" default="${p?:resource/WebSphere Message Broker/channel}"/>
         <migrate-property name="queueManager" default="${p?:resource/WebSphere Message Broker/port}"/>
         <migrate-property name="version" default="${p?:resource/WebSphere Message Broker/version}"/>
       </migrate-properties>
    </migrate-command>
    <migrate-command name="WMB Set Execution Group Properties">
       <migrate-properties>
         <migrate-property name="useSSL" default="false" />
         <migrate-property name="integrationNodeName" default="${p?:resource/WebSphere Message Broker/integrationNodeName}" />
         <migrate-property name="password" />
         <migrate-property name="channel" default="${p?:resource/WebSphere Message Broker/channel}"/>
         <migrate-property name="queueManager" default="${p?:resource/WebSphere Message Broker/port}"/>
         <migrate-property name="version" default="${p?:resource/WebSphere Message Broker/version}"/>
       </migrate-properties>
    </migrate-command>
    <migrate-command name="WMB Set Message Flows Property">
       <migrate-properties>
         <migrate-property name="useSSL" default="false" />
         <migrate-property name="integrationNodeName" default="${p?:resource/WebSphere Message Broker/integrationNodeName}" />
         <migrate-property name="password" />
         <migrate-property name="channel" default="${p?:resource/WebSphere Message Broker/channel}"/>
         <migrate-property name="queueManager" default="${p?:resource/WebSphere Message Broker/port}"/>
         <migrate-property name="version" default="${p?:resource/WebSphere Message Broker/version}"/>
       </migrate-properties>
    </migrate-command>
    <migrate-command name="WMB Delete Flows Using RegEx">
       <migrate-properties>
         <migrate-property name="useSSL" default="false" />
         <migrate-property name="integrationNodeName" default="${p?:resource/WebSphere Message Broker/integrationNodeName}" />
         <migrate-property name="password" />
         <migrate-property name="channel" default="${p?:resource/WebSphere Message Broker/channel}"/>
         <migrate-property name="queueManager" default="${p?:resource/WebSphere Message Broker/port}"/>
         <migrate-property name="version" default="${p?:resource/WebSphere Message Broker/version}"/>
       </migrate-properties>
    </migrate-command>
    <migrate-command name="Create Or Update Configurable Service">
       <migrate-properties>
         <migrate-property name="useSSL" default="false" />
         <migrate-property name="integrationNodeName" default="${p?:resource/WebSphere Message Broker/integrationNodeName}" />
         <migrate-property name="password" />
         <migrate-property name="channel" default="${p?:resource/WebSphere Message Broker/channel}"/>
         <migrate-property name="queueManager" default="${p?:resource/WebSphere Message Broker/port}"/>
         <migrate-property name="version" default="${p?:resource/WebSphere Message Broker/version}"/>
       </migrate-properties>
    </migrate-command>
    <migrate-command name="Delete Configurable Service">
       <migrate-properties>
         <migrate-property name="useSSL" default="false" />
         <migrate-property name="integrationNodeName" default="${p?:resource/WebSphere Message Broker/integrationNodeName}" />
         <migrate-property name="password" />
         <migrate-property name="channel" default="${p?:resource/WebSphere Message Broker/channel}"/>
         <migrate-property name="queueManager" default="${p?:resource/WebSphere Message Broker/port}"/>
         <migrate-property name="version" default="${p?:resource/WebSphere Message Broker/version}"/>
       </migrate-properties>
    </migrate-command>
    <migrate-command name="WMB Deploy">
       <migrate-properties>
         <migrate-property name="useSSL" default="false" />
         <migrate-property name="integrationNodeName" default="${p?:resource/WebSphere Message Broker/integrationNodeName}" />
         <migrate-property name="password" />
         <migrate-property name="channel" default="${p?:resource/WebSphere Message Broker/channel}"/>
         <migrate-property name="queueManager" default="${p?:resource/WebSphere Message Broker/port}"/>
         <migrate-property name="version" default="${p?:resource/WebSphere Message Broker/version}"/>
       </migrate-properties>
    </migrate-command>
    <migrate-command name="WMB Start Message Flows">
       <migrate-properties>
         <migrate-property name="useSSL" default="false" />
         <migrate-property name="integrationNodeName" default="${p?:resource/WebSphere Message Broker/integrationNodeName}" />
         <migrate-property name="password" />
         <migrate-property name="channel" default="${p:resource/WebSphere Message Broker/channel}"/>
         <migrate-property name="queueManager" default="${p?:resource/WebSphere Message Broker/port}"/>
         <migrate-property name="version" default="${p?:resource/WebSphere Message Broker/version}"/>
       </migrate-properties>
    </migrate-command>
    <migrate-command name="WMB Stop Message Flows">
       <migrate-properties>
         <migrate-property name="useSSL" default="false" />
         <migrate-property name="integrationNodeName" default="${p?:resource/WebSphere Message Broker/integrationNodeName}" />
         <migrate-property name="password" />
         <migrate-property name="channel" default="${p?:resource/WebSphere Message Broker/channel}"/>
         <migrate-property name="queueManager" default="${p?:resource/WebSphere Message Broker/port}"/>
         <migrate-property name="version" default="${p?:resource/WebSphere Message Broker/version}"/>
       </migrate-properties>
    </migrate-command>
        <migrate-command name="WMB Override Bar Properties">
       <migrate-properties>
         <migrate-property name="version" default="${p?:resource/WebSphere Message Broker/version}"/>
         <migrate-property name="includes"/>
         <migrate-property name="excludes"/>
         <migrate-property name="properties"/>
         <migrate-property name="jarPath"/>
         <migrate-property name="onFail" default="fastFail"/>
       </migrate-properties>
    </migrate-command>
  </migrate>
  <migrate to-version="12">
  </migrate>
  <migrate to-version="13">
  </migrate>
  <migrate to-version="14">
  </migrate>
  <migrate to-version="15">
    <migrate-command name="Set Broker Properties" old="WMB Set Broker Properties">
      <migrate-properties>
        <migrate-property name="mqsiprofile" default="${p?:resource/WebSphere Message Broker/mqsiprofile}"/>
      </migrate-properties>
    </migrate-command>
    <migrate-command name="Create Execution Group">
      <migrate-properties>
        <migrate-property name="mqsiprofile" default="${p?:resource/WebSphere Message Broker/mqsiprofile}"/>
      </migrate-properties>
    </migrate-command>
    <migrate-command name="Set Execution Group Properties" old="WMB Set Execution Group Properties">
      <migrate-properties>
        <migrate-property name="mqsiprofile" default="${p?:resource/WebSphere Message Broker/mqsiprofile}"/>
      </migrate-properties>
    </migrate-command>
    <migrate-command name="Set Message Flows Properties" old="WMB Set Message Flows Property">
      <migrate-properties>
        <migrate-property name="mqsiprofile" default="${p?:resource/WebSphere Message Broker/mqsiprofile}"/>
      </migrate-properties>
    </migrate-command>
    <migrate-command name="Delete Flows Using RegEx" old="WMB Delete Flows Using RegEx">
      <migrate-properties>
        <migrate-property name="mqsiprofile" default="${p?:resource/WebSphere Message Broker/mqsiprofile}"/>
      </migrate-properties>
    </migrate-command>
    <migrate-command name="Create Or Update Configurable Service">
      <migrate-properties>
        <migrate-property name="mqsiprofile" default="${p?:resource/WebSphere Message Broker/mqsiprofile}"/>
      </migrate-properties>
    </migrate-command>
    <migrate-command name="Delete Configurable Service">
      <migrate-properties>
        <migrate-property name="mqsiprofile" default="${p?:resource/WebSphere Message Broker/mqsiprofile}"/>
      </migrate-properties>
    </migrate-command>
    <migrate-command name="Deploy" old="WMB Deploy">
      <migrate-properties>
        <migrate-property name="mqsiprofile" default="${p?:resource/WebSphere Message Broker/mqsiprofile}"/>
      </migrate-properties>
    </migrate-command>
    <migrate-command name="Start Message Flows" old="WMB Start Message Flows">
      <migrate-properties>
        <migrate-property name="mqsiprofile" default="${p?:resource/WebSphere Message Broker/mqsiprofile}"/>
      </migrate-properties>
    </migrate-command>
    <migrate-command name="Stop Message Flows" old="WMB Stop Message Flows">
      <migrate-properties>
        <migrate-property name="mqsiprofile" default="${p?:resource/WebSphere Message Broker/mqsiprofile}"/>
      </migrate-properties>
    </migrate-command>
    <migrate-command name="Override Bar Properties" old="WMB Override Bar Properties">
    </migrate-command>
  </migrate>
  <migrate to-version="16">
  </migrate>
  <migrate to-version="17">
    <migrate-command name="Deploy">
        <migrate-properties>
            <migrate-property name="env" />
        </migrate-properties>
    </migrate-command>
  </migrate>
  <migrate to-version="18">
  </migrate>
  <migrate to-version="19">
    <migrate-command name="Set Broker Properties">
      <migrate-properties>
        <migrate-property name="timeoutCreate" default=""/>
        </migrate-properties>
      </migrate-command>
  </migrate>
  <migrate to-version="21">
    <migrate-command name="Set Broker Properties">
      <migrate-properties>
        <migrate-property name="queueManager" default="${p?:resource/WebSphere Message Broker/queueManager}"/>
      </migrate-properties>
    </migrate-command>
    <migrate-command name="Create Execution Group">
      <migrate-properties>
        <migrate-property name="queueManager" default="${p?:resource/WebSphere Message Broker/queueManager}"/>
      </migrate-properties>
    </migrate-command>
    <migrate-command name="Restart Execution Groups">
      <migrate-properties>
        <migrate-property name="queueManager" default="${p?:resource/WebSphere Message Broker/queueManager}"/>
      </migrate-properties>
    </migrate-command>
    <migrate-command name="Set Execution Group Properties">
      <migrate-properties>
        <migrate-property name="queueManager" default="${p?:resource/WebSphere Message Broker/queueManager}"/>
      </migrate-properties>
    </migrate-command>
    <migrate-command name="Set Message Flows Properties">
      <migrate-properties>
        <migrate-property name="queueManager" default="${p?:resource/WebSphere Message Broker/queueManager}"/>
      </migrate-properties>
    </migrate-command>
    <migrate-command name="Delete Flows Using RegEx">
      <migrate-properties>
        <migrate-property name="queueManager" default="${p?:resource/WebSphere Message Broker/queueManager}"/>
      </migrate-properties>
    </migrate-command>
    <migrate-command name="Create Or Update Configurable Service">
      <migrate-properties>
        <migrate-property name="queueManager" default="${p?:resource/WebSphere Message Broker/queueManager}"/>
      </migrate-properties>
    </migrate-command>
    <migrate-command name="Delete Configurable Service">
      <migrate-properties>
        <migrate-property name="queueManager" default="${p?:resource/WebSphere Message Broker/queueManager}"/>
      </migrate-properties>
    </migrate-command>
    <migrate-command name="Deploy">
      <migrate-properties>
        <migrate-property name="queueManager" default="${p?:resource/WebSphere Message Broker/queueManager}"/>
      </migrate-properties>
    </migrate-command>
    <migrate-command name="Start Message Flows">
      <migrate-properties>
        <migrate-property name="queueManager" default="${p?:resource/WebSphere Message Broker/queueManager}"/>
      </migrate-properties>
    </migrate-command>
    <migrate-command name="Stop Message Flows">
      <migrate-properties>
        <migrate-property name="queueManager" default="${p?:resource/WebSphere Message Broker/queueManager}"/>
      </migrate-properties>
    </migrate-command>
  </migrate>
  <migrate to-version='22'>
    <migrate-command name="Create Execution Group">
      <migrate-properties>
        <migrate-property name="timeout" old="timeoutCreate" default=""/>
      </migrate-properties>
    </migrate-command>
  </migrate>
  <migrate to-version='23'>
  </migrate>
</plugin-upgrade>
