<?xml version="1.0" encoding="UTF-8" standalone="no"?>
<!--
- Licensed Materials - Property of IBM* and/or HCL**
- UrbanCode Deploy
- UrbanCode Build
- UrbanCode Release
- AnthillPro
- (c) Copyright IBM Corporation 2011, 2017. All Rights Reserved.
- (c) Copyright HCL Technologies Ltd. 2018. All Rights Reserved.
-
- U.S. Government Users Restricted Rights - Use, duplication or disclosure restricted by
- GSA ADP Schedule Contract with IBM Corp.
-
- * Trademark of International Business Machines
- ** Trademark of HCL Technologies Limited
--><pluginInfo>
  <!--

  **author name IS required**

  The Author Section is used to give credit to the author of the plugin.
  Name is the only required element/attribute, but feel free to also include your email,
  website  or bio to allow users of your plugin to praise your work, ask questions
  or share their use case to help grow your plugin's functionality.
  -->

  <author name="UrbanCode">
    <organization>UrbanCode</organization>
    <email>info@urbancode.com</email>
    <website>http://urbancode.com</website>
    <bio/>
  </author>

  <!--

  **intergration type IS Required**

  The integration type section identifies where the plugin fits into the process
  excepted types are SCM, Build, Artifact, Automation, Deploy

  For example:

  The plugin pulls Artifacts from an artifact repository during deployment
  the Type would be "Artifact"
  or
  The plugin deploys to a middleware server
  the Type would be "Deploy"
  -->

  <integration type="automation"/>


  <!--
  **source is NOT required**

  The source section identifies the location of the plugin source code
  For example
  https://github.com/...
  -->
  <!--
  <source url=""/>
  -->
  <!--
  **license type is NOT required**

  If your plugin uses any licensed software please acknowledge it by
  listing the license type below
  -->
  <!--
  <licenses>
    <license type=""/>
  </licenses>
  -->
  <!--
  **tool-description IS required**

  The tool-description section is used to summarize the software
  the plugin was created to integrate with.

  For example:
  Apache Ant is a software tool to automate software processes during the build or
  deployment of an application. Ant uses an propitiatory XML file to define build
  and/or deployment steps(referred to as targets by ant) . The Ant executable is
  called to execute the targets in the build.xml.
  -->

  <tool-description>
  Configuration templating system built into uDeploy. Used to manage enviroment and server configurations.
  </tool-description>

  <!--
  **related-info is NOT required**

  The releated-info section is used to define links which may be useful to users of the plugin
  but don't fall into the release-notes or tool-description section.

  For example: releated-info can be links to pdf documentation, help videos related to plugin setup or the product's
  website.

  excepted values for type include: PDF, WEBSITE, VIDEO
  -->
  <!--
  <related-info>
    <link title="" type="" description="" url =""/>
  </related-info>
  -->
  <!--
  **meta-html in NOT required**

  The meta-html section is used define the meta description and the meta keywords of the plugin page.The meta
  description tag allows you to influence the description of your page in the web crawlers that support the
  tag The meta keywords tag allows   you to provide additional text for crawler-based search engines to index
  along with your body copy.

  If multiple keywords are used they must be comma(,) delimited
  -->

  <meta-html>
    <meta content="" name="description"/>
    <meta content="" name="keywords"/>
  </meta-html>

  <!-- Do not change the release-version, the build process injects it. -->
  <release-version>18.1142532</release-version>


  <release-notes>
    <!--
      **release-note IS required**

      The plugin-version name must match the plugin version found in the plugin.xml file

      The release-note should document the changes, improvements, or bug fixes introduced
      with the new plugin version

      The release-note may contain text or reference a file in the plugin zip package

      For example your release note could be:
      Support for was added for version 10.0 for software X
      or
      releaseNotes/release1.html (where release1.html contains html formatted version information)

      To add a new release note add this with a description in it of the changes:
      <release-note plugin-version="1">....</release-note>

      Our automated release process will replace 'LATEST' with the released version.

      If this already exists in the file, then the described changes have not been released yet and
      you should just append to the existing 'LATEST' tag.
      -->

      <release-note plugin-version="1">

      </release-note>
      <release-note plugin-version="2">
      Add better handling around Properties passed from uDeploy. This version requires uDeploy server 4.5.2 +.

      </release-note>
      <release-note plugin-version="3">
      Added Import Properties Step and Batch Import Properties Step
      </release-note>
      <release-note plugin-version="4">
      Fixes APAR PI35342 - compatibility defect with IBM Urbancode Deploy version 6.1.0.4 and later.
      </release-note>
      <release-note plugin-version="7">
      Fixes APAR PI57417 - agent validation of server certificate over HTTP.
      </release-note>
      <release-note plugin-version="8">
      Fixes APAR PI57417. Plug-in now checks the agent settings for acceptance of self signed certificates.
      </release-note>
      <release-note plugin-version="9">
      Fixes APAR PI70531. Install Template step now works on IBM UrbanCode Deploy 6.2.2.
      </release-note>
      <release-note plugin-version="10">
      Support property file encryption.
      </release-note>
      <release-note plugin-version="11">
      Fixes APAR PI82806 - Batch Import Properties and Import Properties no longer add an extra .-1 to the PropSheetDef URLS.
      </release-note>
      <release-note plugin-version="12">
      Plugin Name updated.
      </release-note>
    <release-note plugin-version="13">
        Fixing CVE:CVE-2019-4233
    </release-note>
    <release-note plugin-version="14">
        Remove log4j functionality related to: CVE-2019-17571, CVE-2020-9488. CVE-2021-4104, CVE-2022-23302, CVE-2022-23305, CVE-2022-23307
    </release-note>
    <release-note plugin-version="15">
        Fixes APAR PH45332 - Restore file permissions after token substitution.
    </release-note>
    <release-note plugin-version="16">
      Update log4j 2.17 and uDeployRestClient libraries
    </release-note>
    <release-note plugin-version="17">
      Update for java 17 compatibility
    </release-note>
    <release-note plugin-version="18">
      Updating jettison library for CVE-2022-40150 CVE-2022-40149
    </release-note>
  </release-notes>
</pluginInfo>
