<?xml version="1.0" encoding="UTF-8"?>
<!--
- Licensed Materials - Property of IBM Corp.
- IBM UrbanCode Build
- IBM UrbanCode Deploy
- IBM UrbanCode Release
- IBM AnthillPro
- (c) Copyright IBM Corporation 2002, 2013. All Rights Reserved.
-
- U.S. Government Users Restricted Rights - Use, duplication or disclosure restricted by
- GSA ADP Schedule Contract with IBM Corp.
-->
<plugin-upgrade
        xmlns="http://www.urbancode.com/UpgradeXMLSchema_v1"
        xmlns:xsi="http://www.w3.org/2001/XMLSchema-instance">
  
  <migrate to-version="2">

    <migrate-command name="Start Service">
       <migrate-properties>
         <migrate-property name="waitFor" default="true"/>
       </migrate-properties>
    </migrate-command>

    <migrate-command name="Stop Service">
       <migrate-properties>
         <migrate-property name="waitFor" default="true"/>
       </migrate-properties>
    </migrate-command>

    <migrate-command name="Create Service">
    </migrate-command>

    <migrate-command name="Delete Service">
    </migrate-command>

    <migrate-command name="Check If Service Exists">
    </migrate-command>
  </migrate>
  
  <migrate to-version="3">

    <migrate-command name="Start Service">
    </migrate-command>

    <migrate-command name="Stop Service">
    </migrate-command>

    <migrate-command name="Create Service">
    </migrate-command>

    <migrate-command name="Delete Service">
    </migrate-command>

    <migrate-command name="Check If Service Exists">
    </migrate-command>
  </migrate>

  <migrate to-version="4">
    <migrate-command name="Create Service" />
    <migrate-command name="Delete Service" />
    <migrate-command name="Start Service" />
    <migrate-command name="Stop Service" />
    <migrate-command name="Check If Service Exists" />
  </migrate>
  
 <migrate to-version="5">
    <migrate-command name="Create Service" />
    <migrate-command name="Delete Service" />
    <migrate-command name="Start Service" />
    <migrate-command name="Stop Service" />
    <migrate-command name="Check If Service Exists" />
    <migrate-command name="Check Service Status" />
  </migrate>

  <migrate to-version="6">
    <migrate-command name="Create Service"/>

    <migrate-command name="Delete Service">
      <migrate-properties>
        <migrate-property old="Service" name="Services"/>
      </migrate-properties>
    </migrate-command>

    <migrate-command name="Start Service">
      <migrate-properties>
        <migrate-property old="Service" name="Services"/>
      </migrate-properties>
    </migrate-command>

    <migrate-command name="Stop Service">
      <migrate-properties>
        <migrate-property old="Service" name="Services"/>
      </migrate-properties>
    </migrate-command>

    <migrate-command name="Enable Service">
      <migrate-properties>
        <migrate-property old="Service" name="Services"/>
      </migrate-properties>
    </migrate-command>

    <migrate-command name="Disable Service">
      <migrate-properties>
        <migrate-property old="Service" name="Services"/>
      </migrate-properties>
    </migrate-command>

    <migrate-command name="Check If Service Exists">
      <migrate-properties>
        <migrate-property old="Service" name="Services"/>
      </migrate-properties>
    </migrate-command>

    <migrate-command name="Check Service Status">
      <migrate-properties>
        <migrate-property old="Service" name="Services"/>
      </migrate-properties>
    </migrate-command>

  </migrate>
  
  <migrate to-version="7">
    <migrate-command name="Create Service" />
    <migrate-command name="Delete Service" />
    <migrate-command name="Start Service" />
    <migrate-command name="Stop Service" />
    <migrate-command name="Check If Service Exists" />
    <migrate-command name="Check Service Status" />
    <migrate-command name="Enable Service" />
    <migrate-command name="Disable Service" />
  </migrate>

  <migrate to-version="8">
    <migrate-command name="Create Service" />
    <migrate-command name="Delete Service" />
    <migrate-command name="Start Service" />
    <migrate-command name="Stop Service" />
    <migrate-command name="Check If Service Exists" />
    <migrate-command name="Check Service Status" />
    <migrate-command name="Enable Service" />
    <migrate-command name="Disable Service" />
  </migrate>
  
  <migrate to-version="9" />
  
  <migrate to-version="10" />

</plugin-upgrade>
