<?xml version="1.0" encoding="UTF-8" standalone="no"?>
<!--
- Licensed Materials - Property of IBM Corp.
- IBM UrbanCode Deploy
- (c) Copyright IBM Corporation 2016. All Rights Reserved.
-
- U.S. Government Users Restricted Rights - Use, duplication or disclosure restricted by
- GSA ADP Schedule Contract with IBM Corp.
--><pluginInfo>

  <author name="IBM UrbanCode">
    <organization>UrbanCode</organization>
    <email>info@urbancode.com</email>
    <website>http://urbancode.com</website>
    <bio/>
  </author>

  <!-- Do not change the release-version, the build process injects it. -->
  <release-version>3.1100729</release-version>

  <release-notes>
    <!--
      The release-note should document the changes, improvements, or bug fixes introduced
      with the new plugin version

      The release-note may contain text

      For example your release note could be:
      Support for was added for version 10.0 for software X

      To add a new release note add this with a description in it of the changes:
      <release-note plugin-version="1">....</release-note>
    -->

    <release-note plugin-version="1">
Use Aspera ascp 2.5
 - The "Older and Different" overwrite strategy is only valid for Aspera ascp versions 3.5+.
Added steps:
 - Upload Artifacts
 - Download Artifacts
    </release-note>
    <release-note plugin-version="2">
The Download and Upload Artifacts steps can now read a text file as input for its list of Source Path Files.
    </release-note>

    <release-note plugin-version="3">
Support property file encryption.
    </release-note>
  </release-notes>
</pluginInfo>
