<?xml version="1.0" encoding="UTF-8"?>
<!--
- Licensed Materials - Property of IBM Corp.
- IBM UrbanCode Deploy
- (c) Copyright IBM Corporation 2016. All Rights Reserved.
-
- U.S. Government Users Restricted Rights - Use, duplication or disclosure restricted by
- GSA ADP Schedule Contract with IBM Corp.
-->

<plugin-upgrade
        xmlns="http://www.urbancode.com/UpgradeXMLSchema_v1"
        xmlns:xsi="http://www.w3.org/2001/XMLSchema-instance">

<migrate to-version="2">
    <migrate-command name="Download Artifacts">
        <migrate-properties>
            <migrate-property name="sourceFilePath" old="asperaFilePath"/>
            <migrate-property name="sourceTextFile" default=""/>
            <migrate-property name="additionalArgs" default=""/>
        </migrate-properties>
    </migrate-command>
    <migrate-command name="Upload Artifacts">
        <migrate-properties>
            <migrate-property name="sourceFilePath" default=""/>
            <migrate-property name="sourceTextFile" default=""/>
            <migrate-property name="additionalArgs" default=""/>
        </migrate-properties>
    </migrate-command>
</migrate>

</plugin-upgrade>