<?xml version="1.0" encoding="UTF-8"?>
<pluginInfo>
  <author>
    <name>UrbanCode</name>
    <email></email>
    <website>http://urbancode.com</website>
  </author>
  <licenses>
    <license></license>
  </licenses>
  <integrationType>Automation</integrationType>
  <categories>
    <category>quality</category>
	<category>issue tracking</category>
	<category>HP</category>
  </categories>
  <versions>
    <version name="3">
	  <releaseNote>
The HP Quality Center Plugin is an automation based plugin. It is run durning the deployment to automate the execution of Quality Center issue tracking tasks.
      </releaseNote> 
    </version>
	<version name="4">
	  <releaseNote>
	  Added a step to query all defects based on selected attributes
	  </releaseNote>
	</version>
    <version name="5">
      <releaseNote>
        Converted Query Defects to use VBScript
      </releaseNote>
    </version>
    <version name="6">
      <releaseNote>
        Converted every step to use VBScript
      </releaseNote>
    </version>
  </versions>
</pluginInfo>