<?xml version="1.0" encoding="UTF-8" standalone="no"?>
<pluginInfo>
  <!-- Do not change the release-version, the build process injects it. -->
  <release-version>4.1174443</release-version>

  <release-notes>
    <!--
      The release-note should document the changes, improvements, or bug fixes introduced
      with the new plugin version

      The release-note may contain text

      For example your release note could be:
      Support for was added for version 10.0 for software X

      To add a new release note add this with a description in it of the changes:
      <release-note plugin-version="1">....</release-note>
    -->

    <release-note plugin-version="1">
Initial release.
    </release-note>
    <release-note plugin-version="2">
Deploy Application step will now wait for application status to be Running before finishing.
    </release-note>
    <release-note plugin-version="3">
Support property file encryption.
    </release-note>
    <release-note plugin-version="4">
Added error logging and stack traces. Changed API use to support older versions of Marathon as well.
    </release-note>
  </release-notes>
</pluginInfo>
