{
    "name": "WebSphere - Example 1 - Discover & Templatize Configuration Data (WAS ND with Cluster)",
    "description": "Sample process to pull configuration data from a WAS instance and turn that data into templates.",
    "rootActivity": {
        "edges": [
            {
                "to": "WebSphere - Extract Configuration Data",
                "from": "WebSphere Configuration Discovery",
                "type": "SUCCESS",
                "value": ""
            },
            {
                "to": "Create Cluster Config component version",
                "from": "Create Node Config component version",
                "type": "SUCCESS",
                "value": ""
            },
            {
                "to": "Create Cell Config component version",
                "from": "GetInfo",
                "type": "SUCCESS",
                "value": ""
            },
            {
                "to": "WebSphere - Templatize Cluster Configuration Data",
                "from": "WebSphere - Templatize Node Configuration Data",
                "type": "SUCCESS",
                "value": ""
            },
            {
                "to": "WebSphere - Templatize Node Configuration Data",
                "from": "WebSphere - Templatize Cell Configuration Data",
                "type": "SUCCESS",
                "value": ""
            },
            {
                "to": "aa8621335fe14ac60e5cd40c733226",
                "from": "Create Cluster Config component version",
                "type": "SUCCESS",
                "value": ""
            },
            {
                "to": "Create Node Config component version",
                "from": "Create Cell Config component version",
                "type": "SUCCESS",
                "value": ""
            },
            {
                "to": "GetInfo",
                "from": "WebSphere - Templatize Server for Cluster Configuration Data",
                "type": "SUCCESS",
                "value": ""
            },
            {
                "to": "WebSphere - Templatize Cell Configuration Data",
                "from": "WebSphere - Extract Configuration Data",
                "type": "SUCCESS",
                "value": ""
            },
            {
                "to": "WebSphere Configuration Discovery",
                "type": "ALWAYS",
                "value": ""
            },
            {
                "to": "WebSphere - Templatize Server for Cluster Configuration Data",
                "from": "WebSphere - Templatize Cluster Configuration Data",
                "type": "SUCCESS",
                "value": ""
            }
        ],
        "offsets": [
            {
                "name": "df298847db3a0f63e43e7a9d677304",
                "x": 235,
                "y": 195,
                "h": 90,
                "w": 200
            },
            {
                "name": "WebSphere - Templatize Cluster Configuration Data",
                "x": -146,
                "y": 553.3333333333333,
                "h": 56.66666666666674,
                "w": 372
            },
            {
                "name": "WebSphere - Templatize Server for Cluster Configuration Data",
                "x": -176,
                "y": 710,
                "h": 60,
                "w": 432
            },
            {
                "name": "1d9534a4da95f01251e6da30e86989",
                "x": 287,
                "y": 670,
                "h": 140,
                "w": 210
            },
            {
                "name": "4c6b40581795cf1c46e4774a550a15",
                "x": 267,
                "y": 418,
                "h": 90,
                "w": 300
            },
            {
                "name": "Create Node Config component version",
                "x": 673.5,
                "y": 377,
                "h": 60,
                "w": 290
            },
            {
                "name": "aa8621335fe14ac60e5cd40c733226",
                "x": 773.5,
                "y": 680,
                "h": 50,
                "w": 90
            },
            {
                "name": "WebSphere - Templatize Cell Configuration Data",
                "x": -150,
                "y": 330,
                "h": 60,
                "w": 380
            },
            {
                "name": "52b405ba7b62b1e754fd28fc31dc46",
                "x": 247,
                "y": 330,
                "h": 60,
                "w": 200
            },
            {
                "name": "WebSphere - Extract Configuration Data",
                "x": -125,
                "y": 210,
                "h": 60,
                "w": 330
            },
            {
                "name": "WebSphere - Templatize Node Configuration Data",
                "x": -170,
                "y": 437,
                "h": 52,
                "w": 420
            },
            {
                "name": "Create Cell Config component version",
                "x": 673.5,
                "y": 254,
                "h": 60,
                "w": 290
            },
            {
                "name": "358c12e030f251c816a8b98dc00b1e",
                "x": 212,
                "y": 82.5,
                "h": 75,
                "w": 310
            },
            {
                "name": "GetInfo",
                "x": 713.5,
                "y": 119,
                "h": 60,
                "w": 210
            },
            {
                "name": "WebSphere Configuration Discovery",
                "x": -115,
                "y": 89,
                "h": 60,
                "w": 310
            },
            {
                "name": "Create Cluster Config component version",
                "x": 668.5,
                "y": 493.33333333333326,
                "h": 60,
                "w": 300
            },
            {
                "name": "cefc5d819fdd99bd15bff20c429655",
                "x": 257,
                "y": 518.3333333333333,
                "h": 130,
                "w": 220
            }
        ],
        "type": "graph",
        "name": "cde1b75d-df19-49b2-af42-aea2f2a2baf9",
        "children": [
            {
                "type": "finish",
                "name": "aa8621335fe14ac60e5cd40c733226",
                "children": []
            },
            {
                "allowFailure": false,
                "useImpersonation": false,
                "showHidden": false,
                "impersonationUseSudo": false,
                "commandName": "WebSphere Configuration Discovery",
                "pluginName": "WAS - Configure",
                "pluginVersion": 17,
                "properties": {
                    "profilePath": "${p?:resource\/websphere.profilePath}",
                    "commandPath": "${p?:resource\/websphere.commandPath}",
                    "wasuser": "${p?:resource\/websphere.user}",
                    "waspassword": "${p?:resource\/websphere.password}",
                    "host": "${p?:resource\/websphere.host}",
                    "port": "${p?:resource\/websphere.port}",
                    "connType": "${p?:resource\/websphere.connType}",
                    "resourcePath": "${p?:resource.path}",
                    "configurationTypes": "${p?:websphere.cell.configurationtypes}",
                    "configurationFile": "${p?:websphere.cell.configurationfile}",
                    "configurationOutputFile": "${p:configurationFile}"
                },
                "type": "plugin",
                "name": "WebSphere Configuration Discovery",
                "children": []
            },
            {
                "allowFailure": false,
                "useImpersonation": false,
                "showHidden": false,
                "impersonationUseSudo": false,
                "commandName": "WebSphere - Extract Configuration Data",
                "pluginName": "WAS - Configure",
                "pluginVersion": 17,
                "properties": {
                    "configurationFile": "${p:configurationFile}",
                    "outputDir": "${p:outputDirectory}"
                },
                "type": "plugin",
                "name": "WebSphere - Extract Configuration Data",
                "children": []
            },
            {
                "allowFailure": false,
                "useImpersonation": false,
                "showHidden": false,
                "impersonationUseSudo": false,
                "commandName": "WebSphere - Templatize Cell Configuration Data",
                "pluginName": "WAS - Configure",
                "pluginVersion": 17,
                "properties": {"outputDir": "${p:outputDirectory}"},
                "type": "plugin",
                "name": "WebSphere - Templatize Cell Configuration Data",
                "children": []
            },
            {
                "allowFailure": false,
                "useImpersonation": false,
                "showHidden": false,
                "impersonationUseSudo": false,
                "commandName": "WebSphere - Templatize Node Configuration Data",
                "pluginName": "WAS - Configure",
                "pluginVersion": 17,
                "properties": {
                    "nodeName": "${p:nodeName}",
                    "outputDir": "${p:outputDirectory}"
                },
                "type": "plugin",
                "name": "WebSphere - Templatize Node Configuration Data",
                "children": []
            },
            {
                "allowFailure": false,
                "useImpersonation": false,
                "showHidden": false,
                "impersonationUseSudo": false,
                "commandName": "WebSphere - Templatize Server for Cluster Configuration Data",
                "pluginName": "WAS - Configure",
                "pluginVersion": 17,
                "properties": {
                    "serverName": "${p:serverName}",
                    "nodeName": "${p:nodeName}",
                    "clusterName": "${p:clusterName}",
                    "outputDir": "${p:outputDirectory}"
                },
                "type": "plugin",
                "name": "WebSphere - Templatize Server for Cluster Configuration Data",
                "children": []
            },
            {
                "allowFailure": false,
                "useImpersonation": false,
                "showHidden": false,
                "impersonationUseSudo": false,
                "commandName": "WebSphere - Templatize Cluster Configuration Data",
                "pluginName": "WAS - Configure",
                "pluginVersion": 17,
                "properties": {
                    "clusterName": "${p:clusterName}",
                    "outputDir": "${p:outputDirectory}"
                },
                "type": "plugin",
                "name": "WebSphere - Templatize Cluster Configuration Data",
                "children": []
            },
            {
                "name": "358c12e030f251c816a8b98dc00b1e",
                "text": "Connects to a WAS instance, \ndiscovers its configuration, and \nsaves the configuration data into a \nfile (see the step's Configuration \nOutput File property).",
                "type": "note",
                "children": []
            },
            {
                "name": "df298847db3a0f63e43e7a9d677304",
                "text": "Splits the configuration file into \nmultiple files representing Cell, \nNode, Server, and Cluster \nconfigurations. ",
                "type": "note",
                "children": []
            },
            {
                "name": "52b405ba7b62b1e754fd28fc31dc46",
                "text": "Converts the Cell configuration \ndata into a reusable template.",
                "type": "note",
                "children": []
            },
            {
                "name": "4c6b40581795cf1c46e4774a550a15",
                "text": "Converts a Node's configuration \ndata into a reusable template.  A \nnode name must be specified. \nAdditional steps must be added \nfor each additional node you wish \nto templatize.",
                "type": "note",
                "children": []
            },
            {
                "name": "cefc5d819fdd99bd15bff20c429655",
                "text": "Converts a Cluster's \nconfiguration data into a \nreusable template. A cluster name \nmust be specified, or you may \nenter ALL as the cluster name and \nall available clusters will be \ntemplatized.",
                "type": "note",
                "children": []
            },
            {
                "name": "1d9534a4da95f01251e6da30e86989",
                "text": "Converts a cluster member \n(server) configuration data into \na reusable template. Users must \nspecify the name of the cluster \nmember (server), the name of the \nnode the cluster member resides \non, and the cluster the server \nbelongs to.",
                "type": "note",
                "children": []
            },
            {
                "allowFailure": false,
                "useImpersonation": false,
                "showHidden": false,
                "impersonationUseSudo": false,
                "commandName": "Run Groovy Script",
                "pluginName": "Groovy",
                "pluginVersion": 6,
                "properties": {
                    "groovyHome": "${GROOVY_HOME}",
                    "scriptBody": "import java.text.SimpleDateFormat\n\n\/\/ Get date and time\ndef today = new Date()\ndef formattedDateTime = new SimpleDateFormat(\"yyyy-MM-dd'T'HH:mm:ss.SSSZ\").format(today)\noutProps.put(\"datetime\",formattedDateTime)\n\n\/\/ Get absolute path to outputDirectory\noutputDirAbs = new File(\"${p:outputDirectory}\").getAbsolutePath()\noutProps.put(\"outputDirAbs\", outputDirAbs)"
                },
                "type": "plugin",
                "name": "GetInfo",
                "children": []
            },
            {
                "allowFailure": false,
                "useImpersonation": false,
                "showHidden": false,
                "impersonationUseSudo": false,
                "workingDir": "${p:GetInfo\/outputDirAbs}\/templates\/Cell",
                "commandName": "Create Version",
                "pluginName": "IBM UrbanCode Deploy Versions",
                "pluginVersion": 62,
                "properties": {
                    "componentName": "Cell Config",
                    "versionName": "${p:GetInfo\/datetime}",
                    "uploadFiles": "true",
                    "includes": "**\/*",
                    "excludes": "",
                    "saveFileExecuteBits": "false"
                },
                "type": "plugin",
                "name": "Create Cell Config component version",
                "children": []
            },
            {
                "allowFailure": false,
                "useImpersonation": false,
                "showHidden": false,
                "impersonationUseSudo": false,
                "workingDir": "${p:GetInfo\/outputDirAbs}\/templates\/Node-${p:nodeName}",
                "commandName": "Create Version",
                "pluginName": "IBM UrbanCode Deploy Versions",
                "pluginVersion": 62,
                "properties": {
                    "componentName": "Node Config",
                    "versionName": "${p:GetInfo\/datetime}",
                    "uploadFiles": "true",
                    "includes": "**\/*",
                    "excludes": "",
                    "saveFileExecuteBits": "false"
                },
                "type": "plugin",
                "name": "Create Node Config component version",
                "children": []
            },
            {
                "allowFailure": false,
                "useImpersonation": false,
                "showHidden": false,
                "impersonationUseSudo": false,
                "workingDir": "${p:GetInfo\/outputDirAbs}\/templates\/Cluster-${p:clusterName}",
                "commandName": "Create Version",
                "pluginName": "IBM UrbanCode Deploy Versions",
                "pluginVersion": 62,
                "properties": {
                    "componentName": "Cluster Config",
                    "versionName": "${p:GetInfo\/datetime}",
                    "uploadFiles": "true",
                    "includes": "**\/*",
                    "excludes": "",
                    "saveFileExecuteBits": "false"
                },
                "type": "plugin",
                "name": "Create Cluster Config component version",
                "children": []
            }
        ]
    },
    "properties": [
        {
            "name": "contextType",
            "value": "Resource",
            "description": "",
            "secure": false
        },
        {
            "name": "workingDir",
            "value": "${p:resource\/work.dir}\/${p:process.name}",
            "description": "",
            "secure": false
        }
    ],
    "propDefs": [
        {
            "name": "configurationFile",
            "label": "Configuration File",
            "pattern": "",
            "type": "TEXT",
            "required": true,
            "description": "Location and name of the file which will contain configuration data (for example, \/tmp\/foo\/was_config_data.txt)",
            "placeholder": ""
        },
        {
            "name": "outputDirectory",
            "label": "Output Directory",
            "pattern": "",
            "type": "TEXT",
            "required": true,
            "description": "Location where templates created by this process will be stored. Each extract\/templatize step in a process must use the same output directory. In this directory, folders named extracted (contains configuration data split into different scopes) and templates (contains tokenized, resuable templates) will be created. Example value: \/tmp\/foo\/DataAndTemplates",
            "placeholder": ""
        },
        {
            "name": "nodeName",
            "label": "Node Name",
            "pattern": "",
            "type": "TEXT",
            "required": true,
            "description": "Name of the node to templatize",
            "placeholder": ""
        },
        {
            "name": "clusterName",
            "label": "Cluster Name",
            "pattern": "",
            "type": "TEXT",
            "required": true,
            "description": "Name of the cluster to templatize",
            "placeholder": ""
        },
        {
            "name": "serverName",
            "label": "Server Name",
            "pattern": "",
            "type": "TEXT",
            "required": true,
            "description": "Name of the server (cluster member) to templatize",
            "placeholder": ""
        }
    ],
    "teamMappings": []
}
