<?xml version="1.0" encoding="UTF-8"?>
<!--
- Licensed Materials - Property of IBM Corp.
- IBM UrbanCode Build
- IBM UrbanCode Deploy
- IBM UrbanCode Release
- IBM AnthillPro
- (c) Copyright IBM Corporation 2002, 2016. All Rights Reserved.
-
- U.S. Government Users Restricted Rights - Use, duplication or disclosure restricted by
- GSA ADP Schedule Contract with IBM Corp.
-->
<plugin-upgrade
        xmlns="http://www.urbancode.com/UpgradeXMLSchema_v1"
        xmlns:xsi="http://www.w3.org/2001/XMLSchema-instance">
  <migrate to-version="3">
    <migrate-command name="Run SQLPlus script">
      <migrate-properties>
        <migrate-property name="sqlFiles" old="sqlFile"/>
      </migrate-properties>
    </migrate-command>
  </migrate>
  <migrate to-version="4">
    <migrate-command name="Run SQLPlus script" />
  </migrate>
  <migrate to-version="5">
    <migrate-command name="Run SQLPlus script" />
  </migrate>
  <migrate to-version="6">
    <migrate-command name="Run SQLPlus script" />
  </migrate>
  <migrate to-version="7">
    <migrate-command name="Run SQLPlus script" />
    <migrate-command name="SQLPlus through Control File" />
  </migrate>
  <migrate to-version="8">
    <migrate-command name="Run SQLPlus script">
      <migrate-properties>
        <migrate-property name="sqlPlusExecutable" default="${p?:resource/sqlplus.exe}"/>
        <migrate-property name="user" default=""/>
        <migrate-property name="password" default=""/>
        <migrate-property name="connectionID" default=""/>
        <migrate-property name="oracleHome" default="${p?:resource/oracle.home}"/>
        <migrate-property name="additionalEnvVars" default="${p?:resource/environment.vars}"/>
      </migrate-properties>
    </migrate-command>
    <migrate-command name="SQLPlus through Control File">
      <migrate-properties>
        <migrate-property name="sqlPlusExecutable" default="${p?:resource/sqlplus.exe}"/>
        <migrate-property name="mode" default="deploy"/>
        <migrate-property name="controlFileIncludes" default="deploy"/>
        <migrate-property name="connectionIdUserToPassword" default=""/>
        <migrate-property name="oracleHome" default="${p?:resource/oracle.home}"/>
        <migrate-property name="additionalEnvVars" default="${p?:resource/environment.vars}"/>
      </migrate-properties>
    </migrate-command>
  </migrate>
  <migrate to-version="10">
  </migrate>
</plugin-upgrade>
