<?xml version="1.0" encoding="UTF-8"?>
<pluginInfo>
  <author>
    <name>UrbanCode</name>
    <email></email>
    <website>http://urbancode.com</website>
  </author>
  <licenses>
    <license></license>
  </licenses>
  <integrationType>Deploy</integrationType>
  <categories>
    <category>database</category>
   <category>Microsoft</category>
  </categories>
  <versions>
    <version name="3">
	  <releaseNote>
The Microsoft SQL Server SQLCmd plugin is an automation based plugin. It is executed as part of the deployment to help manage DB changes to Microsoft SQL Server using the SQLCMD executable.</releaseNote>
    </version>
  </versions>
</pluginInfo>