<?xml version="1.0" encoding="UTF-8"?><!--
- Licensed Materials - Property of IBM Corp.
- IBM UrbanCode Deploy
- (c) Copyright IBM Corporation 2011, 2014. All Rights Reserved.
-
- U.S. Government Users Restricted Rights - Use, duplication or disclosure restricted by
- GSA ADP Schedule Contract with IBM Corp.
--><pluginInfo>
  <author name="IBM Mobile">
    <organization>IBM</organization>
    <website>https://www.ibmdw.net/urbancode/plugins/</website>
  </author>
  
  <integration type="Automation"/>

  <!-- 
  **license type is NOT required**
  
  If your plugin uses any licensed software please acknowledge it by 
  listing the license type below  
  -->
  <!--
  <licenses>
    <license type=""/>
  </licenses>
  -->
  
  <tool-description>The Apple Xcode plug-in provides functionality for interacting with iOS simulators and devices.</tool-description>
  
  <!-- Do not change the release-version, the build process injects it. -->
  <release-version>3.861096</release-version>  
    
  <release-notes>
    <release-note plugin-version="1">
      This plug-in provides access to steps for interacting with mobile iOS applications.
    </release-note>
    <release-note plugin-version="2">
      Adds support for integrating with Apple Xcode 6.
    </release-note>
    <release-note plugin-version="3">
Support property file encryption.
    </release-note>
  </release-notes>
</pluginInfo>