<?xml version="1.0" encoding="UTF-8"?>
<!--
- Licensed Materials - Property of IBM Corp.
- IBM UrbanCode Deploy
- (c) Copyright IBM Corporation 2011, 2014. All Rights Reserved.
-
- U.S. Government Users Restricted Rights - Use, duplication or disclosure restricted by
- GSA ADP Schedule Contract with IBM Corp.
-->
<plugin-upgrade
        xmlns="http://www.urbancode.com/UpgradeXMLSchema_v1"
        xmlns:xsi="http://www.w3.org/2001/XMLSchema-instance">
  
  <migrate to-version="2">
    <migrate-command name="Install Application">
      <migrate-properties>
        <migrate-property name="simName" default="${p?:resource/simulatorName}" />
        <migrate-property name="targetOS" default="${p?:resource/simulatorOS}" />
        <migrate-property name="simDeviceType" default="${p?:resource/simulatorDeviceType}" />
      </migrate-properties>
    </migrate-command>
    
    <migrate-command name="Remove Application">
      <migrate-properties>
        <migrate-property name="simName" default="${p?:resource/simulatorName}" />
        <migrate-property name="targetOS" default="${p?:resource/simulatorOS}" />
        <migrate-property name="simDeviceType" default="${p?:resource/simulatorDeviceType}" />
      </migrate-properties>
    </migrate-command>
    
    <migrate-command name="UI Test">
      <migrate-properties>
        <migrate-property name="simName" default="${p?:resource/simulatorName}" />
        <migrate-property name="simDeviceType" default="${p?:resource/simulatorDeviceType}" />
      </migrate-properties>
    </migrate-command>
    
    <migrate-command name="Unit Test">
      <migrate-properties>
        <migrate-property name="simName" default="${p?:resource/simulatorName}" />
        <migrate-property name="simDeviceType" default="${p?:resource/simulatorDeviceType}" />
      </migrate-properties>
    </migrate-command>
    
    <migrate-command name="xcrun" />
    
    <migrate-command name="Create Simulator" />
    <migrate-command name="Delete Simulator" />
    <migrate-command name="Start Simulator">
      <migrate-properties>
        <migrate-property name="udid" default="${p?:resource/deviceID}" />
        <migrate-property name="simName" default="${p?:resource/simulatorName}" />
        <migrate-property name="simDeviceType" default="${p?:resource/simulatorDeviceType}" />
      </migrate-properties>
    </migrate-command>
        
    <migrate-command name="Stop Simulator" />
  </migrate>
  
</plugin-upgrade>
