<?xml version="1.0" encoding="UTF-8" standalone="no"?>
<!--
- Licensed Materials - Property of IBM* and/or HCL**
- UrbanCode Deploy
- (c) Copyright IBM Corporation 2013, 2017. All Rights Reserved.
- (c) Copyright HCL Technologies Ltd. 2018. All Rights Reserved.
-
- U.S. Government Users Restricted Rights - Use, duplication or disclosure restricted by
- GSA ADP Schedule Contract with IBM Corp.
-
- * Trademark of International Business Machines
- ** Trademark of HCL Technologies Limited
--><pluginInfo>
  <!--

  **author name IS required**

  The Author Section is used to give credit to the author of the plugin.
  Name is the only required element/attribute, but feel free to also include your email,
  website  or bio to allow users of your plugin to praise your work, ask questions
  or share their use case to help grow your plugin's functionality.
  -->

  <author name="UrbanCode">
    <organization>UrbanCode</organization>
    <email>info@urbancode.com</email>
    <website>http://urbancode.com</website>
    <bio/>
  </author>

  <!--

  **intergration type IS Required**

  The integration type section identifies where the plugin fits into the process
  excepted types are SCM, Build, Artifact, Automation, Deploy

  For example:

  The plugin pulls Artifacts from an artifact repository during deployment
  the Type would be "Artifact"
  or
  The plugin deploys to a middleware server
  the Type would be "Deploy"
  -->

  <integration type="automation"/>

  <!--
  **source is NOT required**

  The source section identifies the location of the plugin source code
  For example
  https://github.com/...
  -->
  <!--
  <source url=""/>
  -->
  <!--
  **license type is NOT required**

  If your plugin uses any licensed software please acknowledge it by
  listing the license type below
  -->
  <!--
  <licenses>
    <license type=""/>
  </licenses>
  -->
  <!--
  **tool-description IS required**

  The tool-description section is used to summarize the software
  the plugin was created to integrate with.

  For example:
  Apache Ant is a software tool to automate software processes during the build or
  deployment of an application. Ant uses an propitiatory XML file to define build
  and/or deployment steps(referred to as targets by ant) . The Ant executable is
  called to execute the targets in the build.xml.
  -->

  <tool-description>ServiceNow integrates ITIL v3 processes, social collaboration for IT departments, software-as-a-service delivery, and modern Web functionality to deliver a flexible, easy-to-use and self-managing application.</tool-description>

  <!--
  **related-info is NOT required**

  The releated-info section is used to define links which may be useful to users of the plugin
  but don't fall into the release-notes or tool-description section.

  For example: releated-info can be links to pdf documentation, help videos related to plugin setup or the product's
  website.

  excepted values for type include: PDF, WEBSITE, VIDEO
  -->

  <related-info>
    <link description="For more information on ServiceNow" title="ServiceNow Community homepage " type="WEBSITE" url="http://community.service-now.com/"/>
  </related-info>

  <!--
  **meta-html in NOT required**

  The meta-html section is used define the meta description and the meta keywords of the plugin page.The meta
  description tag allows you to influence the description of your page in the web crawlers that support the
  tag The meta keywords tag allows   you to provide additional text for crawler-based search engines to index
  along with your body copy.

  If multiple keywords are used they must be comma(,) delimited
  -->

  <meta-html>
    <meta content="" name="description"/>
    <meta content="" name="keywords"/>
  </meta-html>

  <!-- Do not change the release-version, the build process injects it. -->
  <release-version>37.1156992</release-version>

  <release-notes>
    <!--
      **release-note IS required**

      The plugin-version name must match the plugin version found in the plugin.xml file

      The release-note should document the changes, improvements, or bug fixes introduced
      with the new plugin version

      The release-note may contain text or reference a file in the plugin zip package

      For example your release note could be:
      Support for was added for version 10.0 for software X
      or
      releaseNotes/release1.html (where release1.html contains html formatted version information)
      -->
    <release-note plugin-version="7">
      Add proxy server configuration, CMDB steps.
    </release-note>
    <release-note plugin-version="8">
      Converted plugin to use ServiceNow REST API
    </release-note>
    <release-note plugin-version="9">
      Added support for ServiceNow REST API in versions Eureka and Fuji
    </release-note>
    <release-note plugin-version="10">
      Added more support for ServiceNow REST API in versions Eureka and Fuji
      Removed newAPI button. Automatically determines API version.
    </release-note>
    <release-note plugin-version="11">
      Fixed functionality bug for delete and insert steps.
      Removed automatically  API selection.
      Fixed potential bug when interacting with Eureka instances.
    </release-note>
    <release-note plugin-version="12">
      Updated libraries.
    </release-note>
    <release-note plugin-version="13">
          Plug-in now supports full record CRUD and Query operations.
            New Steps:
              - Update Records
              - Check Records
              - Update Records
              - Query Records
            Updated Steps:
              - Delete Records
              - Create Records
    </release-note>
    <release-note plugin-version="14">
      Rename steps.
    </release-note>
    <release-note plugin-version="15">
Support property file encryption.
    </release-note>
    <release-note plugin-version="16">
Improved error logging and various bug fixes.
    </release-note>
    <release-note plugin-version="17">
Fixed bug when checking for fields and value equality in Check Records step.
    </release-note>
    <release-note plugin-version="18">
Added Check Change Request Fields step.
    </release-note>
    <release-note plugin-version="19">
Update 'check' specific methods to accept release names: Geneva, Helsinki, and Istanbul.
    </release-note>
    <release-note plugin-version="20">
Fixes APAR PI83136. Improved plug-in error logging.
    </release-note>
    <release-note plugin-version="21">
RFE 105985: Steps now use Record Number instead of sys_id.
Step names now more consistent with Service Now field values.
New step for checking if time falls within deployment window.
Plug-in no longer supports Service Now Dublin release.
    </release-note>
    <release-note plugin-version="22">
Fix generic CRUD steps to work correctly for all tables, other than change_request.
Minor naming and documentation updates.
    </release-note>
    <release-note plugin-version="23">
Fix APAR PI87057 - Set Task Status to accept Task Number instead of SysId.
Updated Check Change Request's Child Tasks States to accept multiple states.
    </release-note>
    <release-note plugin-version="24">
Updated 'Check Deployment Window' to compare times in UTC before converting to local system time.
    </release-note>
    <release-note plugin-version="25">
Fixes APAR PI90696 - Added apache commons lang3 dependency for proxy issue.
    </release-note>
    <release-note plugin-version="26">
Added URL output property to create, check and update records steps.
    </release-note>
    <release-note plugin-version="27">
Added ability to specify custom date fields for Check Deployment Window step.
    </release-note>
    <release-note plugin-version="28">
RFE 122276: Add property to each step to allow invalid SSL certs.
    </release-note>
    <release-note plugin-version="29">
Added Oauth 2.0 authentication for the plugin.
    </release-note>
    <release-note plugin-version="30">
RFE URBANCODE-I-434: The state details in the logs improved.
    </release-note>
    <release-note plugin-version="31">
Updated log4j dependency.
    </release-note>
    <release-note plugin-version="31">
Status mapping updated with latest serviceNow.
    </release-note>
    <release-note plugin-version="32">
Status mapping updated with latest serviceNow.
    </release-note>
    <release-note plugin-version="33">
Start_date and End_date field updated for Check Deployment Window Steps.
    </release-note>
    <release-note plugin-version="34">
RFE - URBANCODE-I-537 Enhance ServiceNow Plugin.
    </release-note>
    <release-note plugin-version="35">
Implemented check on Record number.
    </release-note>
    <release-note plugin-version="36">
Implemented OR condition for check fileds in the Check Records steps.
    </release-note>
    <release-note plugin-version="37">
RFE - URBANCODE-I-557 .
    </release-note>
  </release-notes>

</pluginInfo>
