{
    "securityResourceId": "b6fa650b-7d75-450f-9450-2e0bd6970f35",
    "path": "componentTemplates\/d2cf13f1-eb70-4900-a065-3046e2a0e637",
    "name": "Hybrid from Docker Registry",
    "description": "Images hosted in a docker registry, like the public docker hub, designed to be run on the IBM Container Service (ICS) or docker",
    "ignoreQualifiers": 0,
    "componentType": "STANDARD",
    "tags": [],
    "sourceConfigPluginName": "Docker Importer",
    "active": true,
    "sourceConfigProperties": [],
    "envPropDefs": [
        {
            "name": "resourceType",
            "label": "Resource Type",
            "pattern": "",
            "type": "SELECT",
            "value": "ics",
            "required": false,
            "description": "",
            "placeholder": "",
            "allowedValues": [
                {
                    "label": "docker",
                    "value": "docker"
                },
                {
                    "label": "ics",
                    "value": "ics"
                },
                {
                    "label": "registry",
                    "value": "registry"
                }
            ]
        },
        {
            "name": "icsEnvironmentRunOptions",
            "label": "ICS Environment Run Options",
            "pattern": "",
            "type": "TEXT",
            "required": false,
            "description": "",
            "placeholder": ""
        },
        {
            "name": "dockerEnvironmentRunOptions",
            "label": "Docker Environment Run Options",
            "pattern": "",
            "type": "TEXT",
            "required": false,
            "description": "",
            "placeholder": ""
        },
        {
            "name": "targetDockerRegistry",
            "label": "Target Docker Registry",
            "pattern": "",
            "type": "TEXT",
            "required": false,
            "description": "Target Docker Registry; required for push to docker registry process",
            "placeholder": ""
        }
    ],
    "propDefs": [
        {
            "name": "icsImageName",
            "label": "Image Name",
            "pattern": "",
            "type": "TEXT",
            "value": "${p:icsRegistryNamespace}\/${p:component.name}",
            "required": true,
            "description": "The ICS image name can be constructed from the registry namespace defined at container creation time.  Suggestion: create an icsRegistryNamespace system property for general use.  A second slash will be accepted and replaced with an underscore",
            "placeholder": ""
        },
        {
            "name": "icsRegistryUsername",
            "label": "Bluemix user id\/email",
            "pattern": "",
            "type": "TEXT",
            "value": "${p:system\/icsRegistryUsername}",
            "required": true,
            "description": "Suggestion: create an icsRregistryUsername system property for general use.",
            "placeholder": ""
        },
        {
            "name": "icsRegistryPassword",
            "label": "Bluemix password",
            "pattern": "",
            "type": "TEXT",
            "value": "${p:system\/icsRegistryPassword}",
            "required": true,
            "description": "Suggestion: create an icsRegistryPassword system property for general use.",
            "placeholder": ""
        },
        {
            "name": "icsOrganization",
            "label": "Bluemix organization",
            "pattern": "",
            "type": "TEXT",
            "value": "${p:system\/icsOrganization}",
            "required": true,
            "description": "Suggestion: create an icsOrganization system property for general use.",
            "placeholder": ""
        },
        {
            "name": "icsSpace",
            "label": "Bluemix space",
            "pattern": "",
            "type": "TEXT",
            "value": "${p:system\/icsSpace}",
            "required": true,
            "description": "The space can be specified here (and it is required to login) and can be overridden by an environment property for this component",
            "placeholder": ""
        },
        {
            "name": "icsRunOptions",
            "label": "ICS Run Options",
            "pattern": "",
            "type": "TEXT",
            "required": false,
            "description": "ice run [OPTIONS] IMAGE [CMD [CMD ...]] - value for the [OPTIONS] - ice run only",
            "placeholder": ""
        },
        {
            "name": "dockerRunOptions",
            "label": "Docker Run Options",
            "pattern": "",
            "type": "TEXT",
            "value": "-d",
            "required": false,
            "description": "docker run [OPTIONS] IMAGE [CMD [CMD ...]] - value for [OPTIONS] - docker run only",
            "placeholder": ""
        },
        {
            "name": "dockerCommandAndArguments",
            "label": "Docker Command And Arguments",
            "pattern": "",
            "type": "TEXT",
            "required": false,
            "description": "docker|ice run [OPTIONS] IMAGE [COMMAND] [ARG...] -- provide [COMMAND] [ARG...] ",
            "placeholder": ""
        }
    ],
    "properties": [{
        "name": "icsRegistryName",
        "value": "registry-ice.ng.bluemix.net",
        "description": "The value registry-ice.ng.bluemix.net is correct for IBM hosted ICS on bluemix.  See ice login -R",
        "secure": false
    }],
    "processes": [
        {
            "name": "pull push and run on ics (dynamic IP bind) or pull and run on docker",
            "description": "",
            "defaultWorkingDir": "${p:resource\/work.dir}\/${p:component.name}",
            "takesVersion": true,
            "inventoryActionType": "ADD",
            "status": "Active",
            "configActionType": "ADD",
            "active": true,
            "path": "componentTemplates\/d2cf13f1-eb70-4900-a065-3046e2a0e637\/processes\/a98ca281-89b9-4ab6-8035-87d659f6abf1",
            "propDefs": [],
            "rootActivity": {
                "edges": [
                    {
                        "to": "Docker Login",
                        "type": "ALWAYS",
                        "value": ""
                    },
                    {
                        "to": "ics run",
                        "from": "docker tag push ics",
                        "type": "SUCCESS",
                        "value": ""
                    },
                    {
                        "to": "docker",
                        "from": "Resource Type",
                        "type": "VALUE",
                        "value": "docker"
                    },
                    {
                        "to": "docker tag push ics",
                        "from": "NormalizeImageName",
                        "type": "SUCCESS",
                        "value": ""
                    },
                    {
                        "to": "Resource Type",
                        "from": "Docker Login",
                        "type": "SUCCESS",
                        "value": ""
                    },
                    {
                        "to": "Ics Bind Ip",
                        "from": "ics run",
                        "type": "SUCCESS",
                        "value": ""
                    },
                    {
                        "to": "84c5c9f70231ae948cf106bef86f88",
                        "from": "docker",
                        "type": "SUCCESS",
                        "value": ""
                    },
                    {
                        "to": "NormalizeImageName",
                        "from": "Resource Type",
                        "type": "VALUE",
                        "value": "ics"
                    },
                    {
                        "to": "84c5c9f70231ae948cf106bef86f88",
                        "from": "Ics Bind Ip",
                        "type": "SUCCESS",
                        "value": ""
                    }
                ],
                "offsets": [
                    {
                        "name": "ics run",
                        "x": 235,
                        "y": 490,
                        "h": 60,
                        "w": 150
                    },
                    {
                        "name": "84c5c9f70231ae948cf106bef86f88",
                        "x": 0,
                        "y": 690,
                        "h": 60,
                        "w": 80
                    },
                    {
                        "name": "Resource Type",
                        "x": -80,
                        "y": 190,
                        "h": 60,
                        "w": 240
                    },
                    {
                        "name": "Docker Login",
                        "x": -50,
                        "y": 90,
                        "h": 60,
                        "w": 180
                    },
                    {
                        "name": "docker",
                        "x": -335,
                        "y": 440,
                        "h": 60,
                        "w": 210
                    },
                    {
                        "name": "docker tag push ics",
                        "x": 205,
                        "y": 390,
                        "h": 60,
                        "w": 210
                    },
                    {
                        "name": "NormalizeImageName",
                        "x": 210,
                        "y": 290,
                        "h": 60,
                        "w": 200
                    },
                    {
                        "name": "Ics Bind Ip",
                        "x": 225,
                        "y": 590,
                        "h": 60,
                        "w": 170
                    }
                ],
                "type": "graph",
                "name": "0950486b-1c79-4cff-aa39-bac7caf31a99",
                "children": [
                    {
                        "type": "finish",
                        "name": "84c5c9f70231ae948cf106bef86f88",
                        "children": []
                    },
                    {
                        "propertyName": "${p:resourceType}",
                        "type": "switch",
                        "name": "Resource Type",
                        "children": []
                    },
                    {
                        "processName": "docker pull and run",
                        "resourcePath": "${p:resource.path}",
                        "properties": {
                            "gpDockerRegistryPassword": "${p:dockerRegistryPassword}",
                            "resourcePath": "${p:resource.path}",
                            "gpDockerRegistryEmail": "${p:dockerRegistryUserEmail}",
                            "gpDockerCommandAndArguments": "${p:dockerCommandAndArguments}",
                            "gpDockerContainerName": "${p:component.name}",
                            "processId": "650e3b79-1715-4ff1-a4e8-b11fcb581ce8",
                            "gpDockerRegistryUsername": "${p:dockerRegistryUsername}",
                            "gpDockerImageTag": "${p:version\/dockerImageTag}",
                            "gpDockerImageName": "${p:dockerImageName}",
                            "gpDockerRunOptions": "${p:dockerRunOptions} ${dockerEnvironmentRunOptions}",
                            "gpDockerRegistryName": "${p:dockerRegistryName}"
                        },
                        "type": "runProcess",
                        "name": "docker",
                        "children": []
                    },
                    {
                        "allowFailure": false,
                        "useImpersonation": false,
                        "showHidden": false,
                        "impersonationUseSudo": false,
                        "postProcessingScript": {
                            "id": "709d7db8-eb67-4608-906b-8a5e95d36f97",
                            "name": "normalizeIcsImageName",
                            "description": "",
                            "body": "var exit = properties.get('exitCode');\r\n\r\n\/\/ find a line that starts with the prefix\r\nvar imageName\r\nvar prefix = \"#image name:\"\r\nscanner.register(\"^\" + prefix + \".*$\", function(lineNumber, line) {\r\n    imageName = line\r\n});\r\nscanner.scan()\r\n\r\n\/\/ remove the prefix and replace the second of two\r\n\/\/ slashes with an underscore\r\nimageName = imageName.substring(prefix.length)\r\nvar paths = imageName.split(\"\/\")\r\nif (paths.length == 3) {\r\n    imageName = paths[0] + \"\/\" + paths[1] + \"_\" + paths[2]\r\n}\r\ncommandOut.println(\"string:\" + imageName)\r\nproperties.put('string', imageName);\r\n\r\nif (exit == 0) {\r\n    properties.put('Status', 'Success');\r\n}\r\nelse {\r\n     properties.put('Status', 'Failure');\r\n}\r\n"
                        },
                        "commandName": "Shell",
                        "pluginName": "Shell",
                        "pluginVersion": 5,
                        "properties": {
                            "directoryOffset": ".",
                            "shellInterpreter": "",
                            "scriptBody": "#image name:${p:icsImageName}",
                            "runAsDaemon": "false",
                            "outputFile": ""
                        },
                        "type": "plugin",
                        "name": "NormalizeImageName",
                        "children": []
                    },
                    {
                        "allowFailure": false,
                        "useImpersonation": false,
                        "showHidden": false,
                        "impersonationUseSudo": false,
                        "commandName": "Ics Bind Ip",
                        "pluginName": "Docker And Ics",
                        "pluginVersion": 1,
                        "properties": {
                            "dockerContainerName": "${p:component.name}",
                            "icsIpAddress": ""
                        },
                        "type": "plugin",
                        "name": "Ics Bind Ip",
                        "children": []
                    },
                    {
                        "allowFailure": false,
                        "useImpersonation": false,
                        "showHidden": false,
                        "impersonationUseSudo": false,
                        "commandName": "Docker Login",
                        "pluginName": "Docker And Ics",
                        "pluginVersion": 1,
                        "properties": {
                            "dockerRegistryName": "${p:dockerRegistryName}",
                            "dockerRegistryUserName": "${p:dockerRegistryUsername}",
                            "dockerRegistryUserPassword": "${p:dockerRegistryPassword}",
                            "dockerRegistryUserEmail": "${p:dockerRegistryUserEmail}"
                        },
                        "type": "plugin",
                        "name": "Docker Login",
                        "children": []
                    },
                    {
                        "processName": "ics run",
                        "resourcePath": "${p:resource.path}",
                        "properties": {
                            "resourcePath": "${p:resource.path}",
                            "gpDockerCommandAndArguments": "${p:dockerCommandAndArguments} ",
                            "gpDockerContainerName": "${p:component.name}",
                            "processId": "c5123978-2765-42a6-a56b-0862df58491a",
                            "gpDockerImageTag": "${p:version\/dockerImageTag}",
                            "gpDockerImageName": "${p:NormalizeImageName\/string}",
                            "gpDockerRunOptions": "${p:icsRunOptions} ${p:icsEnvironmentRunOptions}",
                            "gpDockerRegistryName": "${p:icsRegistryName}"
                        },
                        "type": "runProcess",
                        "name": "ics run",
                        "children": []
                    },
                    {
                        "processName": "docker tag push ics",
                        "resourcePath": "${p:resource.path}",
                        "properties": {
                            "gpIcsOrganization": "${p:icsOrganization}",
                            "processId": "21f1f34b-5ac4-4219-a734-0a2889b3e705",
                            "gpIcsHostName": "${p?:icsHostName}",
                            "gpDockerImageTag": "${p:version\/dockerImageTag}",
                            "gpIcsRegistryUsername": "${p:icsRegistryUsername}",
                            "gpIcsSpace": "${p:icsSpace}",
                            "gpIcsImageName": "${p:NormalizeImageName\/string}",
                            "resourcePath": "${p:resource.path}",
                            "gpDockerImageName": "${p:dockerImageName}",
                            "gpIcsRegistryName": "${p:icsRegistryName}",
                            "gpIcsApiName": "${p?:icsApiName}",
                            "gpIcsRegistryPassword": "${p:icsRegistryPassword}",
                            "gpDockerRegistryName": "${p:dockerRegistryName}"
                        },
                        "type": "runProcess",
                        "name": "docker tag push ics",
                        "children": []
                    }
                ]
            }
        },
        {
            "name": "pull push and run on ics or pull and run on docker",
            "description": "",
            "defaultWorkingDir": "${p:resource\/work.dir}\/${p:component.name}",
            "takesVersion": true,
            "inventoryActionType": "ADD",
            "status": "Active",
            "configActionType": "ADD",
            "active": true,
            "path": "componentTemplates\/d2cf13f1-eb70-4900-a065-3046e2a0e637\/processes\/a5018998-3b62-452c-aa5f-51b6a1c0161f",
            "propDefs": [],
            "rootActivity": {
                "edges": [
                    {
                        "to": "docker tag push ics",
                        "from": "NormalizeImageName",
                        "type": "SUCCESS",
                        "value": ""
                    },
                    {
                        "to": "84c5c9f70231ae948cf106bef86f88",
                        "from": "docker",
                        "type": "SUCCESS",
                        "value": ""
                    },
                    {
                        "to": "Docker Login",
                        "type": "ALWAYS",
                        "value": ""
                    },
                    {
                        "to": "ics run",
                        "from": "docker tag push ics",
                        "type": "SUCCESS",
                        "value": ""
                    },
                    {
                        "to": "84c5c9f70231ae948cf106bef86f88",
                        "from": "ics run",
                        "type": "SUCCESS",
                        "value": ""
                    },
                    {
                        "to": "NormalizeImageName",
                        "from": "Resource Type",
                        "type": "VALUE",
                        "value": "ics"
                    },
                    {
                        "to": "docker",
                        "from": "Resource Type",
                        "type": "VALUE",
                        "value": "docker"
                    },
                    {
                        "to": "Resource Type",
                        "from": "Docker Login",
                        "type": "SUCCESS",
                        "value": ""
                    }
                ],
                "offsets": [
                    {
                        "name": "84c5c9f70231ae948cf106bef86f88",
                        "x": 0,
                        "y": 590,
                        "h": 60,
                        "w": 80
                    },
                    {
                        "name": "NormalizeImageName",
                        "x": 210,
                        "y": 290,
                        "h": 60,
                        "w": 200
                    },
                    {
                        "name": "docker",
                        "x": -335,
                        "y": 390,
                        "h": 60,
                        "w": 210
                    },
                    {
                        "name": "docker tag push ics",
                        "x": 205,
                        "y": 390,
                        "h": 60,
                        "w": 210
                    },
                    {
                        "name": "ics run",
                        "x": 235,
                        "y": 490,
                        "h": 60,
                        "w": 150
                    },
                    {
                        "name": "Docker Login",
                        "x": -50,
                        "y": 90,
                        "h": 60,
                        "w": 180
                    },
                    {
                        "name": "Resource Type",
                        "x": -80,
                        "y": 190,
                        "h": 60,
                        "w": 240
                    }
                ],
                "type": "graph",
                "name": "61b46ac2-5ecb-4bbc-8ad7-895ffa1a5cff",
                "children": [
                    {
                        "type": "finish",
                        "name": "84c5c9f70231ae948cf106bef86f88",
                        "children": []
                    },
                    {
                        "propertyName": "${p:resourceType}",
                        "type": "switch",
                        "name": "Resource Type",
                        "children": []
                    },
                    {
                        "processName": "docker pull and run",
                        "resourcePath": "${p:resource.path}",
                        "properties": {
                            "gpDockerRegistryPassword": "${p:dockerRegistryPassword}",
                            "resourcePath": "${p:resource.path}",
                            "gpDockerRegistryEmail": "${p:dockerRegistryUserEmail}",
                            "gpDockerCommandAndArguments": "${p:dockerCommandAndArguments}",
                            "gpDockerContainerName": "${p:component.name}",
                            "processId": "650e3b79-1715-4ff1-a4e8-b11fcb581ce8",
                            "gpDockerRegistryUsername": "${p:dockerRegistryUsername}",
                            "gpDockerImageTag": "${p:version\/dockerImageTag}",
                            "gpDockerImageName": "${p:dockerImageName}",
                            "gpDockerRunOptions": "${p:dockerRunOptions} ${dockerEnvironmentRunOptions}",
                            "gpDockerRegistryName": "${p:dockerRegistryName}"
                        },
                        "type": "runProcess",
                        "name": "docker",
                        "children": []
                    },
                    {
                        "allowFailure": false,
                        "useImpersonation": false,
                        "showHidden": false,
                        "impersonationUseSudo": false,
                        "postProcessingScript": {
                            "id": "709d7db8-eb67-4608-906b-8a5e95d36f97",
                            "name": "normalizeIcsImageName",
                            "description": "",
                            "body": "var exit = properties.get('exitCode');\r\n\r\n\/\/ find a line that starts with the prefix\r\nvar imageName\r\nvar prefix = \"#image name:\"\r\nscanner.register(\"^\" + prefix + \".*$\", function(lineNumber, line) {\r\n    imageName = line\r\n});\r\nscanner.scan()\r\n\r\n\/\/ remove the prefix and replace the second of two\r\n\/\/ slashes with an underscore\r\nimageName = imageName.substring(prefix.length)\r\nvar paths = imageName.split(\"\/\")\r\nif (paths.length == 3) {\r\n    imageName = paths[0] + \"\/\" + paths[1] + \"_\" + paths[2]\r\n}\r\ncommandOut.println(\"string:\" + imageName)\r\nproperties.put('string', imageName);\r\n\r\nif (exit == 0) {\r\n    properties.put('Status', 'Success');\r\n}\r\nelse {\r\n     properties.put('Status', 'Failure');\r\n}\r\n"
                        },
                        "commandName": "Shell",
                        "pluginName": "Shell",
                        "pluginVersion": 5,
                        "properties": {
                            "directoryOffset": ".",
                            "shellInterpreter": "",
                            "scriptBody": "#image name:${p:icsImageName}",
                            "runAsDaemon": "false",
                            "outputFile": ""
                        },
                        "type": "plugin",
                        "name": "NormalizeImageName",
                        "children": []
                    },
                    {
                        "allowFailure": false,
                        "useImpersonation": false,
                        "showHidden": false,
                        "impersonationUseSudo": false,
                        "commandName": "Docker Login",
                        "pluginName": "Docker And Ics",
                        "pluginVersion": 1,
                        "properties": {
                            "dockerRegistryName": "${p:dockerRegistryName}",
                            "dockerRegistryUserName": "${p:dockerRegistryUsername}",
                            "dockerRegistryUserPassword": "${p:dockerRegistryPassword}",
                            "dockerRegistryUserEmail": "${p:dockerRegistryUserEmail}"
                        },
                        "type": "plugin",
                        "name": "Docker Login",
                        "children": []
                    },
                    {
                        "processName": "ics run",
                        "resourcePath": "${p:resource.path}",
                        "properties": {
                            "resourcePath": "${p:resource.path}",
                            "gpDockerCommandAndArguments": "${p:dockerCommandAndArguments} ",
                            "gpDockerContainerName": "${p:component.name}",
                            "processId": "c5123978-2765-42a6-a56b-0862df58491a",
                            "gpDockerImageTag": "${p:version\/dockerImageTag}",
                            "gpDockerImageName": "${p:NormalizeImageName\/string}",
                            "gpDockerRunOptions": "${p:icsRunOptions} ${p:icsEnvironmentRunOptions}",
                            "gpDockerRegistryName": "${p:icsRegistryName}"
                        },
                        "type": "runProcess",
                        "name": "ics run",
                        "children": []
                    },
                    {
                        "processName": "docker tag push ics",
                        "resourcePath": "${p:resource.path}",
                        "properties": {
                            "gpIcsOrganization": "${p:icsOrganization}",
                            "processId": "21f1f34b-5ac4-4219-a734-0a2889b3e705",
                            "gpIcsHostName": "${p?:icsHostName}",
                            "gpDockerImageTag": "${p:version\/dockerImageTag}",
                            "gpIcsRegistryUsername": "${p:icsRegistryUsername}",
                            "gpIcsSpace": "${p:icsSpace}",
                            "gpIcsImageName": "${p:NormalizeImageName\/string}",
                            "resourcePath": "${p:resource.path}",
                            "gpDockerImageName": "${p:dockerImageName}",
                            "gpIcsRegistryName": "${p:icsRegistryName}",
                            "gpIcsApiName": "${p?:icsApiName}",
                            "gpIcsRegistryPassword": "${p:icsRegistryPassword}",
                            "gpDockerRegistryName": "${p:dockerRegistryName}"
                        },
                        "type": "runProcess",
                        "name": "docker tag push ics",
                        "children": []
                    }
                ]
            }
        },
        {
            "name": "push to docker registry",
            "description": "Pushes images to the on-premise docker registry",
            "defaultWorkingDir": "${p:resource\/work.dir}\/${p:component.name}",
            "takesVersion": true,
            "inventoryActionType": "ADD",
            "status": "Active",
            "configActionType": "ADD",
            "active": true,
            "path": "componentTemplates\/d2cf13f1-eb70-4900-a065-3046e2a0e637\/processes\/b3edf258-cf48-4221-ba5e-819bffe7ccfe",
            "propDefs": [],
            "rootActivity": {
                "edges": [
                    {
                        "to": "Docker Pull Image",
                        "from": "Resource Type",
                        "type": "VALUE",
                        "value": "registry"
                    },
                    {
                        "to": "Set Component Property for Image Repository",
                        "from": "Docker Push Image",
                        "type": "SUCCESS",
                        "value": ""
                    },
                    {
                        "to": "Shell",
                        "from": "Resource Type",
                        "type": "VALUE",
                        "value": ""
                    },
                    {
                        "to": "Docker Tag Image",
                        "from": "Docker Pull Image",
                        "type": "SUCCESS",
                        "value": ""
                    },
                    {
                        "to": "4a300cbc197b9f18c2d338c00fd92f",
                        "from": "Set Component Property for Image Repository",
                        "type": "SUCCESS",
                        "value": ""
                    },
                    {
                        "to": "4a300cbc197b9f18c2d338c00fd92f",
                        "from": "Shell",
                        "type": "FAILURE",
                        "value": ""
                    },
                    {
                        "to": "Resource Type",
                        "from": "Docker Login",
                        "type": "SUCCESS",
                        "value": ""
                    },
                    {
                        "to": "Docker Push Image",
                        "from": "Docker Tag Image",
                        "type": "ALWAYS",
                        "value": ""
                    },
                    {
                        "to": "Docker Login",
                        "type": "ALWAYS",
                        "value": ""
                    }
                ],
                "offsets": [
                    {
                        "name": "Shell",
                        "x": -30,
                        "y": 365,
                        "h": 60,
                        "w": 140
                    },
                    {
                        "name": "Docker Pull Image",
                        "x": 345,
                        "y": 265,
                        "h": 60,
                        "w": 210
                    },
                    {
                        "name": "Docker Login",
                        "x": -50,
                        "y": 90,
                        "h": 60,
                        "w": 180
                    },
                    {
                        "name": "Docker Push Image",
                        "x": 345,
                        "y": 465,
                        "h": 60,
                        "w": 210
                    },
                    {
                        "name": "Resource Type",
                        "x": -80,
                        "y": 190,
                        "h": 60,
                        "w": 240
                    },
                    {
                        "name": "Set Component Property for Image Repository",
                        "x": 285,
                        "y": 560,
                        "h": 60,
                        "w": 330
                    },
                    {
                        "name": "Docker Tag Image",
                        "x": 345,
                        "y": 365,
                        "h": 60,
                        "w": 210
                    },
                    {
                        "name": "4a300cbc197b9f18c2d338c00fd92f",
                        "x": 0,
                        "y": 640,
                        "h": 60,
                        "w": 80
                    }
                ],
                "type": "graph",
                "name": "cbb098fd-b1dd-4540-bf44-9ee72ce03562",
                "children": [
                    {
                        "type": "finish",
                        "name": "4a300cbc197b9f18c2d338c00fd92f",
                        "children": []
                    },
                    {
                        "propertyName": "${p:resourceType}",
                        "type": "switch",
                        "name": "Resource Type",
                        "children": []
                    },
                    {
                        "allowFailure": false,
                        "useImpersonation": false,
                        "showHidden": false,
                        "impersonationUseSudo": false,
                        "commandName": "Docker Login",
                        "pluginName": "Docker And Ics",
                        "pluginVersion": 1,
                        "properties": {
                            "dockerRegistryName": "${p:dockerRegistryName}",
                            "dockerRegistryUserName": "${p:dockerRegistryUsername}",
                            "dockerRegistryUserPassword": "${p:dockerRegistryPassword}",
                            "dockerRegistryUserEmail": "${p:dockerRegistryUserEmail}"
                        },
                        "type": "plugin",
                        "name": "Docker Login",
                        "children": []
                    },
                    {
                        "allowFailure": false,
                        "useImpersonation": false,
                        "showHidden": false,
                        "impersonationUseSudo": false,
                        "commandName": "Shell",
                        "pluginName": "Shell",
                        "pluginVersion": 5,
                        "properties": {
                            "directoryOffset": ".",
                            "shellInterpreter": "",
                            "scriptBody": "echo \"Property resourceType must be set to registry in order to push images to the docker registry\"",
                            "runAsDaemon": "false",
                            "outputFile": ""
                        },
                        "type": "plugin",
                        "name": "Shell",
                        "children": []
                    },
                    {
                        "allowFailure": false,
                        "useImpersonation": false,
                        "showHidden": false,
                        "impersonationUseSudo": false,
                        "commandName": "Docker Pull Image",
                        "pluginName": "Docker And Ics",
                        "pluginVersion": 1,
                        "properties": {
                            "dockerRegistryName": "${p:dockerRegistryName}",
                            "dockerImageName": "${p:dockerImageName}",
                            "dockerImageTag": "${p:version\/dockerImageTag}"
                        },
                        "type": "plugin",
                        "name": "Docker Pull Image",
                        "children": []
                    },
                    {
                        "allowFailure": false,
                        "useImpersonation": false,
                        "showHidden": false,
                        "impersonationUseSudo": false,
                        "commandName": "Docker Tag Image",
                        "pluginName": "Docker And Ics",
                        "pluginVersion": 1,
                        "properties": {
                            "dockerOptions": "",
                            "sourceDockerRegistryName": "${p:dockerRegistryName}",
                            "sourceDockerImageName": "${p:dockerImageName}",
                            "sourceDockerImageTag": "${p:version\/dockerImageTag}",
                            "destinationDockerRegistryName": "${p:targetDockerRegistry}",
                            "destinationDockerImageName": "${p:dockerImageName}",
                            "destinationDockerImageTag": "${p:version\/dockerImageTag}"
                        },
                        "type": "plugin",
                        "name": "Docker Tag Image",
                        "children": []
                    },
                    {
                        "allowFailure": false,
                        "useImpersonation": false,
                        "showHidden": false,
                        "impersonationUseSudo": false,
                        "commandName": "Docker Push Image",
                        "pluginName": "Docker And Ics",
                        "pluginVersion": 1,
                        "properties": {
                            "dockerRegistryName": "",
                            "dockerImageName": "${p:targetDockerRegistry}\/${p:dockerImageName}:${p:version\/dockerImageTag}",
                            "dockerImageTag": ""
                        },
                        "type": "plugin",
                        "name": "Docker Push Image",
                        "children": []
                    },
                    {
                        "allowFailure": false,
                        "useImpersonation": false,
                        "showHidden": false,
                        "impersonationUseSudo": false,
                        "commandName": "Create Component Property",
                        "pluginName": "IBM UrbanCode Deploy Components",
                        "pluginVersion": 63,
                        "properties": {
                            "component": "${p:component.name}",
                            "name": "${p:targetDockerRegistry}\/${p:dockerImageName}:${p:version\/dockerImageTag}",
                            "value": "pushed",
                            "isSecure": "false"
                        },
                        "type": "plugin",
                        "name": "Set Component Property for Image Repository",
                        "children": []
                    }
                ]
            }
        }
    ],
    "genericProcesses": [
        {
            "name": "docker pull and run",
            "description": "",
            "rootActivity": {
                "edges": [
                    {
                        "to": "Docker Rm",
                        "from": "Docker Stop",
                        "type": "ALWAYS",
                        "value": ""
                    },
                    {
                        "to": "2b2d48e7f69c4055397a48b53115a6",
                        "from": "Docker Run",
                        "type": "SUCCESS",
                        "value": ""
                    },
                    {
                        "to": "Docker Pull Image",
                        "type": "ALWAYS",
                        "value": ""
                    },
                    {
                        "to": "Docker Run",
                        "from": "Docker Rm",
                        "type": "ALWAYS",
                        "value": ""
                    },
                    {
                        "to": "Docker Stop",
                        "from": "Docker Pull Image",
                        "type": "SUCCESS",
                        "value": ""
                    }
                ],
                "offsets": [
                    {
                        "name": "Docker Pull Image",
                        "x": -65,
                        "y": 100,
                        "h": 60,
                        "w": 210
                    },
                    {
                        "name": "Docker Rm",
                        "x": -45,
                        "y": 300,
                        "h": 60,
                        "w": 170
                    },
                    {
                        "name": "2b2d48e7f69c4055397a48b53115a6",
                        "x": 0,
                        "y": 500,
                        "h": 50,
                        "w": 80
                    },
                    {
                        "name": "Docker Stop",
                        "x": -45,
                        "y": 200,
                        "h": 60,
                        "w": 170
                    },
                    {
                        "name": "Docker Run",
                        "x": -45,
                        "y": 400,
                        "h": 60,
                        "w": 170
                    }
                ],
                "type": "graph",
                "name": "d5430cad-f55f-4db2-a564-196c3c1c7cf9",
                "children": [
                    {
                        "type": "finish",
                        "name": "2b2d48e7f69c4055397a48b53115a6",
                        "children": []
                    },
                    {
                        "allowFailure": false,
                        "useImpersonation": false,
                        "showHidden": false,
                        "impersonationUseSudo": false,
                        "commandName": "Docker Stop",
                        "pluginName": "Docker And Ics",
                        "pluginVersion": 1,
                        "properties": {
                            "dockerContainerName": "${gpDockerContainerName}",
                            "dockerCommandOptions": ""
                        },
                        "type": "plugin",
                        "name": "Docker Stop",
                        "children": []
                    },
                    {
                        "allowFailure": false,
                        "useImpersonation": false,
                        "showHidden": false,
                        "impersonationUseSudo": false,
                        "commandName": "Docker Rm",
                        "pluginName": "Docker And Ics",
                        "pluginVersion": 1,
                        "properties": {
                            "dockerContainerName": "${gpDockerContainerName}",
                            "dockerCommandOptions": ""
                        },
                        "type": "plugin",
                        "name": "Docker Rm",
                        "children": []
                    },
                    {
                        "allowFailure": false,
                        "useImpersonation": false,
                        "showHidden": false,
                        "impersonationUseSudo": false,
                        "commandName": "Docker Pull Image",
                        "pluginName": "Docker And Ics",
                        "pluginVersion": 1,
                        "properties": {
                            "dockerRegistryName": "${p:gpDockerRegistryName}",
                            "dockerImageName": "${p:gpDockerImageName}",
                            "dockerImageTag": "${p:gpDockerImageTag}"
                        },
                        "type": "plugin",
                        "name": "Docker Pull Image",
                        "children": []
                    },
                    {
                        "allowFailure": false,
                        "useImpersonation": false,
                        "showHidden": false,
                        "impersonationUseSudo": false,
                        "commandName": "Docker Run",
                        "pluginName": "Docker And Ics",
                        "pluginVersion": 1,
                        "properties": {
                            "dockerOptions": "${p:gpDockerRunOptions}",
                            "dockerContainerName": "${p:gpDockerContainerName}",
                            "dockerRegistryName": "${p:gpDockerRegistryName}",
                            "dockerImageName": "${p:gpDockerImageName}",
                            "dockerImageTag": "${p:gpDockerImageTag}",
                            "dockerCommandAndArguments": "${p:gpDockerCommandAndArguments}"
                        },
                        "type": "plugin",
                        "name": "Docker Run",
                        "children": []
                    }
                ]
            },
            "properties": [
                {
                    "name": "contextType",
                    "value": "Resource",
                    "description": "",
                    "secure": false
                },
                {
                    "name": "workingDir",
                    "value": "${p:resource\/work.dir}\/${p:process.name}",
                    "description": "",
                    "secure": false
                }
            ],
            "propDefs": [
                {
                    "name": "gpDockerRegistryName",
                    "label": "Docker Registry Name",
                    "pattern": "",
                    "type": "TEXT",
                    "value": "${p:dockerRegistryName}",
                    "required": false,
                    "description": "",
                    "placeholder": ""
                },
                {
                    "name": "gpDockerImageName",
                    "label": "Docker Image Name",
                    "pattern": "",
                    "type": "TEXT",
                    "value": "${p:dockerImageName}",
                    "required": false,
                    "description": "",
                    "placeholder": ""
                },
                {
                    "name": "gpDockerImageTag",
                    "label": "Docker Image Tag",
                    "pattern": "",
                    "type": "TEXT",
                    "value": "${p:version\/dockerImageTag}",
                    "required": false,
                    "description": "",
                    "placeholder": ""
                },
                {
                    "name": "gpDockerContainerName",
                    "label": "Docker Container Name",
                    "pattern": "",
                    "type": "TEXT",
                    "value": "${p:component.name}",
                    "required": false,
                    "description": "",
                    "placeholder": ""
                },
                {
                    "name": "gpDockerRunOptions",
                    "label": "Docker Run Options",
                    "pattern": "",
                    "type": "TEXT",
                    "value": "${p:dockerRunOptions} ${p:dockerEnvironmentRunOptions}",
                    "required": false,
                    "description": "",
                    "placeholder": ""
                },
                {
                    "name": "gpDockerCommandAndArguments",
                    "label": "Docker Command And Arguments",
                    "pattern": "",
                    "type": "TEXT",
                    "value": "${p:dockerCommandAndArguments}",
                    "required": false,
                    "description": "",
                    "placeholder": ""
                }
            ],
            "teamMappings": []
        },
        {
            "name": "ics run",
            "description": "",
            "rootActivity": {
                "edges": [
                    {
                        "to": "Shell",
                        "from": "Ics Rm",
                        "type": "ALWAYS",
                        "value": ""
                    },
                    {
                        "to": "Ics Stop",
                        "type": "ALWAYS",
                        "value": ""
                    },
                    {
                        "to": "ICS Run Command",
                        "from": "Shell",
                        "type": "SUCCESS",
                        "value": ""
                    },
                    {
                        "to": "85ab305a190297c043871d07d82fca",
                        "from": "ICS Run Command",
                        "type": "SUCCESS",
                        "value": ""
                    },
                    {
                        "to": "Ics Rm",
                        "from": "Ics Stop",
                        "type": "ALWAYS",
                        "value": ""
                    }
                ],
                "offsets": [
                    {
                        "name": "85ab305a190297c043871d07d82fca",
                        "x": 0,
                        "y": 500,
                        "h": 60,
                        "w": 80
                    },
                    {
                        "name": "Ics Stop",
                        "x": -35,
                        "y": 100,
                        "h": 60,
                        "w": 150
                    },
                    {
                        "name": "ICS Run Command",
                        "x": -65,
                        "y": 400,
                        "h": 60,
                        "w": 210
                    },
                    {
                        "name": "Shell",
                        "x": -35,
                        "y": 300,
                        "h": 60,
                        "w": 150
                    },
                    {
                        "name": "Ics Rm",
                        "x": -35,
                        "y": 200,
                        "h": 60,
                        "w": 150
                    }
                ],
                "type": "graph",
                "name": "5ed8e44d-0733-4b95-b01c-2f1c5a09c961",
                "children": [
                    {
                        "type": "finish",
                        "name": "85ab305a190297c043871d07d82fca",
                        "children": []
                    },
                    {
                        "allowFailure": false,
                        "useImpersonation": false,
                        "showHidden": false,
                        "impersonationUseSudo": false,
                        "commandName": "Ics Stop",
                        "pluginName": "Docker And Ics",
                        "pluginVersion": 1,
                        "properties": {
                            "dockerContainerName": "${p:gpDockerContainerName}",
                            "dockerCommandOptions": ""
                        },
                        "type": "plugin",
                        "name": "Ics Stop",
                        "children": []
                    },
                    {
                        "allowFailure": false,
                        "useImpersonation": false,
                        "showHidden": false,
                        "impersonationUseSudo": false,
                        "commandName": "Ics Rm",
                        "pluginName": "Docker And Ics",
                        "pluginVersion": 1,
                        "properties": {
                            "dockerContainerName": "${p:gpDockerContainerName}",
                            "dockerCommandOptions": ""
                        },
                        "type": "plugin",
                        "name": "Ics Rm",
                        "children": []
                    },
                    {
                        "allowFailure": false,
                        "useImpersonation": false,
                        "showHidden": false,
                        "impersonationUseSudo": false,
                        "commandName": "Shell",
                        "pluginName": "Shell",
                        "pluginVersion": 5,
                        "properties": {
                            "directoryOffset": ".",
                            "shellInterpreter": "",
                            "scriptBody": "sleep 3",
                            "runAsDaemon": "false",
                            "outputFile": ""
                        },
                        "type": "plugin",
                        "name": "Shell",
                        "children": []
                    },
                    {
                        "allowFailure": false,
                        "useImpersonation": false,
                        "showHidden": false,
                        "impersonationUseSudo": false,
                        "commandName": "ICS Run Command",
                        "pluginName": "Docker And Ics",
                        "pluginVersion": 1,
                        "properties": {
                            "dockerOptions": "${p:gpDockerRunOptions}",
                            "dockerContainerName": "${p:gpDockerContainerName}",
                            "dockerImageName": "${p:gpDockerImageName}",
                            "dockerImageTag": "${p:gpDockerImageTag}",
                            "dockerCommandAndArguments": "${p:gpDockerCommandAndArguments}"
                        },
                        "type": "plugin",
                        "name": "ICS Run Command",
                        "children": []
                    }
                ]
            },
            "properties": [
                {
                    "name": "contextType",
                    "value": "Resource",
                    "description": "",
                    "secure": false
                },
                {
                    "name": "workingDir",
                    "value": "${p:resource\/work.dir}\/${p:process.name}",
                    "description": "",
                    "secure": false
                }
            ],
            "propDefs": [
                {
                    "name": "gpDockerRegistryName",
                    "label": "Docker Registry Name",
                    "pattern": "",
                    "type": "TEXT",
                    "value": "${p:icsRegistryName}",
                    "required": false,
                    "description": "",
                    "placeholder": ""
                },
                {
                    "name": "gpDockerImageName",
                    "label": "Docker Image Name",
                    "pattern": "",
                    "type": "TEXT",
                    "value": "${p:dockerImageName}",
                    "required": false,
                    "description": "",
                    "placeholder": ""
                },
                {
                    "name": "gpDockerImageTag",
                    "label": "Docker Image Tag",
                    "pattern": "",
                    "type": "TEXT",
                    "value": "${p:version\/dockerImageTag}",
                    "required": false,
                    "description": "",
                    "placeholder": ""
                },
                {
                    "name": "gpDockerContainerName",
                    "label": "Docker Container Name",
                    "pattern": "",
                    "type": "TEXT",
                    "value": "${p:component.name}",
                    "required": false,
                    "description": "",
                    "placeholder": ""
                },
                {
                    "name": "gpDockerRunOptions",
                    "label": "Docker Run Options",
                    "pattern": "",
                    "type": "TEXT",
                    "value": "${p:icsRunOptions} ${p:icsEnvironmentRunOptions}",
                    "required": false,
                    "description": "",
                    "placeholder": ""
                },
                {
                    "name": "gpDockerCommandAndArguments",
                    "label": "Docker Command and Arguments",
                    "pattern": "",
                    "type": "TEXT",
                    "value": "${p:dockerCommandAndArguments}",
                    "required": false,
                    "description": "",
                    "placeholder": ""
                }
            ],
            "teamMappings": []
        },
        {
            "name": "docker tag push ics",
            "description": "Login and Pull from the docker registry to the agent.  Tag the image, login to bluemix and push to ICS",
            "rootActivity": {
                "edges": [
                    {
                        "to": "Ics Login",
                        "from": "Docker Tag Image",
                        "type": "SUCCESS",
                        "value": ""
                    },
                    {
                        "to": "Docker Tag Image",
                        "from": "Docker Pull Image",
                        "type": "SUCCESS",
                        "value": ""
                    },
                    {
                        "to": "4124f6243ffb4c1f4b8d96384322d0",
                        "from": "Docker Push Image",
                        "type": "SUCCESS",
                        "value": ""
                    },
                    {
                        "to": "Docker Pull Image",
                        "type": "ALWAYS",
                        "value": ""
                    },
                    {
                        "to": "Docker Push Image",
                        "from": "Ics Login",
                        "type": "SUCCESS",
                        "value": ""
                    }
                ],
                "offsets": [
                    {
                        "name": "Docker Pull Image",
                        "x": -65,
                        "y": 100,
                        "h": 60,
                        "w": 210
                    },
                    {
                        "name": "4124f6243ffb4c1f4b8d96384322d0",
                        "x": 0,
                        "y": 500,
                        "h": 60,
                        "w": 80
                    },
                    {
                        "name": "Docker Push Image",
                        "x": -65,
                        "y": 400,
                        "h": 60,
                        "w": 210
                    },
                    {
                        "name": "Ics Login",
                        "x": -40,
                        "y": 300,
                        "h": 60,
                        "w": 160
                    },
                    {
                        "name": "Docker Tag Image",
                        "x": -65,
                        "y": 200,
                        "h": 60,
                        "w": 210
                    }
                ],
                "type": "graph",
                "name": "09362e53-832c-4b2f-acf8-ce4fad32697f",
                "children": [
                    {
                        "type": "finish",
                        "name": "4124f6243ffb4c1f4b8d96384322d0",
                        "children": []
                    },
                    {
                        "allowFailure": false,
                        "useImpersonation": false,
                        "showHidden": false,
                        "impersonationUseSudo": false,
                        "commandName": "Docker Pull Image",
                        "pluginName": "Docker And Ics",
                        "pluginVersion": 1,
                        "properties": {
                            "dockerRegistryName": "${p:gpDockerRegistryName}",
                            "dockerImageName": "${p:gpDockerImageName}",
                            "dockerImageTag": "${p:gpDockerImageTag}"
                        },
                        "type": "plugin",
                        "name": "Docker Pull Image",
                        "children": []
                    },
                    {
                        "allowFailure": false,
                        "useImpersonation": false,
                        "showHidden": false,
                        "impersonationUseSudo": false,
                        "commandName": "Ics Login",
                        "pluginName": "Docker And Ics",
                        "pluginVersion": 1,
                        "properties": {
                            "icsUsername": "${p:gpIcsRegistryUsername}",
                            "icsPassword": "${p:gpIcsRegistryPassword}",
                            "icsOrganization": "${p:gpIcsOrganization}",
                            "icsSpace": "${p:gpIcsSpace}",
                            "icsHost": "",
                            "icsRegistry": "",
                            "icsApi": ""
                        },
                        "type": "plugin",
                        "name": "Ics Login",
                        "children": []
                    },
                    {
                        "allowFailure": false,
                        "useImpersonation": false,
                        "showHidden": false,
                        "impersonationUseSudo": false,
                        "commandName": "Docker Push Image",
                        "pluginName": "Docker And Ics",
                        "pluginVersion": 1,
                        "properties": {
                            "dockerRegistryName": "${p:gpIcsRegistryName}",
                            "dockerImageName": "${p:gpIcsImageName}",
                            "dockerImageTag": "${p:gpDockerImageTag}"
                        },
                        "type": "plugin",
                        "name": "Docker Push Image",
                        "children": []
                    },
                    {
                        "allowFailure": false,
                        "useImpersonation": false,
                        "showHidden": false,
                        "impersonationUseSudo": false,
                        "commandName": "Docker Tag Image",
                        "pluginName": "Docker And Ics",
                        "pluginVersion": 1,
                        "properties": {
                            "dockerOptions": "-f",
                            "sourceDockerRegistryName": "${p:gpDockerRegistryName}",
                            "sourceDockerImageName": "${p:gpDockerImageName}",
                            "sourceDockerImageTag": "${p:gpDockerImageTag}",
                            "destinationDockerRegistryName": "${p:gpIcsRegistryName}",
                            "destinationDockerImageName": "${p:gpIcsImageName}",
                            "destinationDockerImageTag": "${p:gpDockerImageTag}"
                        },
                        "type": "plugin",
                        "name": "Docker Tag Image",
                        "children": []
                    }
                ]
            },
            "properties": [
                {
                    "name": "contextType",
                    "value": "Resource",
                    "description": "",
                    "secure": false
                },
                {
                    "name": "workingDir",
                    "value": "${p:resource\/work.dir}\/${p:process.name}",
                    "description": "",
                    "secure": false
                }
            ],
            "propDefs": [
                {
                    "name": "gpDockerRegistryName",
                    "label": "Docker Registry Name",
                    "pattern": "",
                    "type": "TEXT",
                    "value": "${p:dockerRegistryName}",
                    "required": false,
                    "description": "Docker registry name.  Leave blank for docker hub",
                    "placeholder": ""
                },
                {
                    "name": "gpDockerImageName",
                    "label": "Docker Image Name",
                    "pattern": "",
                    "type": "TEXT",
                    "value": "${p:dockerImageName}",
                    "required": false,
                    "description": "Docker registry image name",
                    "placeholder": ""
                },
                {
                    "name": "gpDockerImageTag",
                    "label": "Docker Image Tag",
                    "pattern": "",
                    "type": "TEXT",
                    "value": "${p:version\/dockerImageTag}",
                    "required": false,
                    "description": "Docker registry image tag",
                    "placeholder": ""
                },
                {
                    "name": "gpIcsRegistryName",
                    "label": "ICS Registry Name",
                    "pattern": "",
                    "type": "TEXT",
                    "value": "${p:icsRegistryName}",
                    "required": false,
                    "description": "see ice -R",
                    "placeholder": ""
                },
                {
                    "name": "gpIcsImageName",
                    "label": "ICS Image Name",
                    "pattern": "",
                    "type": "TEXT",
                    "value": "${p:icsImageName}",
                    "required": false,
                    "description": "The ICS docker image name",
                    "placeholder": ""
                },
                {
                    "name": "gpIcsHostName",
                    "label": "ICS Host Name",
                    "pattern": "",
                    "type": "TEXT",
                    "value": "${p:icsHostName}",
                    "required": false,
                    "description": "see ice -H",
                    "placeholder": ""
                },
                {
                    "name": "gpIcsApiName",
                    "label": "ICS API Name",
                    "pattern": "",
                    "type": "TEXT",
                    "value": "${p:icsApiName}",
                    "required": false,
                    "description": "see ice -a",
                    "placeholder": ""
                },
                {
                    "name": "gpIcsRegistryPassword",
                    "label": "ICS Registry Password",
                    "pattern": "",
                    "type": "TEXT",
                    "value": "${p:icsRegistryPassword}",
                    "required": false,
                    "description": "",
                    "placeholder": ""
                },
                {
                    "name": "gpIcsOrganization",
                    "label": "ICS Organization",
                    "pattern": "",
                    "type": "TEXT",
                    "value": "${p:icsOrganization}",
                    "required": false,
                    "description": "",
                    "placeholder": ""
                },
                {
                    "name": "gpIcsSpace",
                    "label": "ICS Space",
                    "pattern": "",
                    "type": "TEXT",
                    "value": "${p:icsSpace}",
                    "required": false,
                    "description": "",
                    "placeholder": ""
                },
                {
                    "name": "gpIcsRegistryUsername",
                    "label": "ICS Registry Username",
                    "pattern": "",
                    "type": "TEXT",
                    "value": "${p:icsRegistryUsername}",
                    "required": false,
                    "description": "Bluemix user name",
                    "placeholder": ""
                }
            ],
            "teamMappings": []
        }
    ],
    "teamMappings": []
}