{
    "securityResourceId": "db71de87-a420-490e-b2b5-24c3937cb1fd",
    "path": "componentTemplates\/fb51dfc4-5b9b-42c9-be13-2df5e57959ed",
    "name": "Hybrid from ICS Registry",
    "description": "Images hosted on ICS designed to run in both environments",
    "ignoreQualifiers": 0,
    "componentType": "STANDARD",
    "tags": [],
    "sourceConfigPluginName": "Docker ICS Importer",
    "active": true,
    "sourceConfigProperties": [],
    "envPropDefs": [
        {
            "name": "icsEnvironmentRunOptions",
            "label": "ICS Environment Run Options",
            "pattern": "",
            "type": "TEXT",
            "required": false,
            "description": "",
            "placeholder": ""
        },
        {
            "name": "dockerEnvironmentRunOptions",
            "label": "Docker Environment Run Options",
            "pattern": "",
            "type": "TEXT",
            "required": false,
            "description": "",
            "placeholder": ""
        },
        {
            "name": "resourceType",
            "label": "Resource Type",
            "pattern": "",
            "type": "SELECT",
            "value": "ics",
            "required": false,
            "description": "",
            "placeholder": "",
            "allowedValues": [
                {
                    "label": "docker",
                    "value": "docker"
                },
                {
                    "label": "ics",
                    "value": "ics"
                },
                {
                    "label": "registry",
                    "value": "registry"
                }
            ]
        },
        {
            "name": "icsSpace",
            "label": "icsSpace",
            "pattern": "",
            "type": "TEXT",
            "value": "dev",
            "required": true,
            "description": "Cloud Foundry space you wish to deploy into",
            "placeholder": ""
        },
        {
            "name": "targetDockerRegistry",
            "label": "Target Docker Registry",
            "pattern": "",
            "type": "TEXT",
            "required": false,
            "description": "Target Docker Registry; required for push to docker registry process",
            "placeholder": ""
        }
    ],
    "propDefs": [
        {
            "name": "icsRunOptions",
            "label": "ICS Run Options",
            "pattern": "",
            "type": "TEXT",
            "required": false,
            "description": "",
            "placeholder": ""
        },
        {
            "name": "dockerRunOptions",
            "label": "Docker Run Options",
            "pattern": "",
            "type": "TEXT",
            "value": "-d",
            "required": false,
            "description": "",
            "placeholder": ""
        },
        {
            "name": "dockerCommandAndArguments",
            "label": "Docker Command and Arguments",
            "pattern": "",
            "type": "TEXT",
            "required": false,
            "description": "",
            "placeholder": ""
        },
        {
            "name": "icsCommandAndArguments",
            "label": "ICS Command And Arguments",
            "pattern": "",
            "type": "TEXT",
            "required": false,
            "description": " run [OPTIONS] IMAGE [COMMAND] [ARG...] -- provide [COMMAND] [ARG...]",
            "placeholder": ""
        },
        {
            "name": "icsOrganization",
            "label": "Bluemix organization",
            "pattern": "",
            "type": "TEXT",
            "value": "${p:system\/icsOrganization}",
            "required": true,
            "description": "Cloud Foundry Organization",
            "placeholder": ""
        },
        {
            "name": "icsSpace",
            "label": "Bluemix space",
            "pattern": "",
            "type": "TEXT",
            "value": "${p:system\/icsSpace}",
            "required": true,
            "description": "Registry namespace set when enabling the IBM Container Service",
            "placeholder": ""
        },
        {
            "name": "icsRegistryPassword",
            "label": "Bluemix password",
            "pattern": "",
            "type": "TEXT",
            "value": "${p:system\/icsRegistryPassword}",
            "required": true,
            "description": "Password used to login to bluemix ",
            "placeholder": ""
        },
        {
            "name": "icsRegistryUsername",
            "label": "Bluemix user id\/email",
            "pattern": "",
            "type": "TEXT",
            "value": "${p:system\/icsRegistryUsername}",
            "required": false,
            "description": "Userid used to login to Bluemix",
            "placeholder": ""
        }
    ],
    "properties": [{
        "name": "icsRegistryName",
        "value": "registry-ice.ng.bluemix.net",
        "description": "The value registry-ice.ng.bluemix.net is correct for IBM hosted ICS on bluemix. See ice login -R",
        "secure": false
    }],
    "processes": [
        {
            "name": "run on ics (dynamic ip bind) or pull and run on docker ",
            "description": "",
            "defaultWorkingDir": "${p:resource\/work.dir}\/${p:component.name}",
            "takesVersion": true,
            "inventoryActionType": "ADD",
            "status": "Active",
            "configActionType": "ADD",
            "active": true,
            "path": "componentTemplates\/fb51dfc4-5b9b-42c9-be13-2df5e57959ed\/processes\/a92776a0-6354-4a9f-bdc3-ffa2576d9ed7",
            "propDefs": [],
            "rootActivity": {
                "edges": [
                    {
                        "to": "Resource Type",
                        "from": "Ics Login",
                        "type": "SUCCESS",
                        "value": ""
                    },
                    {
                        "to": "docker pull and run",
                        "from": "Resource Type",
                        "type": "VALUE",
                        "value": ""
                    },
                    {
                        "to": "4a300cbc197b9f18c2d338c00fd92f",
                        "from": "Ics Bind Ip",
                        "type": "SUCCESS",
                        "value": ""
                    },
                    {
                        "to": "Ics Bind Ip",
                        "from": "ics run",
                        "type": "SUCCESS",
                        "value": ""
                    },
                    {
                        "to": "ics run",
                        "from": "Resource Type",
                        "type": "VALUE",
                        "value": "ics"
                    },
                    {
                        "to": "4a300cbc197b9f18c2d338c00fd92f",
                        "from": "docker pull and run",
                        "type": "SUCCESS",
                        "value": ""
                    },
                    {
                        "to": "Ics Login",
                        "type": "ALWAYS",
                        "value": ""
                    }
                ],
                "offsets": [
                    {
                        "name": "Ics Bind Ip",
                        "x": 205,
                        "y": 425,
                        "h": 60,
                        "w": 170
                    },
                    {
                        "name": "docker pull and run",
                        "x": -315,
                        "y": 375,
                        "h": 60,
                        "w": 210
                    },
                    {
                        "name": "ics run",
                        "x": 215,
                        "y": 325,
                        "h": 60,
                        "w": 150
                    },
                    {
                        "name": "Ics Login",
                        "x": -40,
                        "y": 100,
                        "h": 60,
                        "w": 160
                    },
                    {
                        "name": "Resource Type",
                        "x": -80,
                        "y": 200,
                        "h": 60,
                        "w": 240
                    },
                    {
                        "name": "4a300cbc197b9f18c2d338c00fd92f",
                        "x": 0,
                        "y": 550,
                        "h": 60,
                        "w": 80
                    }
                ],
                "type": "graph",
                "name": "82cc0ff7-275e-4ed7-aed9-b325bfcb5ac0",
                "children": [
                    {
                        "type": "finish",
                        "name": "4a300cbc197b9f18c2d338c00fd92f",
                        "children": []
                    },
                    {
                        "propertyName": "${p:resourceType}",
                        "type": "switch",
                        "name": "Resource Type",
                        "children": []
                    },
                    {
                        "allowFailure": false,
                        "useImpersonation": false,
                        "showHidden": false,
                        "impersonationUseSudo": false,
                        "commandName": "Ics Bind Ip",
                        "pluginName": "Docker And Ics",
                        "pluginVersion": 1,
                        "properties": {
                            "dockerContainerName": "${p:component.name}",
                            "icsIpAddress": ""
                        },
                        "type": "plugin",
                        "name": "Ics Bind Ip",
                        "children": []
                    },
                    {
                        "allowFailure": false,
                        "useImpersonation": false,
                        "showHidden": false,
                        "impersonationUseSudo": false,
                        "commandName": "Ics Login",
                        "pluginName": "Docker And Ics",
                        "pluginVersion": 1,
                        "properties": {
                            "icsUsername": "${p:component\/icsRegistryUsername}",
                            "icsPassword": "${p:component\/icsRegistryPassword}",
                            "icsOrganization": "${p:component\/icsOrganization}",
                            "icsSpace": "${p:component\/icsSpace}",
                            "icsHost": "${p?:icsHostName}",
                            "icsRegistry": "${p:icsRegistryName}",
                            "icsApi": "${p?:icsApiName}"
                        },
                        "type": "plugin",
                        "name": "Ics Login",
                        "children": []
                    },
                    {
                        "processName": "ics run",
                        "resourcePath": "${p:resource.path}",
                        "properties": {
                            "resourcePath": "${p:resource.path}",
                            "gpDockerCommandAndArguments": "${p:dockerCommandAndArguments} ",
                            "gpDockerContainerName": "${p:component.name}",
                            "processId": "c5123978-2765-42a6-a56b-0862df58491a",
                            "gpDockerImageTag": "${p:version\/dockerImageTag}",
                            "gpDockerImageName": "${p:dockerImageName}",
                            "gpDockerRunOptions": "${p:icsRunOptions} ${p:icsEnvironmentRunOptions}",
                            "gpDockerRegistryName": "${p:icsRegistryName}"
                        },
                        "type": "runProcess",
                        "name": "ics run",
                        "children": []
                    },
                    {
                        "processName": "docker pull and run",
                        "resourcePath": "${p:resource.path}",
                        "properties": {
                            "resourcePath": "${p:resource.path}",
                            "gpDockerCommandAndArguments": "${p:dockerCommandAndArguments}",
                            "gpDockerContainerName": "${p:component.name}",
                            "processId": "1a6f77b0-01ca-4cd3-9854-ef9ff3fdb756",
                            "gpDockerImageTag": "${p:version\/dockerImageTag}",
                            "gpDockerImageName": "${p:dockerImageName}",
                            "gpDockerRunOptions": "${p:dockerRunOptions} ${p:dockerEnvironmentRunOptions}",
                            "gpDockerRegistryName": "${p:icsRegistryName}"
                        },
                        "type": "runProcess",
                        "name": "docker pull and run",
                        "children": []
                    }
                ]
            }
        },
        {
            "name": "run on ics or pull and run on docker",
            "description": "",
            "defaultWorkingDir": "${p:resource\/work.dir}\/${p:component.name}",
            "takesVersion": true,
            "inventoryActionType": "ADD",
            "status": "Active",
            "configActionType": "ADD",
            "active": true,
            "path": "componentTemplates\/fb51dfc4-5b9b-42c9-be13-2df5e57959ed\/processes\/7889f942-9b6b-4326-82a6-8517a6704b7f",
            "propDefs": [],
            "rootActivity": {
                "edges": [
                    {
                        "to": "4a300cbc197b9f18c2d338c00fd92f",
                        "from": "ics run",
                        "type": "SUCCESS",
                        "value": ""
                    },
                    {
                        "to": "4a300cbc197b9f18c2d338c00fd92f",
                        "from": "docker pull and run",
                        "type": "SUCCESS",
                        "value": ""
                    },
                    {
                        "to": "docker pull and run",
                        "from": "Resource Type",
                        "type": "VALUE",
                        "value": ""
                    },
                    {
                        "to": "Resource Type",
                        "from": "Ics Login",
                        "type": "SUCCESS",
                        "value": ""
                    },
                    {
                        "to": "Ics Login",
                        "type": "ALWAYS",
                        "value": ""
                    },
                    {
                        "to": "ics run",
                        "from": "Resource Type",
                        "type": "VALUE",
                        "value": "ics"
                    }
                ],
                "offsets": [
                    {
                        "name": "Ics Login",
                        "x": -40,
                        "y": 100,
                        "h": 60,
                        "w": 160
                    },
                    {
                        "name": "4a300cbc197b9f18c2d338c00fd92f",
                        "x": 0,
                        "y": 500,
                        "h": 60,
                        "w": 80
                    },
                    {
                        "name": "ics run",
                        "x": 105,
                        "y": 350,
                        "h": 60,
                        "w": 150
                    },
                    {
                        "name": "docker pull and run",
                        "x": -205,
                        "y": 350,
                        "h": 60,
                        "w": 210
                    },
                    {
                        "name": "Resource Type",
                        "x": -80,
                        "y": 200,
                        "h": 60,
                        "w": 240
                    }
                ],
                "type": "graph",
                "name": "934f5a45-ec5a-4967-a710-5cfba6bde377",
                "children": [
                    {
                        "type": "finish",
                        "name": "4a300cbc197b9f18c2d338c00fd92f",
                        "children": []
                    },
                    {
                        "propertyName": "${p:resourceType}",
                        "type": "switch",
                        "name": "Resource Type",
                        "children": []
                    },
                    {
                        "allowFailure": false,
                        "useImpersonation": false,
                        "showHidden": false,
                        "impersonationUseSudo": false,
                        "commandName": "Ics Login",
                        "pluginName": "Docker And Ics",
                        "pluginVersion": 1,
                        "properties": {
                            "icsUsername": "${p:component\/icsRegistryUsername}",
                            "icsPassword": "${p:component\/icsRegistryPassword}",
                            "icsOrganization": "${p:component\/icsOrganization}",
                            "icsSpace": "${p:component\/icsSpace}",
                            "icsHost": "${p?:icsHostName}",
                            "icsRegistry": "${p:icsRegistryName}",
                            "icsApi": "${p?:icsApiName}"
                        },
                        "type": "plugin",
                        "name": "Ics Login",
                        "children": []
                    },
                    {
                        "processName": "ics run",
                        "resourcePath": "${p:resource.path}",
                        "properties": {
                            "resourcePath": "${p:resource.path}",
                            "gpDockerCommandAndArguments": "${p:dockerCommandAndArguments} ",
                            "gpDockerContainerName": "${p:component.name}",
                            "processId": "c5123978-2765-42a6-a56b-0862df58491a",
                            "gpDockerImageTag": "${p:version\/dockerImageTag}",
                            "gpDockerImageName": "${p:dockerImageName}",
                            "gpDockerRunOptions": "${p:icsRunOptions} ${p:icsEnvironmentRunOptions}",
                            "gpDockerRegistryName": "${p:icsRegistryName}"
                        },
                        "type": "runProcess",
                        "name": "ics run",
                        "children": []
                    },
                    {
                        "processName": "docker pull and run",
                        "resourcePath": "${p:resource.path}",
                        "properties": {
                            "resourcePath": "${p:resource.path}",
                            "gpDockerCommandAndArguments": "${p:dockerCommandAndArguments}",
                            "gpDockerContainerName": "${p:component.name}",
                            "processId": "1a6f77b0-01ca-4cd3-9854-ef9ff3fdb756",
                            "gpDockerImageTag": "${p:version\/dockerImageTag}",
                            "gpDockerImageName": "${p:dockerImageName}",
                            "gpDockerRunOptions": "${p:dockerRunOptions} ${p:dockerEnvironmentRunOptions}",
                            "gpDockerRegistryName": "${p:icsRegistryName}"
                        },
                        "type": "runProcess",
                        "name": "docker pull and run",
                        "children": []
                    }
                ]
            }
        },
        {
            "name": "push to docker registry",
            "description": "Pushes images to the on-premise docker registry",
            "defaultWorkingDir": "${p:resource\/work.dir}\/${p:component.name}",
            "takesVersion": true,
            "inventoryActionType": "ADD",
            "status": "Active",
            "configActionType": "ADD",
            "active": true,
            "path": "componentTemplates\/cded805e-f5f7-498b-938e-9e81b445851a\/processes\/44252903-602f-4d94-af09-6bddc19c862a",
            "propDefs": [],
            "rootActivity": {
                "edges": [
                    {
                        "to": "Docker Tag Image",
                        "from": "Docker Pull Image",
                        "type": "SUCCESS",
                        "value": ""
                    },
                    {
                        "to": "Ics Login",
                        "type": "ALWAYS",
                        "value": ""
                    },
                    {
                        "to": "Resource Type",
                        "from": "Ics Login",
                        "type": "SUCCESS",
                        "value": ""
                    },
                    {
                        "to": "Set Component Property for Image Repository",
                        "from": "Docker Push Image",
                        "type": "SUCCESS",
                        "value": ""
                    },
                    {
                        "to": "Docker Pull Image",
                        "from": "Resource Type",
                        "type": "VALUE",
                        "value": "registry"
                    },
                    {
                        "to": "Docker Push Image",
                        "from": "Docker Tag Image",
                        "type": "ALWAYS",
                        "value": ""
                    },
                    {
                        "to": "4a300cbc197b9f18c2d338c00fd92f",
                        "from": "Shell",
                        "type": "FAILURE",
                        "value": ""
                    },
                    {
                        "to": "Shell",
                        "from": "Resource Type",
                        "type": "VALUE",
                        "value": ""
                    },
                    {
                        "to": "4a300cbc197b9f18c2d338c00fd92f",
                        "from": "Set Component Property for Image Repository",
                        "type": "SUCCESS",
                        "value": ""
                    }
                ],
                "offsets": [
                    {
                        "name": "Docker Push Image",
                        "x": 345,
                        "y": 465,
                        "h": 60,
                        "w": 210
                    },
                    {
                        "name": "Set Component Property for Image Repository",
                        "x": 285,
                        "y": 565,
                        "h": 60,
                        "w": 330
                    },
                    {
                        "name": "4a300cbc197b9f18c2d338c00fd92f",
                        "x": 0,
                        "y": 640,
                        "h": 60,
                        "w": 80
                    },
                    {
                        "name": "Docker Tag Image",
                        "x": 345,
                        "y": 365,
                        "h": 60,
                        "w": 210
                    },
                    {
                        "name": "Resource Type",
                        "x": -80,
                        "y": 190,
                        "h": 60,
                        "w": 240
                    },
                    {
                        "name": "Docker Pull Image",
                        "x": 345,
                        "y": 265,
                        "h": 60,
                        "w": 210
                    },
                    {
                        "name": "Ics Login",
                        "x": -40,
                        "y": 90,
                        "h": 60,
                        "w": 160
                    },
                    {
                        "name": "Shell",
                        "x": -30,
                        "y": 365,
                        "h": 60,
                        "w": 140
                    }
                ],
                "type": "graph",
                "name": "d646e8fb-e420-48a0-a1f9-21c9a9cd5a89",
                "children": [
                    {
                        "type": "finish",
                        "name": "4a300cbc197b9f18c2d338c00fd92f",
                        "children": []
                    },
                    {
                        "propertyName": "${p:resourceType}",
                        "type": "switch",
                        "name": "Resource Type",
                        "children": []
                    },
                    {
                        "allowFailure": false,
                        "useImpersonation": false,
                        "showHidden": false,
                        "impersonationUseSudo": false,
                        "commandName": "Ics Login",
                        "pluginName": "Docker And Ics",
                        "pluginVersion": 1,
                        "properties": {
                            "icsUsername": "${p:component\/icsRegistryUsername}",
                            "icsPassword": "${p:component\/icsRegistryPassword}",
                            "icsOrganization": "${p:component\/icsOrganization}",
                            "icsSpace": "${p:component\/icsSpace}",
                            "icsHost": "${p?:icsHostName}",
                            "icsRegistry": "${p:icsRegistryName}",
                            "icsApi": "${p?:icsApiName}"
                        },
                        "type": "plugin",
                        "name": "Ics Login",
                        "children": []
                    },
                    {
                        "allowFailure": false,
                        "useImpersonation": false,
                        "showHidden": false,
                        "impersonationUseSudo": false,
                        "commandName": "Shell",
                        "pluginName": "Shell",
                        "pluginVersion": 5,
                        "properties": {
                            "directoryOffset": ".",
                            "shellInterpreter": "",
                            "scriptBody": "echo \"Property resourceType must be set to registry in order to push images to the docker registry\"",
                            "runAsDaemon": "false",
                            "outputFile": ""
                        },
                        "type": "plugin",
                        "name": "Shell",
                        "children": []
                    },
                    {
                        "allowFailure": false,
                        "useImpersonation": false,
                        "showHidden": false,
                        "impersonationUseSudo": false,
                        "commandName": "Docker Pull Image",
                        "pluginName": "Docker And Ics",
                        "pluginVersion": 1,
                        "properties": {
                            "dockerRegistryName": "${p:icsRegistryName}",
                            "dockerImageName": "${p:dockerImageName}",
                            "dockerImageTag": "${p:version\/dockerImageTag}"
                        },
                        "type": "plugin",
                        "name": "Docker Pull Image",
                        "children": []
                    },
                    {
                        "allowFailure": false,
                        "useImpersonation": false,
                        "showHidden": false,
                        "impersonationUseSudo": false,
                        "commandName": "Docker Tag Image",
                        "pluginName": "Docker And Ics",
                        "pluginVersion": 1,
                        "properties": {
                            "dockerOptions": "",
                            "sourceDockerRegistryName": "${p:icsRegistryName}",
                            "sourceDockerImageName": "${p:dockerImageName}",
                            "sourceDockerImageTag": "${p:version\/dockerImageTag}",
                            "destinationDockerRegistryName": "${p:targetDockerRegistry}",
                            "destinationDockerImageName": "${p:dockerImageName}",
                            "destinationDockerImageTag": "${p:version\/dockerImageTag}"
                        },
                        "type": "plugin",
                        "name": "Docker Tag Image",
                        "children": []
                    },
                    {
                        "allowFailure": false,
                        "useImpersonation": false,
                        "showHidden": false,
                        "impersonationUseSudo": false,
                        "commandName": "Docker Push Image",
                        "pluginName": "Docker And Ics",
                        "pluginVersion": 1,
                        "properties": {
                            "dockerRegistryName": "",
                            "dockerImageName": "${p:targetDockerRegistry}\/${p:dockerImageName}:${p:version\/dockerImageTag}",
                            "dockerImageTag": ""
                        },
                        "type": "plugin",
                        "name": "Docker Push Image",
                        "children": []
                    },
                    {
                        "allowFailure": false,
                        "useImpersonation": false,
                        "showHidden": false,
                        "impersonationUseSudo": false,
                        "commandName": "Create Component Property",
                        "pluginName": "IBM UrbanCode Deploy Components",
                        "pluginVersion": 63,
                        "properties": {
                            "component": "${p:component.name}",
                            "name": "${p:targetDockerRegistry}\/${p:dockerImageName}:${p:version\/dockerImageTag}",
                            "value": "pushed",
                            "isSecure": "false"
                        },
                        "type": "plugin",
                        "name": "Set Component Property for Image Repository",
                        "children": []
                    }
                ]
            }
        },
        {
            "name": "run on ics or run on docker",
            "description": "operational process to run or restart containers",
            "defaultWorkingDir": "${p:resource\/work.dir}\/${p:component.name}",
            "takesVersion": true,
            "status": "",
            "active": true,
            "path": "componentTemplates\/fb51dfc4-5b9b-42c9-be13-2df5e57959ed\/processes\/952d8919-13e0-4988-9993-93525f526ceb",
            "propDefs": [],
            "rootActivity": {
                "edges": [
                    {
                        "to": "ics run",
                        "from": "Ics Login",
                        "type": "SUCCESS",
                        "value": ""
                    },
                    {
                        "to": "docker run",
                        "from": "Resource Type",
                        "type": "VALUE",
                        "value": ""
                    },
                    {
                        "to": "Resource Type",
                        "type": "ALWAYS",
                        "value": ""
                    },
                    {
                        "to": "4a300cbc197b9f18c2d338c00fd92f",
                        "from": "docker run",
                        "type": "SUCCESS",
                        "value": ""
                    },
                    {
                        "to": "Ics Login",
                        "from": "Resource Type",
                        "type": "VALUE",
                        "value": "ics"
                    },
                    {
                        "to": "4a300cbc197b9f18c2d338c00fd92f",
                        "from": "ics run",
                        "type": "SUCCESS",
                        "value": ""
                    }
                ],
                "offsets": [
                    {
                        "name": "docker run",
                        "x": -194,
                        "y": 290,
                        "h": 60,
                        "w": 170
                    },
                    {
                        "name": "ics run",
                        "x": 105,
                        "y": 350,
                        "h": 60,
                        "w": 150
                    },
                    {
                        "name": "Ics Login",
                        "x": 100,
                        "y": 220,
                        "h": 60,
                        "w": 160
                    },
                    {
                        "name": "Resource Type",
                        "x": -80,
                        "y": 100,
                        "h": 60,
                        "w": 240
                    },
                    {
                        "name": "4a300cbc197b9f18c2d338c00fd92f",
                        "x": 11,
                        "y": 500,
                        "h": 60,
                        "w": 80
                    }
                ],
                "type": "graph",
                "name": "276af938-43d3-490b-b5ea-c525a6028a06",
                "children": [
                    {
                        "type": "finish",
                        "name": "4a300cbc197b9f18c2d338c00fd92f",
                        "children": []
                    },
                    {
                        "propertyName": "${p:resourceType}",
                        "type": "switch",
                        "name": "Resource Type",
                        "children": []
                    },
                    {
                        "allowFailure": false,
                        "useImpersonation": false,
                        "showHidden": false,
                        "impersonationUseSudo": false,
                        "commandName": "Ics Login",
                        "pluginName": "Docker And Ics",
                        "pluginVersion": 1,
                        "properties": {
                            "icsUsername": "${p:component\/icsRegistryUsername}",
                            "icsPassword": "${p:component\/icsRegistryPassword}",
                            "icsOrganization": "${p:component\/icsOrganization}",
                            "icsSpace": "${p:component\/icsSpace}",
                            "icsHost": "${p?:icsHostName}",
                            "icsRegistry": "${p:icsRegistryName}",
                            "icsApi": "${p?:icsApiName}"
                        },
                        "type": "plugin",
                        "name": "Ics Login",
                        "children": []
                    },
                    {
                        "processName": "ics run",
                        "resourcePath": "${p:resource.path}",
                        "properties": {
                            "resourcePath": "${p:resource.path}",
                            "gpDockerCommandAndArguments": "${p:dockerCommandAndArguments} ",
                            "gpDockerContainerName": "${p:component.name}",
                            "processId": "c5123978-2765-42a6-a56b-0862df58491a",
                            "gpDockerImageTag": "${p:version\/dockerImageTag}",
                            "gpDockerImageName": "${p:dockerImageName}",
                            "gpDockerRunOptions": "${p:icsRunOptions} ${p:icsEnvironmentRunOptions}",
                            "gpDockerRegistryName": "${p:icsRegistryName}"
                        },
                        "type": "runProcess",
                        "name": "ics run",
                        "children": []
                    },
                    {
                        "processName": "docker run",
                        "resourcePath": "${p:resource.path}",
                        "properties": {
                            "resourcePath": "${p:resource.path}",
                            "gpDockerCommandAndArguments": "${p:dockerCommandAndArguments}",
                            "gpDockerContainerName": "${p:component.name}",
                            "processId": "b15be3af-3d36-4914-922b-34530d5ddb85",
                            "gpDockerImageTag": "${p:version\/dockerImageTag}",
                            "gpDockerImageName": "${p:dockerImageName}",
                            "gpDockerRunOptions": "${p:dockerRunOptions} ${p:dockerEnvironmentRunOptions}",
                            "gpDockerRegistryName": "${p:icsRegistryName}"
                        },
                        "type": "runProcess",
                        "name": "docker run",
                        "children": []
                    }
                ]
            }
        }
    ],
    "genericProcesses": [
        {
            "name": "ics run",
            "description": "",
            "rootActivity": {
                "edges": [
                    {
                        "to": "Ics Stop",
                        "type": "ALWAYS",
                        "value": ""
                    },
                    {
                        "to": "Ics Rm",
                        "from": "Ics Stop",
                        "type": "ALWAYS",
                        "value": ""
                    },
                    {
                        "to": "85ab305a190297c043871d07d82fca",
                        "from": "ICS Run Command",
                        "type": "SUCCESS",
                        "value": ""
                    },
                    {
                        "to": "Shell",
                        "from": "Ics Rm",
                        "type": "ALWAYS",
                        "value": ""
                    },
                    {
                        "to": "ICS Run Command",
                        "from": "Shell",
                        "type": "SUCCESS",
                        "value": ""
                    }
                ],
                "offsets": [
                    {
                        "name": "Ics Stop",
                        "x": -35,
                        "y": 100,
                        "h": 60,
                        "w": 150
                    },
                    {
                        "name": "85ab305a190297c043871d07d82fca",
                        "x": 0,
                        "y": 500,
                        "h": 60,
                        "w": 80
                    },
                    {
                        "name": "ICS Run Command",
                        "x": -65,
                        "y": 400,
                        "h": 60,
                        "w": 210
                    },
                    {
                        "name": "Ics Rm",
                        "x": -35,
                        "y": 200,
                        "h": 60,
                        "w": 150
                    },
                    {
                        "name": "Shell",
                        "x": -35,
                        "y": 300,
                        "h": 60,
                        "w": 150
                    }
                ],
                "type": "graph",
                "name": "6d1cdb66-b7d7-49f7-8994-7ba6cfbd20a2",
                "children": [
                    {
                        "type": "finish",
                        "name": "85ab305a190297c043871d07d82fca",
                        "children": []
                    },
                    {
                        "allowFailure": false,
                        "useImpersonation": false,
                        "showHidden": false,
                        "impersonationUseSudo": false,
                        "commandName": "Ics Stop",
                        "pluginName": "Docker And Ics",
                        "pluginVersion": 1,
                        "properties": {
                            "dockerContainerName": "${p:gpDockerContainerName}",
                            "dockerCommandOptions": ""
                        },
                        "type": "plugin",
                        "name": "Ics Stop",
                        "children": []
                    },
                    {
                        "allowFailure": false,
                        "useImpersonation": false,
                        "showHidden": false,
                        "impersonationUseSudo": false,
                        "commandName": "Ics Rm",
                        "pluginName": "Docker And Ics",
                        "pluginVersion": 1,
                        "properties": {
                            "dockerContainerName": "${p:gpDockerContainerName}",
                            "dockerCommandOptions": ""
                        },
                        "type": "plugin",
                        "name": "Ics Rm",
                        "children": []
                    },
                    {
                        "allowFailure": false,
                        "useImpersonation": false,
                        "showHidden": false,
                        "impersonationUseSudo": false,
                        "commandName": "Shell",
                        "pluginName": "Shell",
                        "pluginVersion": 5,
                        "properties": {
                            "directoryOffset": ".",
                            "shellInterpreter": "",
                            "scriptBody": "sleep 3",
                            "runAsDaemon": "false",
                            "outputFile": ""
                        },
                        "type": "plugin",
                        "name": "Shell",
                        "children": []
                    },
                    {
                        "allowFailure": false,
                        "useImpersonation": false,
                        "showHidden": false,
                        "impersonationUseSudo": false,
                        "commandName": "ICS Run Command",
                        "pluginName": "Docker And Ics",
                        "pluginVersion": 1,
                        "properties": {
                            "dockerOptions": "${p:gpDockerRunOptions}",
                            "dockerContainerName": "${p:gpDockerContainerName}",
                            "dockerImageName": "${p:gpDockerImageName}",
                            "dockerImageTag": "${p:gpDockerImageTag}",
                            "dockerCommandAndArguments": "${p:gpDockerCommandAndArguments}"
                        },
                        "type": "plugin",
                        "name": "ICS Run Command",
                        "children": []
                    }
                ]
            },
            "properties": [
                {
                    "name": "contextType",
                    "value": "Resource",
                    "description": "",
                    "secure": false
                },
                {
                    "name": "workingDir",
                    "value": "${p:resource\/work.dir}\/${p:process.name}",
                    "description": "",
                    "secure": false
                }
            ],
            "propDefs": [
                {
                    "name": "gpDockerImageName",
                    "label": "Docker Image Name",
                    "pattern": "",
                    "type": "TEXT",
                    "value": "${p:dockerImageName}",
                    "required": false,
                    "description": "",
                    "placeholder": ""
                },
                {
                    "name": "gpDockerImageTag",
                    "label": "Docker Image Tag",
                    "pattern": "",
                    "type": "TEXT",
                    "value": "${p:version\/dockerImageTag}",
                    "required": false,
                    "description": "",
                    "placeholder": ""
                },
                {
                    "name": "gpDockerContainerName",
                    "label": "Docker Container Name",
                    "pattern": "",
                    "type": "TEXT",
                    "value": "${p:component.name}",
                    "required": false,
                    "description": "",
                    "placeholder": ""
                },
                {
                    "name": "gpDockerRunOptions",
                    "label": "Docker Run Options",
                    "pattern": "",
                    "type": "TEXT",
                    "value": "${p:icsRunOptions} ${p:icsEnvironmentRunOptions}",
                    "required": false,
                    "description": "",
                    "placeholder": ""
                },
                {
                    "name": "gpDockerRegistryName",
                    "label": "Docker Registry Name",
                    "pattern": "",
                    "type": "TEXT",
                    "value": "${p:icsRegistryName}",
                    "required": false,
                    "description": "",
                    "placeholder": ""
                },
                {
                    "name": "gpDockerCommandAndArguments",
                    "label": "Docker Command and Arguments",
                    "pattern": "",
                    "type": "TEXT",
                    "value": "${p:dockerCommandAndArguments}",
                    "required": false,
                    "description": "",
                    "placeholder": ""
                }
            ],
            "teamMappings": []
        },
        {
            "name": "docker pull and run",
            "description": "",
            "rootActivity": {
                "edges": [
                    {
                        "to": "Docker Run",
                        "from": "Docker Rm",
                        "type": "ALWAYS",
                        "value": ""
                    },
                    {
                        "to": "Docker Stop",
                        "from": "Docker Pull Image",
                        "type": "SUCCESS",
                        "value": ""
                    },
                    {
                        "to": "Docker Rm",
                        "from": "Docker Stop",
                        "type": "ALWAYS",
                        "value": ""
                    },
                    {
                        "to": "2b2d48e7f69c4055397a48b53115a6",
                        "from": "Docker Run",
                        "type": "SUCCESS",
                        "value": ""
                    },
                    {
                        "to": "Docker Pull Image",
                        "type": "ALWAYS",
                        "value": ""
                    }
                ],
                "offsets": [
                    {
                        "name": "Docker Stop",
                        "x": -45,
                        "y": 200,
                        "h": 60,
                        "w": 170
                    },
                    {
                        "name": "Docker Pull Image",
                        "x": -65,
                        "y": 100,
                        "h": 60,
                        "w": 210
                    },
                    {
                        "name": "Docker Run",
                        "x": -45,
                        "y": 400,
                        "h": 60,
                        "w": 170
                    },
                    {
                        "name": "2b2d48e7f69c4055397a48b53115a6",
                        "x": 0,
                        "y": 500,
                        "h": 50,
                        "w": 80
                    },
                    {
                        "name": "Docker Rm",
                        "x": -45,
                        "y": 300,
                        "h": 60,
                        "w": 170
                    }
                ],
                "type": "graph",
                "name": "f05418d3-cdee-4267-996b-4f5f048e9583",
                "children": [
                    {
                        "type": "finish",
                        "name": "2b2d48e7f69c4055397a48b53115a6",
                        "children": []
                    },
                    {
                        "allowFailure": false,
                        "useImpersonation": false,
                        "showHidden": false,
                        "impersonationUseSudo": false,
                        "commandName": "Docker Stop",
                        "pluginName": "Docker And Ics",
                        "pluginVersion": 1,
                        "properties": {
                            "dockerContainerName": "${gpDockerContainerName}",
                            "dockerCommandOptions": ""
                        },
                        "type": "plugin",
                        "name": "Docker Stop",
                        "children": []
                    },
                    {
                        "allowFailure": false,
                        "useImpersonation": false,
                        "showHidden": false,
                        "impersonationUseSudo": false,
                        "commandName": "Docker Rm",
                        "pluginName": "Docker And Ics",
                        "pluginVersion": 1,
                        "properties": {
                            "dockerContainerName": "${gpDockerContainerName}",
                            "dockerCommandOptions": ""
                        },
                        "type": "plugin",
                        "name": "Docker Rm",
                        "children": []
                    },
                    {
                        "allowFailure": false,
                        "useImpersonation": false,
                        "showHidden": false,
                        "impersonationUseSudo": false,
                        "commandName": "Docker Pull Image",
                        "pluginName": "Docker And Ics",
                        "pluginVersion": 1,
                        "properties": {
                            "dockerRegistryName": "${p:gpDockerRegistryName}",
                            "dockerImageName": "${p:gpDockerImageName}",
                            "dockerImageTag": "${p:gpDockerImageTag}"
                        },
                        "type": "plugin",
                        "name": "Docker Pull Image",
                        "children": []
                    },
                    {
                        "allowFailure": false,
                        "useImpersonation": false,
                        "showHidden": false,
                        "impersonationUseSudo": false,
                        "commandName": "Docker Run",
                        "pluginName": "Docker And Ics",
                        "pluginVersion": 1,
                        "properties": {
                            "dockerOptions": "${p:gpDockerRunOptions}",
                            "dockerContainerName": "${p:gpDockerContainerName}",
                            "dockerRegistryName": "${p:gpDockerRegistryName}",
                            "dockerImageName": "${p:gpDockerImageName}",
                            "dockerImageTag": "${p:gpDockerImageTag}",
                            "dockerCommandAndArguments": "${p:gpDockerCommandAndArguments}"
                        },
                        "type": "plugin",
                        "name": "Docker Run",
                        "children": []
                    }
                ]
            },
            "properties": [
                {
                    "name": "contextType",
                    "value": "Resource",
                    "description": "",
                    "secure": false
                },
                {
                    "name": "workingDir",
                    "value": "${p:resource\/work.dir}\/${p:process.name}",
                    "description": "",
                    "secure": false
                }
            ],
            "propDefs": [
                {
                    "name": "gpDockerRegistryName",
                    "label": "Docker Registry Name",
                    "pattern": "",
                    "type": "TEXT",
                    "value": "${p:dockerRegistryName}",
                    "required": false,
                    "description": "",
                    "placeholder": ""
                },
                {
                    "name": "gpDockerImageName",
                    "label": "Docker Image Name",
                    "pattern": "",
                    "type": "TEXT",
                    "value": "${p:dockerImageName}",
                    "required": false,
                    "description": "",
                    "placeholder": ""
                },
                {
                    "name": "gpDockerImageTag",
                    "label": "Docker Image Tag",
                    "pattern": "",
                    "type": "TEXT",
                    "value": "${p:version\/dockerImageTag}",
                    "required": false,
                    "description": "",
                    "placeholder": ""
                },
                {
                    "name": "gpDockerContainerName",
                    "label": "Docker Container Name",
                    "pattern": "",
                    "type": "TEXT",
                    "value": "${p:component.name}",
                    "required": false,
                    "description": "",
                    "placeholder": ""
                },
                {
                    "name": "gpDockerRunOptions",
                    "label": "Docker Run Options",
                    "pattern": "",
                    "type": "TEXT",
                    "value": "${p:dockerRunOptions} ${p:dockerEnvironmentRunOptions}",
                    "required": false,
                    "description": "",
                    "placeholder": ""
                },
                {
                    "name": "gpDockerCommandAndArguments",
                    "label": "Docker Command And Arguments",
                    "pattern": "",
                    "type": "TEXT",
                    "value": "${p:dockerCommandAndArguments}",
                    "required": false,
                    "description": "",
                    "placeholder": ""
                }
            ],
            "teamMappings": []
        },
		{
	    "name": "docker run",
	    "description": "",
	    "rootActivity": {
	        "edges": [
	            {
	                "to": "Docker Rm",
	                "from": "Docker Stop",
	                "type": "ALWAYS",
	                "value": ""
	            },
	            {
	                "to": "Docker Stop",
	                "type": "ALWAYS",
	                "value": ""
	            },
	            {
	                "to": "2b2d48e7f69c4055397a48b53115a6",
	                "from": "Docker Run",
	                "type": "SUCCESS",
	                "value": ""
	            },
	            {
	                "to": "Docker Run",
	                "from": "Docker Rm",
	                "type": "ALWAYS",
	                "value": ""
	            }
	        ],
	        "offsets": [
	            {
	                "name": "Docker Stop",
	                "x": -45,
	                "y": 100,
	                "h": 60,
	                "w": 170
	            },
	            {
	                "name": "Docker Run",
	                "x": -45,
	                "y": 300,
	                "h": 60,
	                "w": 170
	            },
	            {
	                "name": "Docker Rm",
	                "x": -45,
	                "y": 200,
	                "h": 60,
	                "w": 170
	            },
	            {
	                "name": "2b2d48e7f69c4055397a48b53115a6",
	                "x": 0,
	                "y": 400,
	                "h": 50,
	                "w": 80
	            }
	        ],
	        "type": "graph",
	        "name": "8222ea9e-18c6-4248-af50-678325d401f9",
	        "children": [
	            {
	                "type": "finish",
	                "name": "2b2d48e7f69c4055397a48b53115a6",
	                "children": []
	            },
	            {
	                "allowFailure": false,
	                "useImpersonation": false,
	                "showHidden": false,
	                "impersonationUseSudo": false,
	                "commandName": "Docker Stop",
	                "pluginName": "Docker And Ics",
	                "pluginVersion": 1,
	                "properties": {
	                    "dockerContainerName": "${gpDockerContainerName}",
	                    "dockerCommandOptions": ""
	                },
	                "type": "plugin",
	                "name": "Docker Stop",
	                "children": []
	            },
	            {
	                "allowFailure": false,
	                "useImpersonation": false,
	                "showHidden": false,
	                "impersonationUseSudo": false,
	                "commandName": "Docker Rm",
	                "pluginName": "Docker And Ics",
	                "pluginVersion": 1,
	                "properties": {
	                    "dockerContainerName": "${gpDockerContainerName}",
	                    "dockerCommandOptions": ""
	                },
	                "type": "plugin",
	                "name": "Docker Rm",
	                "children": []
	            },
	            {
	                "allowFailure": false,
	                "useImpersonation": false,
	                "showHidden": false,
	                "impersonationUseSudo": false,
	                "commandName": "Docker Run",
	                "pluginName": "Docker And Ics",
	                "pluginVersion": 1,
	                "properties": {
	                    "dockerOptions": "${p:gpDockerRunOptions}",
	                    "dockerContainerName": "${p:gpDockerContainerName}",
	                    "dockerRegistryName": "${p:gpDockerRegistryName}",
	                    "dockerImageName": "${p:gpDockerImageName}",
	                    "dockerImageTag": "${p:gpDockerImageTag}",
	                    "dockerCommandAndArguments": "${p:gpDockerCommandAndArguments}"
	                },
	                "type": "plugin",
	                "name": "Docker Run",
	                "children": []
	            }
	        ]
	    },
	    "properties": [
	        {
	            "name": "contextType",
	            "value": "Resource",
	            "description": "",
	            "secure": false
	        },
	        {
	            "name": "workingDir",
	            "value": "${p:resource\/work.dir}\/${p:process.name}",
	            "description": "",
	            "secure": false
	        }
	    ],
	    "propDefs": [
	        {
	            "name": "gpDockerRegistryName",
	            "label": "Docker Registry Name",
	            "pattern": "",
	            "type": "TEXT",
	            "value": "${p:dockerRegistryName}",
	            "required": false,
	            "description": "",
	            "placeholder": ""
	        },
	        {
	            "name": "gpDockerImageName",
	            "label": "Docker Image Name",
	            "pattern": "",
	            "type": "TEXT",
	            "value": "${p:dockerImageName}",
	            "required": false,
	            "description": "",
	            "placeholder": ""
	        },
	        {
	            "name": "gpDockerImageTag",
	            "label": "Docker Image Tag",
	            "pattern": "",
	            "type": "TEXT",
	            "value": "${p:version\/dockerImageTag}",
	            "required": false,
	            "description": "",
	            "placeholder": ""
	        },
	        {
	            "name": "gpDockerContainerName",
	            "label": "Docker Container Name",
	            "pattern": "",
	            "type": "TEXT",
	            "value": "${p:component.name}",
	            "required": false,
	            "description": "",
	            "placeholder": ""
	        },
	        {
	            "name": "gpDockerRunOptions",
	            "label": "Docker Run Options",
	            "pattern": "",
	            "type": "TEXT",
	            "value": "${p:dockerRunOptions} ${p:dockerEnvironmentRunOptions}",
	            "required": false,
	            "description": "",
	            "placeholder": ""
	        },
	        {
	            "name": "gpDockerCommandAndArguments",
	            "label": "Docker Command And Arguments",
	            "pattern": "",
	            "type": "TEXT",
	            "value": "${p:dockerCommandAndArguments}",
	            "required": false,
	            "description": "",
	            "placeholder": ""
	        }
	    ],
	    "teamMappings": []
	}
    ],
    "teamMappings": []
}
