<?xml version="1.0" encoding="UTF-8" standalone="no"?>
<!--
- Licensed Materials - Property of HCL
- UrbanCode Deploy
- (c) Copyright HCL Technologies Ltd. 2020. All Rights Reserved.
-
- U.S. Government Users Restricted Rights - Use, duplication or disclosure restricted by
- Trademark of HCL Technologies Limited
--><pluginInfo>
  <!-- Do not change the release-version, the build process injects it. -->
  <release-version>6.1132811</release-version>

  <release-notes>
    <!--
      The release-note should document the changes, improvements, or bug fixes introduced
      with the new plugin version

      The release-note may contain text

      For example your release note could be:
      Support for was added for version 10.0 for software X

      To add a new release note add this with a description in it of the changes:
      <release-note plugin-version="1">....</release-note>
    -->

    <release-note plugin-version="1">
      Used to generate artifacts version information and set it to output properties.
    </release-note>
    <release-note plugin-version="2">
      Added support to run outside of zOS
    </release-note>
    <release-note plugin-version="3">
      Added support to run outside of zOS
    </release-note>
    <release-note plugin-version="4">
      Enhancement to ignore unresolved properties
    </release-note>
    <release-note plugin-version="5">
      Added input to filter based on Add or Delete or Update action
      Delete and Update/Create Deploy-Action types on same container/PDS is made possible
    </release-note>
	<release-note plugin-version="6">
      Removed log4j and Minor fixes in plugin naming and description
	</release-note>
  </release-notes>
</pluginInfo>
