<?xml version="1.0" encoding="UTF-8"?>

<!--
======================================================================
Licensed Materials - Property of IBM Corp. 
IBM Rational Automation Framework 
(c) Copyright IBM Corporation 2003, 2012. All Rights Reserved.   

U.S. Government Users Restricted Rights - Use, duplication or disclosure restricted by 
GSA ADP Schedule Contract with IBM Corp. 


File name: configure_wbi_common.xml

This is the configuration build file.
======================================================================
-->

<project default="default" basedir=".">
	<description>
		Contains common configuration tasks for WBI ND
	</description>

	<!-- include environment variables -->
	<property environment="env" />

	<target name="wbi_common_configure_cei_infrastructure" depends="scope_init">
		<if>
			<isset property="PREVIEW_MODE" />
			<then>
				<echo message="-scope ${SCOPE} -scopename @{NAME} -clusterName ${CLUSTER_NAME} -properties ${CELL_HOME}/config_wbi.properties" />
			</then>
			<else>
				<trycatch property="errorStr">
					<try>
						<antcall target="call_wsadmin">
							<param name="TASK" value="wbi_common_configure_cei_infrastructure" />
							<param name="LANG" value="jython" />
							<param name="SCRIPT_NAME" value="${WBI_COMMON_SCRIPTS}/commonEventInfrastructure.py" />
							<param name="DATA_FILE" value="${CELL_HOME}/config_wbi.properties" />
							<param name="ARGS" value="-scope ${SCOPE} -scopename @{NAME} -clusterName ${CLUSTER_NAME} -action DBSETUP" />
						</antcall>
					</try>
					<catch>
						<fail>Generating CEI database scripts failed: ${errorStr}</fail>
					</catch>
					<finally>
						<antcall target="report_error_log">
							<param name="LOG_PATH" value="${WAS_HOME}/logs/ceiDBScriptGenerationLog.txt" />
							<param name="RAFW_LOG_FILE_NAME" value="ceiDBScriptGenerationLog.log" />
						</antcall>
					</finally>
				</trycatch>
			</else>
		</if>
	</target>

	<target name="wbi_common_configure_deploy_business_space" depends="scope_init">
		<if>
			<isset property="PREVIEW_MODE" />
			<then>
				<echo message="-scope ${SCOPE} -clusterName ${CLUSTER_NAME}" />
			</then>
			<else>
				<trycatch property="errorStr">
					<try>
						<antcall target="call_wsadmin">
							<param name="TASK" value="wbi_common_install_business_space" />
							<param name="LANG" value="jython" />
							<param name="SCRIPT_NAME" value="${WBI_COMMON_SCRIPTS}/businessSpace.py" />
							<param name="DATA_FILE" value="${CELL_HOME}/config_wbi.properties" />
							<param name="ARGS" value="-scope ${SCOPE} -scopename @{NAME} -action DEPLOY -clusterName ${CLUSTER_NAME}" />
						</antcall>
					</try>
					<catch>
						<fail>Installing WebSphere Business Space failed: ${errorStr}</fail>
					</catch>
					<finally>
						<antcall target="report_error_log">
							<param name="LOG_PATH" value="${WAS_HOME}/logs/businessSpaceInstallationLog.txt" />
							<param name="RAFW_LOG_FILE_NAME" value="businessSpaceInstallation.log" />
						</antcall>
					</finally>
				</trycatch>
			</else>
		</if>
	</target>
	
	<target name="wbi_common_configure_fix_cei_resources" depends="scope_init">
		<switch value="${CELL_TYPE}">
			<case value="WBM">
				<antcall target="copy_file">
					<param name="srcFile" value="${RAFW_HOME}/product/actions/configure/wbi/templates/resources-cei.xml" />
					<param name="dstFile" value="${ND_WAS_PROF_HOME}/config/cells/${CELL_NAME}/clusters/${CLUSTER_NAME}/resources-cei.xml" />
				</antcall>
			</case>
			<case value="WESB">
				<antcall target="copy_file">
 					<param name="srcFile" value="${RAFW_HOME}/product/actions/configure/wbi/templates/resources-cei.xml" />
					<param name="dstFile" value="${ND_WAS_PROF_HOME}/config/cells/${CELL_NAME}/clusters/${CLUSTER_NAME}/resources-cei.xml" />
				</antcall>
			</case>
				<case value="WPS">
					<antcall target="copy_file">
 						<param name="srcFile" value="${RAFW_HOME}/product/actions/configure/wbi/templates/resources-cei.xml" />
						<param name="dstFile" value="${ND_WAS_PROF_HOME}/config/cells/${CELL_NAME}/clusters/${CLUSTER_NAME}/resources-cei.xml" />
					</antcall>
				</case>
		</switch>
	</target>

	<target name="wbi_common_configure_deploy_event_service" depends="scope_init">
		<if>
			<isset property="PREVIEW_MODE" />
			<then>
				<echo message="-scope ${SCOPE} -action DEPLOY -clusterName ${CLUSTER_NAME}" />
			</then>
			<else>
				<trycatch property="errorStr">
					<try>
						<antcall target="wbi_common_configure_fix_cei_resources">
							<param name="CELL_TYPE" value="${CELL_TYPE}"/>
						</antcall>
						
						<sleep seconds="5"/>
						
						<antcall target="call_wsadmin">
							<param name="TASK" value="wbi_common_configure_event_service" />
							<param name="LANG" value="jython" />
							<param name="SCRIPT_NAME" value="${WBI_COMMON_SCRIPTS}/commonEventInfrastructure.py" />
							<param name="DATA_FILE" value="${CELL_HOME}/config_wbi.properties" />
							<param name="ARGS" value="-scope ${SCOPE} -scopename @{NAME} -action DEPLOY -clusterName ${CLUSTER_NAME}" />
						</antcall>
					</try>
					<catch>
						<fail>Deploying Event Service failed: ${errorStr}</fail>
					</catch>
					<finally>
						<antcall target="report_error_log">
							<param name="LOG_PATH" value="${WAS_HOME}/logs/configureEventServiceLog.txt" />
							<param name="RAFW_LOG_FILE_NAME" value="configureEventServiceLog.log" />
						</antcall>
					</finally>
				</trycatch>
			</else>
		</if>
	</target>

	<target name="wbi_common_configure_enable_business_space" depends="scope_init">
		<if>
			<isset property="PREVIEW_MODE" />
			<then>
				<echo message="-scope ${SCOPE} -action ENABLE -clusterName ${CLUSTER_NAME} -dbName ${DB_NAME} -schemaName ${DB_SCHEMA} -tablespaceName ${DB_TABLESPACE} -productTypeForDatasource ${DB_FOR_WBI_PRODUCT_TYPE}" />
			</then>
			<else>
				<trycatch property="errorStr">
					<try>
						<antcall target="call_wsadmin">
							<param name="TASK" value="wbi_common_configure_business_space" />
							<param name="LANG" value="jython" />
							<param name="SCRIPT_NAME" value="${WBI_COMMON_SCRIPTS}/businessSpace.py" />
							<param name="DATA_FILE" value="${CELL_HOME}/config_wbi.properties" />
							<param name="ARGS" value="-scope ${SCOPE} -scopename @{NAME} -action ENABLE -clusterName ${CLUSTER_NAME} -dbName ${DB_NAME} -schemaName ${DB_SCHEMA} -tableSpaceName ${DB_TABLESPACE} -productTypeForDatasource ${DB_FOR_WBI_PRODUCT_TYPE}" />
						</antcall>
					</try>
					<catch>
						<fail>Configuring WebSphere Business Space failed: ${errorStr}</fail>
					</catch>
					<finally>
						<antcall target="report_error_log">
							<param name="LOG_PATH" value="${WAS_HOME}/logs/businessSpaceConfigurationLog.txt" />
							<param name="RAFW_LOG_FILE_NAME" value="businessSpaceConfiguration.log" />
						</antcall>
					</finally>
				</trycatch>
			</else>
		</if>
	</target>

	<target name="wbi_common_configure_enable_event_service" depends="scope_init">
		<if>
			<isset property="PREVIEW_MODE" />
			<then>
				<echo message="-scope ${SCOPE} -clusterName ${CLUSTER_NAME} -action ENABLE" />
			</then>
			<else>
				<trycatch property="errorStr">
					<try>
						<antcall target="call_wsadmin">
							<param name="TASK" value="wbi_common_configure_event_service" />
							<param name="LANG" value="jython" />
							<param name="SCRIPT_NAME" value="${WBI_COMMON_SCRIPTS}/commonEventInfrastructure.py" />
							<param name="DATA_FILE" value="${CELL_HOME}/config_wbi.properties" />
							<param name="ARGS" value="-scope ${SCOPE} -scopename @{NAME} -clusterName ${CLUSTER_NAME} -action ENABLE" />
						</antcall>
					</try>
					<catch>
						<fail>Enabling Event Service failed: ${errorStr}</fail>
					</catch>
					<finally>
						<antcall target="report_error_log">
							<param name="LOG_PATH" value="${WAS_HOME}/logs/configureEventServiceLog.txt" />
							<param name="RAFW_LOG_FILE_NAME" value="configureEventServiceLog.log" />
						</antcall>
					</finally>
				</trycatch>
			</else>
		</if>
	</target>

	<target name="wbi_common_configure_cei_messaging_engine" depends="scope_init">
		<antcall target="call_wsadmin">
			<param name="TASK" value="wbi_common_configure_remove_sibus_messaging_engine_destination" />
			<param name="LANG" value="jython" />
			<param name="SCRIPT_NAME" value="${RAFW_HOME}/product/actions/configure/wbi/common/scripts/commonEventInfrastructure.py" />
			<param name="DATA_FILE" value="${CELL_HOME}/config_wbi.properties" />
			<param name="ARGS" value="-scope ${SCOPE} -scopename @{NAME} -action ${MEACTION}" />
		</antcall>
	</target>

	<target name="wbi_common_configure_enable_local_sca_infrastructure" depends="scope_init">
		<if>
			<isset property="PREVIEW_MODE" />
			<then>
				<echo message="-scope ${SCOPE} -clusterName ${CLUSTER_NAME} -systemBusDataSource ${SYS_BUS_DATASOURCE} -meAuthAlias ${ME_AUTH_ALIAS} -systemBusSchemaName ${SYS_BUS_DB_SCHEMA} -createTables ${CREATE_SCA_TABLES} -systemBusId ${SYS_BUS_ID}" />
			</then>
			<else>
				<trycatch property="errorStr">
					<try>
						<antcall target="call_wsadmin">
							<param name="TASK" value="wbi_common_configure_enable_local_sca_infrastructure" />
							<param name="LANG" value="jython" />
							<param name="SCRIPT_NAME" value="${WBI_COMMON_SCRIPTS}/serviceComponentArchitecture.py" />
							<param name="DATA_FILE" value="${CELL_HOME}/config_wbi.properties" />
							<param name="ARGS" value="-scope ${SCOPE} -scopename @{NAME} -clusterName ${CLUSTER_NAME} -action ENABLE_LOCAL -systemBusDataSource ${SYS_BUS_DATASOURCE} -meAuthAlias ${ME_AUTH_ALIAS} -systemBusSchemaName ${SYS_BUS_DB_SCHEMA} -createTables ${CREATE_SCA_TABLES} -systemBusId ${SYS_BUS_ID}" />
						</antcall>
					</try>
					<catch>
						<fail>Enable SCA infrastructure failed: ${errorStr}</fail>
					</catch>
					<finally>
						<antcall target="report_error_log">
							<param name="LOG_PATH" value="${WAS_HOME}/logs/scaEnableLog.txt" />
							<param name="RAFW_LOG_FILE_NAME" value="scaEnableLog.log" />
						</antcall>
					</finally>
				</trycatch>
			</else>
		</if>
	</target>
	
	<target name="wbi_common_configure_enable_jms_local_sca_infrastructure" depends="scope_init">
		<if>
			<isset property="PREVIEW_MODE" />
			<then>
				<echo message="-scope ${SCOPE} -clusterName ${CLUSTER_NAME} -appBusDataSource ${APP_BUS_DATA_SOURCE} -meAuthAlias ${ME_AUTH_ALIAS} -appBusSchemaName ${APP_BUS_DB_SCHEMA} -createTables ${CREATE_SCA_TABLES}" />
			</then>
			<else>
				<trycatch property="errorStr">
					<try>
						<antcall target="call_wsadmin">
							<param name="TASK" value="wbi_common_configure_enable_jms_local_sca_infrastructure" />
							<param name="LANG" value="jython" />
							<param name="SCRIPT_NAME" value="${WBI_COMMON_SCRIPTS}/serviceComponentArchitecture.py" />
							<param name="DATA_FILE" value="${CELL_HOME}/config_wbi.properties" />
							<param name="ARGS" value="-scope ${SCOPE} -scopename @{NAME} -clusterName ${CLUSTER_NAME} -action ENABLE_JMS_LOCAL -appBusDataSource ${APP_BUS_DATASOURCE} -meAuthAlias ${ME_AUTH_ALIAS} -appBusSchemaName ${APP_BUS_DB_SCHEMA} -createTables ${CREATE_SCA_TABLES}" />
						</antcall>
					</try>
					<catch>
						<fail>Enable SCA JMS infrastructure failed: ${errorStr}</fail>
					</catch>
					<finally>
						<antcall target="report_error_log">
							<param name="LOG_PATH" value="${WAS_HOME}/logs/scaJMSEnableLog.txt" />
							<param name="RAFW_LOG_FILE_NAME" value="scaJMSEnableLog.log" />
						</antcall>
					</finally>
				</trycatch>
			</else>
		</if>
	</target>
	
	<target name="wbi_common_configure_enable_remote_sca_infrastructure" depends="scope_init">
		<if>
			<isset property="PREVIEW_MODE" />
			<then>
				<echo message="-scope ${SCOPE} -clusterName ${CLUSTER_NAME} -remoteMELocation ${REMOTE_ME_LOCATION} -meAuthAlias ${ME_AUTH_ALIAS} -systemBusSchemaName ${SYS_BUS_DB_SCHEMA}" />
			</then>
			<else>
				<trycatch property="errorStr">
					<try>
						<antcall target="call_wsadmin">
							<param name="TASK" value="wbi_common_configure_enable_remote_sca_infrastructure" />
							<param name="LANG" value="jython" />
							<param name="SCRIPT_NAME" value="${WBI_COMMON_SCRIPTS}/serviceComponentArchitecture.py" />
							<param name="DATA_FILE" value="${CELL_HOME}/config_wbi.properties" />
							<param name="ARGS" value="-scope ${SCOPE} -scopename @{NAME} -clusterName ${CLUSTER_NAME} -action ENABLE_REMOTE -remoteMELocation ${REMOTE_ME_LOCATION} -meAuthAlias ${ME_AUTH_ALIAS} -systemBusSchemaName ${SYS_BUS_DB_SCHEMA}" />
						</antcall>
					</try>
					<catch>
						<fail>Enable SCA infrastructure failed: ${errorStr}</fail>
					</catch>
					<finally>
						<antcall target="report_error_log">
							<param name="LOG_PATH" value="${WAS_HOME}/logs/scaRemoteEnableLog.txt" />
							<param name="RAFW_LOG_FILE_NAME" value="scaRemoteEnableLog.log" />
						</antcall>
					</finally>
				</trycatch>
			</else>
		</if>
	</target>
	
	<target name="wbi_common_configure_enable_jms_remote_sca_infrastructure" depends="scope_init">
		<if>
			<isset property="PREVIEW_MODE" />
			<then>
				<echo message="-scope ${SCOPE} -clusterName ${CLUSTER_NAME} -remoteMELocation ${REMOTE_ME_LOCATION} -meAuthAlias ${ME_AUTH_ALIAS} -appBusSchemaName ${APP_BUS_DB_SCHEMA}" />
			</then>
			<else>
				<trycatch property="errorStr">
					<try>
						<antcall target="call_wsadmin">
							<param name="TASK" value="wbi_common_configure_enable_jms_remote_sca_infrastructure" />
							<param name="LANG" value="jython" />
							<param name="SCRIPT_NAME" value="${WBI_COMMON_SCRIPTS}/serviceComponentArchitecture.py" />
							<param name="DATA_FILE" value="${CELL_HOME}/config_wbi.properties" />
							<param name="ARGS" value="-scope ${SCOPE} -scopename @{NAME} -clusterName ${CLUSTER_NAME} -action ENABLE_JMS_REMOTE -remoteMELocation ${REMOTE_ME_LOCATION} -meAuthAlias ${ME_AUTH_ALIAS} -appBusSchemaName ${APP_BUS_DB_SCHEMA}" />
						</antcall>
					</try>
					<catch>
						<fail>Enable SCA infrastructure failed: ${errorStr}</fail>
					</catch>
					<finally>
						<antcall target="report_error_log">
							<param name="LOG_PATH" value="${WAS_HOME}/logs/scaJMSRemoteEnableLog.txt" />
							<param name="RAFW_LOG_FILE_NAME" value="scaJMSRemoteEnableLog.log" />
						</antcall>
					</finally>
				</trycatch>
			</else>
		</if>
	</target>
	
	<target name="wbi_common_configure_enable_config_recovery" depends="scope_init">
		<if>
			<isset property="PREVIEW_MODE" />
			<then>
				<echo message="-scope ${SCOPE} -clusterName ${CLUSTER_NAME} -remoteMELocation ${REMOTE_ME_LOCATION} " />
			</then>
			<else>
				<trycatch property="errorStr">
					<try>
						<antcall target="call_wsadmin">
							<param name="TASK" value="wbi_common_configure_enable_config_recovery" />
							<param name="LANG" value="jython" />
							<param name="SCRIPT_NAME" value="${WBI_COMMON_SCRIPTS}/serviceComponentArchitecture.py" />
							<param name="DATA_FILE" value="${CELL_HOME}/config_wbi.properties" />
							<param name="ARGS" value="-scope ${SCOPE} -scopename @{NAME} -clusterName ${CLUSTER_NAME} -action ENABLE_RECOVERY -remoteMELocation ${REMOTE_ME_LOCATION}" />
						</antcall>
					</try>
					<catch>
						<fail>Enable SCA infrastructure failed: ${errorStr}</fail>
					</catch>
					<finally>
						<antcall target="report_error_log">
							<param name="LOG_PATH" value="${WAS_HOME}/logs/scaRemoteEnableLog.txt" />
							<param name="RAFW_LOG_FILE_NAME" value="scaRemoteEnableLog.log" />
						</antcall>
					</finally>
				</trycatch>
			</else>
		</if>
	</target>
</project>
