<?xml version="1.0" encoding="UTF-8" standalone="no"?>
<pluginInfo xmlns="http://www.urbancode.com/InfoXMLSchema_v1" xmlns:server="http://www.urbancode.com/PluginServerXMLSchema_v1" xmlns:xsi="http://www.w3.org/2001/XMLSchema-instance">

  <!--
  
  **author name IS required**
  
  The Author Section is used to give credit to the author of the plugin.
  Name is the only required element/attribute, but feel free to also include your email, 
  website  or bio to allow users of your plugin to praise your work, ask questions 
  or share their use case to help grow your plugin's functionality. 
  -->
  
  <author name="HCL">
    <organization>HCL </organization>
    <email>sharath-p@hcl.com</email>
    <website>http://www.hcl.com</website>
    <bio/>
  </author>
  
  <!--
  
  **intergration type IS Required**
  
  The integration type section identifies where the plugin fits into the process
  excepted types are SCM, Build, Artifact, Automation, Deploy 
  
  For example:
  
  The plugin pulls Artifacts from an artifact repository during deployment
  the Type would be "Artifact"
  or 
  The plugin deploys to a middleware server 
  the Type would be "Deploy"
  -->
  
  <integration type="Automation"/>
  
  
  <!-- 
  **source is NOT required**
  
  The source section identifies the location of the plugin source code
  For example 
  https://github.com/...
  -->
  <!--
  <source url=""/>
  -->
  <!-- 
  **license type is NOT required**
  
  If your plugin uses any licensed software please acknowledge it by 
  listing the license type below  
  -->
  <!--
  <licenses>
    <license type=""/>
  </licenses>
  -->
  <!-- 
  **tool-description IS required**
  
  The tool-description section is used to summarize the software 
  the plugin was created to integrate with. 
  
  For example: 
  Apache Ant is a software tool to automate software processes during the build or 
  deployment of an application. Ant uses an propitiatory XML file to define build 
  and/or deployment steps(referred to as targets by ant) . The Ant executable is 
  called to execute the targets in the build.xml.
  -->
  
  <tool-description> </tool-description>
  
  <!-- 
  **related-info is NOT required**
  
  The releated-info section is used to define links which may be useful to users of the plugin 
  but don't fall into the release-notes or tool-description section. 
  
  For example: releated-info can be links to pdf documentation, help videos related to plugin setup or the product's
  website.
  
  excepted values for type include: PDF, WEBSITE, VIDEO  
  -->
  <!--
  <related-info>
    <link title="" type="" description="" url =""/>
  </related-info>
  -->
  <!-- 
  **meta-html in NOT required**
  
  The meta-html section is used define the meta description and the meta keywords of the plugin page.The meta 
  description tag allows you to influence the description of your page in the web crawlers that support the 
  tag The meta keywords tag allows   you to provide additional text for crawler-based search engines to index 
  along with your body copy. 
  
  If multiple keywords are used they must be comma(,) delimited   
  -->  
  
  <meta-html>
    <meta content="" name="description"/>
    <meta content="" name="keywords"/>  
  </meta-html>
    
  <release-version>12.0</release-version>

  <release-notes>
    <!--
      **release-note IS required**
      
      The plugin-version name must match the plugin version found in the plugin.xml file 
      
      The release-note should document the changes, improvements, or bug fixes introduced 
      with the new plugin version 
        
      The release-note may contain text or reference a file in the plugin zip package
      
      For example your release note could be:
      Support for was added for version 10.0 for software X
      or 
      releaseNotes/release1.html (where release1.html contains html formatted version information)
      -->

    <release-note plugin-version="1">
    	Initial version of HCL DevOps Test Workbench(HOT-S) plugin to provide support for execution of HCL DevOps Test UI - UI Test Tests.
    </release-note>
    <release-note plugin-version="2">
    	Rebranding of Product name and allowing to run tests using non-root users.
	</release-note>
	<release-note plugin-version="3">
    	Support to run AFT Suite from the UrbanCode Deploy plugin.
	</release-note>
    <release-note plugin-version="4">
    	Support to run a UI test in parallel on different browsers via ProtocolInput option and rebranding of plugin identifier.
	</release-note>
	<release-note plugin-version="5">
    	The output log displays information about the published reports.
	</release-note>
	<release-note plugin-version="6">
    	Support to swap data sets during script run.
	</release-note>
	<release-note plugin-version="7">
    	Fixed -overwrite parameter default behavior.
	</release-note>
	<release-note plugin-version="8">
    	Added new option exportreport with cmdLine.
	</release-note>
	<release-note plugin-version="9">
    	Imports parameter added.
	</release-note>
	<release-note plugin-version="10">
		Labels parameter added.
		The plugin step execution status reflects the script execution status.
	</release-note>
	<release-note plugin-version="11">
		Test type label updated.
	</release-note>
  </release-notes>
</pluginInfo>
