<?xml version="1.0" encoding="UTF-8" standalone="no"?>
<!--
- Licensed Materials - Property of IBM* and/or HCL**
- UrbanCode Deploy
- (c) Copyright IBM Corporation 2013, 2017. All Rights Reserved.
- (c) Copyright HCL Technologies Ltd. 2018. All Rights Reserved.
-
- U.S. Government Users Restricted Rights - Use, duplication or disclosure restricted by
- GSA ADP Schedule Contract with IBM Corp.
-
- * Trademark of International Business Machines
- ** Trademark of HCL Technologies Limited
--><pluginInfo xmlns="http://www.urbancode.com/InfoXMLSchema_v1" xmlns:server="http://www.urbancode.com/PluginServerXMLSchema_v1" xmlns:xsi="http://www.w3.org/2001/XMLSchema-instance">
  <!--

  **author name IS required**

  The Author Section is used to give credit to the author of the plugin.
  Name is the only required element/attribute, but feel free to also include your email,
  website  or bio to allow users of your plugin to praise your work, ask questions
  or share their use case to help grow your plugin's functionality.
  -->

  <author name="UrbanCode">
    <organization>UrbanCode</organization>
    <email>info@urbancode.com</email>
    <website>http://urbancode.com</website>
    <bio/>
  </author>

  <!--

  **intergration type IS Required**

  The integration type section identifies where the plugin fits into the process
  excepted types are SCM, Build, Artifact, Automation, Deploy

  For example:

  The plugin pulls Artifacts from an artifact repository during deployment
  the Type would be "Artifact"
  or
  The plugin deploys to a middleware server
  the Type would be "Deploy"
  -->

  <integration type="Automation"/>


  <!--
  **source is NOT required**

  The source section identifies the location of the plugin source code
  For example
  https://github.com/...
  -->
  <!--
  <source url=""/>
  -->
  <!--
  **license type is NOT required**

  If your plugin uses any licensed software please acknowledge it by
  listing the license type below
  -->
  <!--
  <licenses>
    <license type=""/>
  </licenses>
  -->
  <!--
  **tool-description IS required**

  The tool-description section is used to summarize the software
  the plugin was created to integrate with.

  For example:
  Apache Ant is a software tool to automate software processes during the build or
  deployment of an application. Ant uses an propitiatory XML file to define build
  and/or deployment steps(referred to as targets by ant) . The Ant executable is
  called to execute the targets in the build.xml.
  -->

  <tool-description>The Web Utilities plugin contains tools for interacting with web sites and web services.</tool-description>

  <!--
  **related-info is NOT required**

  The releated-info section is used to define links which may be useful to users of the plugin
  but don't fall into the release-notes or tool-description section.

  For example: releated-info can be links to pdf documentation, help videos related to plugin setup or the product's
  website.

  excepted values for type include: PDF, WEBSITE, VIDEO
  -->
  <!--
  <related-info>
    <link title="" type="" description="" url =""/>
  </related-info>
  -->
  <!--
  **meta-html in NOT required**

  The meta-html section is used define the meta description and the meta keywords of the plugin page.The meta
  description tag allows you to influence the description of your page in the web crawlers that support the
  tag The meta keywords tag allows   you to provide additional text for crawler-based search engines to index
  along with your body copy.

  If multiple keywords are used they must be comma(,) delimited
  -->

  <meta-html>
    <meta content="" name="description"/>
    <meta content="http, rest" name="keywords"/>
  </meta-html>

  <!-- Do not change the release-version, the build process injects it. -->
  <release-version>16.1100888</release-version>

  <release-notes>
    <!--
      **release-note IS required**

      The plugin-version name must match the plugin version found in the plugin.xml file

      The release-note should document the changes, improvements, or bug fixes introduced
      with the new plugin version

      The release-note may contain text or reference a file in the plugin zip package

      For example your release note could be:
      Support for was added for version 10.0 for software X
      or
      releaseNotes/release1.html (where release1.html contains html formatted version information)
      -->

      <release-note plugin-version="1">
      Initial release of the plugin with a step to make HTTP calls.
      </release-note>
    <release-note plugin-version="2">
This release includes the ability to specify a content type and fixes a bug with HEAD requests.
    </release-note>
     <release-note plugin-version="3">
Fixes APAR PI35342 - compatibility defect with IBM Urbancode Deploy version 6.1.0.4 and later.
    </release-note>
    <release-note plugin-version="4">
Added Step to upload a file to a FTP Server.
    </release-note>
    <release-note plugin-version="5">
Added ability to choose FTP FILE_TYPE on Upload to FTP Server step.
    </release-note>
    <release-note plugin-version="6">
- Switch from httpBuilder to Apache
- Added tests.
- Fixed defect: untrustedSSL does not work in Web Utility plug-in
- Fixed defect: Web Utility throws null point exception
- Fixed defect: Web Utility plug-in doesn't encode JSON correct in zOS
- Fixed defect: Web Utility throws null point exception
- Fixed bug: Username and Password fields does not work in edge case
- Fixed bug: HTTP authorization header visible in deployment log
- Fixed bug: Web Utilities plugin uses SSLv3 for Send HTTP Call
    </release-note>
    <release-note plugin-version="7">
- Support property file encryption.
- Fixed bug: Casting exception when given output file.
- Fixed bug: Setting output properties.
    </release-note>
    <release-note plugin-version="8">
Fixes APAR PI74319 - Error in 'Send HTTP Call' when Http entity is null.
    </release-note>
    <release-note plugin-version="9">
Fixes APAR PI81182 - Error in token authentication of the Send HTTP Call step.
    </release-note>
     <release-note plugin-version="10">
Support application/zip  content type.
    </release-note>
    <release-note plugin-version="11">
Fixes APAR PI96481 - Support specifying accept type as a parameter for Send HTTP Call.
Improved logging.
    </release-note>
    <release-note plugin-version="12">
Fixes APAR PH01058 - Send HTTP Call step corrupts downloaded binary files.
    </release-note>
    <release-note plugin-version="13">
Fixes issue - Send Http Call step appears to ignore setting contentType JSON resulting in responseStatus 415 - unsupported media type.
    </release-note>
    <release-note plugin-version="14">
Added Local Passive and Local Active data connection mode options to the Upload to FTP Server step.
    </release-note>
    <release-note plugin-version="15">
New Delete from FTP Serverstep.
    </release-note>
    <release-note plugin-version="16">
Configure timeout for HTTP calls.
    </release-note>
  </release-notes>
</pluginInfo>
