<?xml version="1.0" encoding="UTF-8" standalone="no"?>
<!--
- Licensed Materials - Property of IBM* and/or HCL**
- UrbanCode Deploy
- (c) Copyright IBM Corporation 2013, 2017. All Rights Reserved.
- (c) Copyright HCL Technologies Ltd. 2018. All Rights Reserved.
-
- U.S. Government Users Restricted Rights - Use, duplication or disclosure restricted by
- GSA ADP Schedule Contract with IBM Corp.
-
- * Trademark of International Business Machines
- ** Trademark of HCL Technologies Limited
--><pluginInfo xmlns="http://www.urbancode.com/InfoXMLSchema_v1" xmlns:server="http://www.urbancode.com/PluginServerXMLSchema_v1" xmlns:xsi="http://www.w3.org/2001/XMLSchema-instance">
  <!--

  **author name IS required**

  The Author Section is used to give credit to the author of the plugin.
  Name is the only required element/attribute, but feel free to also include your email,
  website  or bio to allow users of your plugin to praise your work, ask questions
  or share their use case to help grow your plugin's functionality.
  -->

  <author name="UrbanCode">
    <organization>UrbanCode</organization>
    <email>info@urbancode.com</email>
    <website>http://urbancode.com</website>
    <bio/>
  </author>

  <!--

  **intergration type IS Required**

  The integration type section identifies where the plugin fits into the process
  excepted types are SCM, Build, Artifact, Automation, Deploy

  For example:

  The plugin pulls Artifacts from an artifact repository during deployment
  the Type would be "Artifact"
  or
  The plugin deploys to a middleware server
  the Type would be "Deploy"
  -->

  <integration type="Deploy"/>


  <!--
  **source is NOT required**

  The source section identifies the location of the plugin source code
  For example
  https://github.com/...
  -->
  <!--
  <source url=""/>
  -->
  <!--
  **license type is NOT required**

  If your plugin uses any licensed software please acknowledge it by
  listing the license type below
  -->
  <!--
  <licenses>
    <license type=""/>
  </licenses>
  -->
  <!--
  **tool-description IS required**

  The tool-description section is used to summarize the software
  the plugin was created to integrate with.

  For example:
  Apache Ant is a software tool to automate software processes during the build or
  deployment of an application. Ant uses an propitiatory XML file to define build
  and/or deployment steps(referred to as targets by ant) . The Ant executable is
  called to execute the targets in the build.xml.
  -->

  <tool-description>JBoss AS is a open-source java based application server. JBoss AS is cross-platform compliant on systems running java. </tool-description>

  <!--
  **related-info is NOT required**

  The releated-info section is used to define links which may be useful to users of the plugin
  but don't fall into the release-notes or tool-description section.

  For example: releated-info can be links to pdf documentation, help videos related to plugin setup or the product's
  website.

  excepted values for type include: PDF, WEBSITE, VIDEO
  -->

  <related-info>
    <link description="Please refer to the Jboss website for further information." title="JBoss Application Server" type="WEBSITE" url="http://www.jboss.org/jbossas"/>
  </related-info>

  <!--
  **meta-html in NOT required**

  The meta-html section is used define the meta description and the meta keywords of the plugin page.The meta
  description tag allows you to influence the description of your page in the web crawlers that support the
  tag The meta keywords tag allows   you to provide additional text for crawler-based search engines to index
  along with your body copy.

  If multiple keywords are used they must be comma(,) delimited
  -->

  <meta-html>
    <meta content="" name="description"/>
    <meta content="" name="keywords"/>
  </meta-html>

  <!-- Do not change the release-version, the build process injects it. -->
  <release-version>25.1155393</release-version>


  <release-notes>
    <!--
      **release-note IS required**

      The plugin-version name must match the plugin version found in the plugin.xml file

      The release-note should document the changes, improvements, or bug fixes introduced
      with the new plugin version

      The release-note may contain text or reference a file in the plugin zip package

      For example your release note could be:
      Support for was added for version 10.0 for software X
      or
      releaseNotes/release1.html (where release1.html contains html formatted version information)

      To add a new release note add this with a description in it of the changes:
      <release-note plugin-version="1">....</release-note>

      Our automated release process will replace 'LATEST' with the released version.

      If this already exists in the file, then the described changes have not been released yet and
      you should just append to the existing 'LATEST' tag.
      -->

	  <release-note plugin-version="1">
Installing this plugin will give you access to the steps listed below. These steps can be used when designing a component process involving JBoss.
	  </release-note>
    <release-note plugin-version="2">
Installing this plugin will give you access to the steps listed below. These steps can be used when designing a component process involving JBoss. Built to use JBoss command line utilities.
    </release-note>
    <release-note plugin-version="3">
Added step to specify server instance connection (controller) on those steps that allow it as an option
    </release-note>
    <release-note plugin-version="4">
Fixed bug with the server startup step and multiple instances of single quoted strings causing problems.
    </release-note>
    <release-note plugin-version="5">
Fixed bug where spaces in directory names caused deploy step to fail. Improve output handling and use better temporary file for scripts.
    </release-note>
    <release-note plugin-version="6">
Added the ability to deploy multiple application files.
    </release-note>
    <release-note plugin-version="7">
Added a step to restart server groups.
    </release-note>
    <release-note plugin-version="8">
Bug fix only. Fixed a bug in the Run Script step that prevented execution.
    </release-note>
    <release-note plugin-version="9">
Added a feature to support username-password authentication functionality.
    </release-note>
    <release-note plugin-version="10">
Added a restart server step and fixed a bug with runtime name in the deploy step.
    </release-note>
    <release-note plugin-version="11">
Added ability to pass hostname and administrative port to all steps.
    </release-note>
    <release-note plugin-version="12">
Fixed management port value in deploy application step.
    </release-note>
    <release-note plugin-version="13">
Added additional arguments property to all steps.
    </release-note>
    <release-note plugin-version="14">
Added property to specify a domain hostname for Restart Server step.
    </release-note>
    <release-note plugin-version="15">
Support property file encryption.
    </release-note>
    <release-note plugin-version="16">
Fixed APAR PI185106 JBoss startup script now executed in background.
Added a hidden 'Shell' property to 'Start JBoss' step.
    </release-note>
    <release-note plugin-version="17">
Fixed Start JBoss step to work properly when a server configuration file is specified in Windows.
Fixed Start JBoss step to print command line output and errors.
    </release-note>
    <release-note plugin-version="18">
Fixed APAR PI88903 Additional Arguments have updated to descriptions that describe their modification of the generated JBoss script, not JBoss CLI.
Renamed Administrative Port to Management Port to better reflect JBoss documentation.
Fixed APAR PI88920 Admin Host field on Check Deployment Status and Create Server step not being used properly.
    </release-note>
    <release-note plugin-version="19">
RFE 106319 Added controller port configuration argument to the 'Stop Server' step.
    </release-note>
    <release-note plugin-version="20">
Added Restart Server Instance for domain mode
    </release-note>
    <release-note plugin-version="21">
Updated copyright.
    </release-note>
    <release-note plugin-version="22">
Fixed APAR PH20233 No such property: helper for class: enable.
    </release-note>
    <release-note plugin-version="23">
Fixed 'UNABLE TO RESOLVE CLASS' error in 'DEPLOY JDBC DRIVER' step.
    </release-note>
    <release-note plugin-version="24">
Fixed log4j vulnerability issue .
    </release-note>
    <release-note plugin-version="25">
Log4j and Jettison dependency updated .
    </release-note>
  </release-notes>
</pluginInfo>
