<?xml version="1.0" encoding="utf-8"?>

<!-- 
====================================================================== 
Licensed Materials - Property of IBM Corp. 
IBM Rational Automation Framework 
(c) Copyright IBM Corporation 2003, 2012. All Rights Reserved.   

U.S. Government Users Restricted Rights - Use, duplication or disclosure restricted by 
GSA ADP Schedule Contract with IBM Corp. 


File name: configure_wve_common.xml

Common configure actions available at all scopes shared by WVE, WAS 8.5 and higher version 
====================================================================== 
-->

<project default="default" basedir=".">
	<description>
		Contains configuration tasks for WVE
	</description>

	<!-- include WVE_COMMON variables -->
	<property file="${RAFW_HOME}/product/actions/configure/wve/common/wve_common.properties" />

	<!-- import custom targets  -->
	<import file="${RAFW_HOME}/user/actions/configure/wve/common/custom_configure_wve_common.xml" />

	<!-- Include cluster properties
		TODO - there is a bug in framework in configure_was_common.xml
		Once the bug is fixed, remove this statement.
	-->
	<property file="${RAFW_HOME}/user/environments/${ENV_NAME}/cells/${CELL_NAME}/clusters/${CLUSTER_NAME}/cluster.properties" />

	<!-- import RAFW library -->
	<import file="${RAFW_HOME}/product/lib/RAFW_lib.xml" />

	<!-- Import wve common all-scope configure targets -->
	<import file="${RAFW_HOME}/product/actions/configure/wve/common/configure_wve_odr_cluster_server.xml" />

	<rafwaction name="wve_common_configure_all"
	            augmentmode="true"
	            comparemode="true"
	            importmode="true"
	            promotemode="true">
		<inherit name="lr_wsadmin" />
	</rafwaction>
	<target name="wve_common_configure_all"
	        description="invokes all WVE config actions available in scope">
		<condition property="scopeIsCellOrNode">
			<or>
				<equals arg1="${SCOPE}" arg2="cell" />
				<equals arg1="${SCOPE}" arg2="node" />
			</or>
		</condition>
		<condition property="scopeIsCell">
			<equals arg1="${SCOPE}" arg2="cell" />
		</condition>
		<condition property="modeIsExecute">
			<equals arg1="${MODE}" arg2="execute" />
		</condition>
		<condition property="modeIsAugment">
			<equals arg1="${MODE}" arg2="augment" />
		</condition>
		<condition property="modeIsPromote">
			<equals arg1="${MODE}" arg2="promote" />
		</condition>
		<condition property="scopeIsODRcluster">
			<equals arg1="${ODR_TEMPLATE}" arg2="odr" />
		</condition>

		<compositeaction property="wve.actions.1">
			<!-- include all wve_common_configure_* actions or a variant 
			     that starts with a customer prefix -->
			<include regex=".*wve_.*_configure.*" />

			<!-- exclude dynamic cluster actions at cell scope  -->
			<exclude regex="wve_common_configure_dyncluster_.*" if="scopeIsCell" />
			
			<!-- exclude dynamic cluster actions at odr cluster scope  -->
			<exclude regex="wve_common_configure_dyncluster.*" if="scopeIsODRcluster" />

			<!-- exclude dyncluster all action, since the child actions
				 are already included separately -->
			<exclude name="wve_common_configure_dyncluster_template_all" />

			<!-- exclude actions not applicable for specific scopes -->
			<exclude name="wve_common_configure_odr_routing_rules" if="scopeIsCellOrNode" />

			<!-- if the mode is execute, only include actions that also support import mode -->
			<modesupported mode="import" if="modeIsExecute" />
			<modesupported mode="import" if="modeIsAugment" />
			<modesupported mode="import" if="modeIsPromote" />

			<continueonfailure regex="CRWFW8001E .*" if="modeIsExecute" />
			<continueonfailure regex="CRWFW8001E .*" if="modeIsAugment" />
			<continueonfailure regex="CRWFW8005E .*" if="modeIsPromote" />
			<!-- continue if a required property is not set for all modes -->
			<continueonfailure regex="CRWFW8007E .*" />
			<!-- continue if a directory doesn't exist for all modes -->
			<continueonfailure regex="CRWFW8010E .*" />
		</compositeaction>

		<rafwlog id="CRWWA0157I" resourcebundle="was" />
		<var name="wve.actions" value="${wve.actions.1}" />
		<for list="${wve.actions}" param="action" trim="true">
			<sequential>
				<echo message="@{action}" />
			</sequential>
		</for>
	</target>
</project>
