<?xml version="1.0" encoding="UTF-8"?>
<!--
- Licensed Materials - Property of IBM Corp.
- IBM UrbanCode Deploy
- (c) Copyright IBM Corporation 2011, 2014. All Rights Reserved.
-
- U.S. Government Users Restricted Rights - Use, duplication or disclosure restricted by
- GSA ADP Schedule Contract with IBM Corp.
-->
<plugin-upgrade
        xmlns="http://www.urbancode.com/UpgradeXMLSchema_v1"
        xmlns:xsi="http://www.w3.org/2001/XMLSchema-instance">

        <migrate to-version="2">
                <migrate-command name="Bulk Retrieve">
                </migrate-command>

                <migrate-command name="Deploy">
                </migrate-command>

                <migrate-command name="Describe Metadata">
                </migrate-command>

                <migrate-command name="List Metadata">
                </migrate-command>

                <migrate-command name="Retrieve">
                </migrate-command>
        </migrate>
        <migrate to-version="3">
                <migrate-command name="Bulk Retrieve">
                </migrate-command>

                <migrate-command name="Deploy">
                </migrate-command>

                <migrate-command name="Describe Metadata">
                </migrate-command>

                <migrate-command name="List Metadata">
                </migrate-command>

                <migrate-command name="Retrieve">
                </migrate-command>
        </migrate>

</plugin-upgrade>