<?xml version="1.0" encoding="UTF-8"?>
<!--
- Licensed Materials - Property of IBM Corp.
- IBM UrbanCode Build
- IBM UrbanCode Deploy
- IBM UrbanCode Release
- IBM AnthillPro
- (c) Copyright IBM Corporation 2002, 2013. All Rights Reserved.
-
- U.S. Government Users Restricted Rights - Use, duplication or disclosure restricted by
- GSA ADP Schedule Contract with IBM Corp.
-->
<plugin-upgrade
        xmlns="http://www.urbancode.com/UpgradeXMLSchema_v1"
        xmlns:xsi="http://www.w3.org/2001/XMLSchema-instance">
  <migrate to-version="4">

    <migrate-command name="WMB Set Broker Properties">
       <migrate-properties>
         <migrate-property name="username" default=""/>
       </migrate-properties>
    </migrate-command>

    <migrate-command name="WMB Set Execution Group Properties">
       <migrate-properties>
         <migrate-property name="username" default=""/>
       </migrate-properties>
    </migrate-command>

    <migrate-command name="WMB Set Message Flows Property">
       <migrate-properties>
         <migrate-property name="username" default=""/>
       </migrate-properties>
    </migrate-command>

    <migrate-command name="WMB Deploy">
       <migrate-properties>
         <migrate-property name="username" default=""/>
       </migrate-properties>
    </migrate-command>

    <migrate-command name="WMB Start Message Flows">
       <migrate-properties>
         <migrate-property name="username" default=""/>
       </migrate-properties>
    </migrate-command>

    <migrate-command name="WMB Stop Message Flows">
       <migrate-properties>
         <migrate-property name="username" default=""/>
       </migrate-properties>
    </migrate-command>

  </migrate>

  <migrate to-version="5">

    <migrate-command name="WMB Set Broker Properties">
       <migrate-properties>
         <migrate-property name="debugFile" default=""/>
       </migrate-properties>
    </migrate-command>

    <migrate-command name="WMB Set Execution Group Properties">
       <migrate-properties>
         <migrate-property name="debugFile" default=""/>
       </migrate-properties>
    </migrate-command>

    <migrate-command name="WMB Set Message Flows Property">
       <migrate-properties>
         <migrate-property name="debugFile" default=""/>
       </migrate-properties>
    </migrate-command>

    <migrate-command name="WMB Deploy">
       <migrate-properties>
         <migrate-property name="debugFile" default=""/>
       </migrate-properties>
    </migrate-command>

    <migrate-command name="WMB Start Message Flows">
       <migrate-properties>
         <migrate-property name="debugFile" default=""/>
       </migrate-properties>
    </migrate-command>

    <migrate-command name="WMB Stop Message Flows">
       <migrate-properties>
         <migrate-property name="debugFile" default=""/>
       </migrate-properties>
    </migrate-command>

  </migrate>
            
<migrate to-version="7">

    <migrate-command name="WMB Set Broker Properties">
      <migrate-properties>
        <migrate-property name="channel" default=""/>
      </migrate-properties>
    </migrate-command>

    <migrate-command name="WMB Set Execution Group Properties">
      <migrate-properties>
        <migrate-property name="channel" default=""/>
      </migrate-properties>
    </migrate-command>

    <migrate-command name="WMB Set Message Flows Property">
      <migrate-properties>
        <migrate-property name="channel" default=""/>
      </migrate-properties>
    </migrate-command>

    <migrate-command name="WMB Deploy">
      <migrate-properties>
        <migrate-property name="channel" default=""/>
      </migrate-properties>
    </migrate-command>

    <migrate-command name="WMB Start Message Flows">
      <migrate-properties>
        <migrate-property name="channel" default=""/>
      </migrate-properties>
    </migrate-command>

    <migrate-command name="WMB Stop Message Flows">
      <migrate-properties>
        <migrate-property name="channel" default=""/>
      </migrate-properties>
    </migrate-command>

    <migrate-command name="WMB Delete Flows Using RegEx">
      <migrate-properties>
        <migrate-property name="channel" default=""/>
      </migrate-properties>
    </migrate-command>
	
  </migrate>
<migrate to-version="8">

    <migrate-command name="WMB Set Broker Properties">
    </migrate-command>

    <migrate-command name="WMB Set Execution Group Properties">
    </migrate-command>

    <migrate-command name="WMB Set Message Flows Property">
    </migrate-command>

    <migrate-command name="WMB Deploy">
    </migrate-command>

    <migrate-command name="WMB Start Message Flows">
    </migrate-command>

    <migrate-command name="WMB Stop Message Flows">
    </migrate-command>

    <migrate-command name="WMB Delete Flows Using RegEx">
    </migrate-command>
	
  </migrate>
<migrate to-version="9">

    <migrate-command name="WMB Set Broker Properties">
    </migrate-command>

    <migrate-command name="WMB Set Execution Group Properties">
    </migrate-command>

    <migrate-command name="WMB Set Message Flows Property">
    </migrate-command>

    <migrate-command name="WMB Deploy">
    </migrate-command>

    <migrate-command name="WMB Start Message Flows">
    </migrate-command>

    <migrate-command name="WMB Stop Message Flows">
    </migrate-command>

    <migrate-command name="WMB Delete Flows Using RegEx">
    </migrate-command>

    <migrate-command name="Create Execution Group">
    </migrate-command>
	
  </migrate>
  
  
</plugin-upgrade>
