<?xml version="1.0" encoding="UTF-8"?><!--
- Licensed Materials - Property of IBM* and/or HCL**
- UrbanCode Deploy
- (c) Copyright IBM Corporation 2016, 2017. All Rights Reserved.
- (c) Copyright HCL Technologies Ltd. 2018. All Rights Reserved.
-
- U.S. Government Users Restricted Rights - Use, duplication or disclosure restricted by
- GSA ADP Schedule Contract with IBM Corp.
-
- * Trademark of International Business Machines
- ** Trademark of HCL Technologies Limited
--><pluginInfo>
  <!-- Do not change the release-version, the build process injects it. -->
  <release-version>11.1003939</release-version>

  <release-notes>
    <!--
      The release-note should document the changes, improvements, or bug fixes introduced
      with the new plugin version

      The release-note may contain text

      For example your release note could be:
      Support for was added for version 10.0 for software X

      To add a new release note add this with a description in it of the changes:
      <release-note plugin-version="1">....</release-note>
    -->

    <release-note plugin-version="1">
Initial Release of plugin to import a RuleApp jar from IBM Decision Center as a component version.
    </release-note>

    <release-note plugin-version="2">
Support property file encryption.
    </release-note>

    <release-note plugin-version="3">
Eliminated need for supporting jars when importing RuleApps from ODM Classic Rule Projects.
    </release-note>

    <release-note plugin-version="4">
Added the ability to export RuleApps with Deployment Configurations from Decision Services.
    </release-note>

    <release-note plugin-version="5">
Removed need to name Rule App Archive.
Updated error catching and logging.
Fixes APAR PI79804 - Plugin failing to extract non-deployment snapshots.
    </release-note>
    <release-note plugin-version="6">
Fixes APAR PI85260 - Plug-in no longer throws NullPointerException when auto import is set.
    </release-note>
    <release-note plugin-version="7">
Fixes APAR PI87636 - Next Version Number not auto-incrementing is now fixed.
    </release-note>
    <release-note plugin-version="8">
      Fixes APAR PI87707, a regression where the user who requested a manual version import was not being tracked.
      Fixes APAR PI99599, where the plugin requires a newer version of Apache HttpComponents.
    </release-note>
    <release-note plugin-version="9">
      Fixes APAR PH00399 - Plugin now only shows warning when Manage Properties permission not set.
    </release-note>
    <release-note plugin-version="10">
      Fixes APAR PI81075 - ODM SOURCE CONFIG PLUG-IN CREATING UNNECESSARY SNAPSHOTS WHEN REDEPLOYING FROM EXISTING SNAPSHOTS
      Adds support for the REST API introduced in ODM 8.9.1.
      Removes unneeded Apache HttpComponents jars added in version 8.
    </release-note>
    <release-note plugin-version="11">
       APAR PI89045: add support for setting isFinished flag flag when importing versions.
    </release-note>
  </release-notes>
</pluginInfo>