<?xml version="1.0" encoding="UTF-8" standalone="no"?>
<!--
- Licensed Materials - Property of HCL
- UrbanCode Deploy
- (c) Copyright HCL Technologies Ltd. 2018. All Rights Reserved.
-
- U.S. Government Users Restricted Rights - Use, duplication or disclosure restricted by
- Trademark of HCL Technologies Limited
--><pluginInfo>
  <!-- Do not change the release-version, the build process injects it. -->
  <release-version>6.1100960</release-version>

  <release-notes>
    <!--
      The release-note should document the changes, improvements, or bug fixes introduced
      with the new plugin version

      The release-note may contain text

      For example your release note could be:
      Support for was added for version 10.0 for software X

      To add a new release note add this with a description in it of the changes:
      <release-note plugin-version="1">....</release-note>
    -->
    
    <release-note plugin-version="1">
      Initial release. Installing this plugin will give you access to the steps listed below.
    </release-note>
    <release-note plugin-version="2">
      Added 'failure' property to determine what action to take on SQL errors.
    </release-note>
    <release-note plugin-version="3">
      RFE 135616 Added a property to set the SYBASE environment variable.
    </release-note>
    <release-note plugin-version="4">
      Removed SYBASE Home field in favor of the SYBASE.sh Path to source the profile.
    </release-note>
    <release-note plugin-version="5">
      Added SYBASE environment script sourcing for Windows.
    </release-note>
    <release-note plugin-version="6">
      Added support for Sybase source profile path with spaces in Unix.
    </release-note>

  </release-notes>
</pluginInfo>
