<?xml version="1.0" encoding="UTF-8"?>
<plugin-upgrade
        xmlns="http://www.urbancode.com/UpgradeXMLSchema_v1"
        xmlns:xsi="http://www.w3.org/2001/XMLSchema-instance">
  <migrate to-version="2">
    <migrate-command name="Move Services or Applications to Node" old="Move Service or Application to Node">
      <migrate-properties>
        <migrate-property name="service"/>
      </migrate-properties>
    </migrate-command>
    <migrate-command name="Take Services or Applications Offline" old="Take Service or Application Offline">
      <migrate-properties>
        <migrate-property name="service"/>
      </migrate-properties>
    </migrate-command>
    <migrate-command name="Bring Services or Applications Online" old="Bring Service or Application Online">
      <migrate-properties>
        <migrate-property name="service"/>
      </migrate-properties>
    </migrate-command>
  </migrate>
  <migrate to-version="3">
    <migrate-command name="Move Services or Applications to Node">
      <migrate-properties>
        <migrate-property name="service"/>
      </migrate-properties>
    </migrate-command>
    <migrate-command name="Take Services or Applications Offline">
      <migrate-properties>
        <migrate-property name="service"/>
      </migrate-properties>
    </migrate-command>
    <migrate-command name="Bring Services or Applications Online">
      <migrate-properties>
        <migrate-property name="service"/>
      </migrate-properties>
    </migrate-command>
    <migrate-command name="Bring Resources Online">
      <migrate-properties>
        <migrate-property name="service"/>
      </migrate-properties>
    </migrate-command>
    <migrate-command name="Take Resources Offline">
      <migrate-properties>
        <migrate-property name="service"/>
      </migrate-properties>
    </migrate-command>
  </migrate>
</plugin-upgrade>