{
    "name": "Compare WebSphere Configuration",
    "description": "Compare the live configuration data of two like (cell to cell, cluster to cluster, etc) WebSphere Application Server scopes to each other. ",
    "rootActivity": {
        "edges": [
            {
                "to": "74094d747b0ba576804d78df8d28de",
                "from": "Run Comparison",
                "type": "SUCCESS",
                "value": ""
            },
            {
                "to": "Run Comparison",
                "from": "Get Component Details",
                "type": "SUCCESS",
                "value": ""
            },
            {
                "to": "Check If Component Exists",
                "from": "Check If Resource Exists",
                "type": "SUCCESS",
                "value": ""
            },
            {
                "to": "Create Component",
                "from": "Check If Component Exists",
                "type": "FAILURE",
                "value": ""
            },
            {
                "to": "Check If Resource Exists",
                "from": "1e910a27abc0b358355304ad1e7059",
                "type": "SUCCESS",
                "value": ""
            },
            {
                "to": "Generate Template",
                "from": "Create Component",
                "type": "SUCCESS",
                "value": ""
            },
            {
                "to": "bda7b8364b78cfd9fe8bc4b4c5d417",
                "from": "74094d747b0ba576804d78df8d28de",
                "type": "SUCCESS",
                "value": ""
            },
            {
                "to": "1e910a27abc0b358355304ad1e7059",
                "type": "ALWAYS",
                "value": ""
            },
            {
                "to": "Get Component Details",
                "from": "Create Version",
                "type": "SUCCESS",
                "value": ""
            },
            {
                "to": "Create Version",
                "from": "Generate Template",
                "type": "SUCCESS",
                "value": ""
            },
            {
                "to": "Generate Template",
                "from": "Check If Component Exists",
                "type": "ALWAYS",
                "value": ""
            }
        ],
        "offsets": [
            {
                "name": "bda7b8364b78cfd9fe8bc4b4c5d417",
                "x": 0,
                "y": 890,
                "h": 50,
                "w": 80
            },
            {
                "name": "1e910a27abc0b358355304ad1e7059",
                "x": -55,
                "y": 90,
                "h": 60,
                "w": 190
            },
            {
                "name": "Check If Component Exists",
                "x": -90,
                "y": 290,
                "h": 60,
                "w": 260
            },
            {
                "name": "Check If Resource Exists",
                "x": -85,
                "y": 190,
                "h": 60,
                "w": 250
            },
            {
                "name": "74094d747b0ba576804d78df8d28de",
                "x": -55,
                "y": 790,
                "h": 60,
                "w": 190
            },
            {
                "name": "Create Version",
                "x": -55,
                "y": 490,
                "h": 60,
                "w": 190
            },
            {
                "name": "Get Component Details",
                "x": -80,
                "y": 590,
                "h": 60,
                "w": 240
            },
            {
                "name": "Run Comparison",
                "x": -95,
                "y": 690,
                "h": 60,
                "w": 270
            },
            {
                "name": "Create Component",
                "x": 232,
                "y": 290,
                "h": 60,
                "w": 210
            },
            {
                "name": "Generate Template",
                "x": -65,
                "y": 390,
                "h": 60,
                "w": 210
            }
        ],
        "type": "graph",
        "name": "8ef40cd6-98f8-4aca-beed-2e0cdf2778d1",
        "children": [
            {
                "type": "finish",
                "name": "bda7b8364b78cfd9fe8bc4b4c5d417",
                "children": []
            },
            {
                "allowFailure": false,
                "useImpersonation": false,
                "showHidden": false,
                "impersonationUseSudo": false,
                "commandName": "Create Component",
                "pluginName": "IBM UrbanCode Deploy Components",
                "pluginVersion": 63,
                "properties": {
                    "component": "${p:resource.path}",
                    "description": "",
                    "template": "Middleware Configuration for WebSphere",
                    "templateVersion": "",
                    "sourceConfig": "None",
                    "defaultVersionType": "Full",
                    "importAutomatically": "false",
                    "useVfs": "true",
                    "sourceConfigProps": ""
                },
                "type": "plugin",
                "name": "Create Component",
                "children": []
            },
            {
                "allowFailure": false,
                "useImpersonation": false,
                "showHidden": false,
                "impersonationUseSudo": false,
                "workingDir": "${p:Generate Template\/templatePath}",
                "commandName": "Create Version",
                "pluginName": "IBM UrbanCode Deploy Versions",
                "pluginVersion": 60,
                "properties": {
                    "componentName": "${p:resource.path}",
                    "versionName": "tmpl-${p:request.id}",
                    "uploadFiles": "true",
                    "includes": "*.xml",
                    "excludes": "build.xml\nbuild_local.xml",
                    "saveFileExecuteBits": "false"
                },
                "type": "plugin",
                "name": "Create Version",
                "children": []
            },
            {
                "allowFailure": false,
                "useImpersonation": false,
                "showHidden": false,
                "impersonationUseSudo": false,
                "commandName": "Check If Component Exists",
                "pluginName": "IBM UrbanCode Deploy Components",
                "pluginVersion": 63,
                "properties": {"component": "${p:resource.path}"},
                "type": "plugin",
                "name": "Check If Component Exists",
                "children": []
            },
            {
                "allowFailure": false,
                "useImpersonation": false,
                "showHidden": false,
                "impersonationUseSudo": false,
                "commandName": "Check If Resource Exists",
                "pluginName": "IBM UrbanCode Deploy Resources",
                "pluginVersion": 65,
                "properties": {"resource": "${p:targetResource}"},
                "type": "plugin",
                "name": "Check If Resource Exists",
                "children": []
            },
            {
                "allowFailure": false,
                "useImpersonation": false,
                "showHidden": false,
                "impersonationUseSudo": false,
                "commandName": "Get Component Details",
                "pluginName": "IBM UrbanCode Deploy Components",
                "pluginVersion": 63,
                "properties": {"component": "${p:resource.path}"},
                "type": "plugin",
                "name": "Get Component Details",
                "children": []
            },
            {
                "allowFailure": false,
                "useImpersonation": false,
                "showHidden": true,
                "impersonationUseSudo": false,
                "commandName": "Generate Template",
                "pluginName": "IBM Middleware Configuration for WebSphere",
                "pluginVersion": 9,
                "properties": {
                    "useQuickCapture": "true",
                    "skipConfigCapture": "false",
                    "profilePath": "${p:resource\/websphere.profilePath}",
                    "environment": "${p:resource.id}",
                    "resourceId": "${p:resource.id}",
                    "templateName": "${p:targetResource}",
                    "soapPort": "${p:resource\/websphere.port}",
                    "wasHost": "${p?:resource\/websphere.host}",
                    "wasUser": "${p?:resource\/websphere.user}",
                    "wasPassword": "${p?:resource\/websphere.password}",
                    "ucdCompName": "${p:targetResource}",
                    "ucdCompVer": "${p?:ucdCompVer}",
                    "allEnvironmentProperties": "${p?:environment\/allProperties}",
                    "cell": "${p:resource\/websphere.cell}",
                    "cluster": "${p?:resource\/websphere.cluster}",
                    "node": "${p?:resource\/websphere.node}",
                    "server": "${p?:resource\/websphere.server}"
                },
                "type": "plugin",
                "name": "Generate Template",
                "children": []
            },
            {
                "lockName": "${p:agent.id}-${p:resource\/websphere.cell}",
                "type": "releaseLock",
                "name": "74094d747b0ba576804d78df8d28de",
                "children": []
            },
            {
                "lockName": "${p:agent.id}-${p:resource\/websphere.cell}",
                "type": "acquireLock",
                "name": "1e910a27abc0b358355304ad1e7059",
                "children": []
            },
            {
                "processName": "WebSphere Scope Compare",
                "resourcePath": "${p:targetResource}",
                "properties": {
                    "resourcePath": "${p:targetResource}",
                    "component.name": "${p:resource.path}",
                    "processId": "01a9afcc-85c2-476a-8635-5823054114aa",
                    "version.id": "${p:Create Version\/versionId}",
                    "component.id": "${p:Get Component Details\/id}"
                },
                "type": "runProcess",
                "name": "Run Comparison",
                "children": []
            }
        ]
    },
    "properties": [
        {
            "name": "contextType",
            "value": "Resource",
            "description": "",
            "secure": false
        },
        {
            "name": "workingDir",
            "value": "${p:resource\/work.dir}\/${p:process.name}",
            "description": "",
            "secure": false
        }
    ],
    "propDefs": [{
        "name": "targetResource",
        "label": "Compare against (resource)",
        "pattern": "",
        "type": "TEXT",
        "required": true,
        "description": ""
    }]
}