<?xml version="1.0" encoding="UTF-8"?><pluginInfo>
  <!-- Do not change the release-version, the build process injects it. -->
  <release-version>5.868004</release-version>

  <release-notes>
    <!--
      The release-note should document the changes, improvements, or bug fixes introduced
      with the new plugin version

      The release-note may contain text

      For example your release note could be:
      Support for was added for version 10.0 for software X

      To add a new release note add this with a description in it of the changes:
      <release-note plugin-version="1">....</release-note>
    -->

    <release-note plugin-version="1">
Initial Release of AppScan Enterprise Plugin.
    </release-note>
    <release-note plugin-version="2">
Added steps: Create Scan, Configure Job Options, and List Available Templates.
Added check to base URL to ensure correct syntax.
Edited Run Scan step output.
Retrieve Reports step now saves reports as text file.
    </release-note>
    <release-note plugin-version="3">
Added option to Configure Job Options step which allows for the login sequence type to be set.
Fixed error when setting Basic Authentication for scan.
    </release-note>
	<release-note plugin-version="4">
Added option to Configure Job Options step which allows for a .htd recorded traffic file to be uploaded.
Added option to rerun scan in case of failure.
Added step to download PDF file(s) of an application's report.
    </release-note>
    <release-note plugin-version="5">
Simplified properties for Retrieve PDF Report step.
    </release-note>

    <release-note plugin-version="5">
Support property file encryption.
    </release-note>
  </release-notes>
</pluginInfo>