<?xml version="1.0" encoding="UTF-8"?><pluginInfo>
  <!-- Do not change the release-version, the build process injects it. -->
  <release-version>2.769561</release-version>

  <author name="IBM UrbanCode">
    <organization>IBM UrbanCode</organization>
    <email>info@urbancode.com</email>
    <website>http://urbancode.com</website>
    <bio/>
  </author>

  <integration type="deploy"/>
  <release-notes>
    <!--
      The release-note should document the changes, improvements, or bug fixes introduced
      with the new plugin version

      The release-note may contain text

      For example your release note could be:
      Support for was added for version 10.0 for software X

      To add a new release note add this with a description in it of the changes:
      <release-note plugin-version="1">....</release-note>
    -->

    <release-note plugin-version="1">
Initial Release of DataStage Plugin
Steps Created:
Import Project - Note: Usage Analysis is currently  disabled.
Export Project
DSX Import Service
List DSX File Contents
    </release-note>
    <release-note plugin-version="2">
First update to the DataStage Plugin
Steps Created:
Import ISX Project
Export ISX Project
    </release-note>

  </release-notes>
</pluginInfo>