<?xml version="1.0" encoding="UTF-8"?>
<plugin-upgrade
        xmlns="http://www.urbancode.com/UpgradeXMLSchema_v1"
        xmlns:xsi="http://www.w3.org/2001/XMLSchema-instance">
        
        <migrate to-version="34">
            <migrate-command name="Create File EG">
                <migrate-properties>
                    <migrate-property name="weblogicDomainPath" default="${p:resource/domainPath}"/>
                    <migrate-property name="weblogicPythonPath" default="${p:resource/pythonPath}"/>
                </migrate-properties>
            </migrate-command>
            <migrate-command name="Update File EG">
                <migrate-properties>
                    <migrate-property name="objectName" old="FileEGName"/>
                    <migrate-property name="weblogicDomainPath" default="${p:resource/domainPath}"/>
                    <migrate-property name="weblogicPythonPath" default="${p:resource/pythonPath}"/>
                </migrate-properties>
            </migrate-command>
            <migrate-command name="Delete File EG">
                <migrate-properties>
                    <migrate-property name="objectName" old="FileEGName"/>
                    <migrate-property name="weblogicDomainPath" default="${p:resource/domainPath}"/>
                    <migrate-property name="weblogicPythonPath" default="${p:resource/pythonPath}"/>
                </migrate-properties>
            </migrate-command>
            <migrate-command name="Create FTP EG">
                <migrate-properties>
                    <migrate-property name="weblogicDomainPath" default="${p:resource/domainPath}"/>
                    <migrate-property name="weblogicPythonPath" default="${p:resource/pythonPath}"/>
                </migrate-properties>
            </migrate-command>
            <migrate-command name="Update FTP EG">
                <migrate-properties>
                    <migrate-property name="objectName" old="FTPEGName"/>
                    <migrate-property name="weblogicDomainPath" default="${p:resource/domainPath}"/>
                    <migrate-property name="weblogicPythonPath" default="${p:resource/pythonPath}"/>
                </migrate-properties>
            </migrate-command>
            <migrate-command name="Delete FTP EG">
                <migrate-properties>
                    <migrate-property name="objectName" old="FTPEGName"/>
                    <migrate-property name="weblogicDomainPath" default="${p:resource/domainPath}"/>
                    <migrate-property name="weblogicPythonPath" default="${p:resource/pythonPath}"/>
                </migrate-properties>
            </migrate-command>
            <migrate-command name="Create JMS EG">                
                <migrate-properties>
                    <migrate-property name="weblogicDomainPath" default="${p:resource/domainPath}"/>
                    <migrate-property name="weblogicPythonPath" default="${p:resource/pythonPath}"/>
                </migrate-properties>
            </migrate-command>
            <migrate-command name="Update JMS EG">                
                <migrate-properties>
                    <migrate-property name="objectName" old="JMSEGName"/>
                    <migrate-property name="weblogicDomainPath" default="${p:resource/domainPath}"/>
                    <migrate-property name="weblogicPythonPath" default="${p:resource/pythonPath}"/>
                </migrate-properties>
            </migrate-command>
            <migrate-command name="Delete JMS EG">
                <migrate-properties>
                    <migrate-property name="objectName" old="JMSEGName"/>
                    <migrate-property name="weblogicDomainPath" default="${p:resource/domainPath}"/>
                    <migrate-property name="weblogicPythonPath" default="${p:resource/pythonPath}"/>
                </migrate-properties>
            </migrate-command>
            <migrate-command name="Create XML Cache Entry">
                <migrate-properties>
                    <migrate-property name="weblogicDomainPath" default="${p:resource/domainPath}"/>
                    <migrate-property name="weblogicPythonPath" default="${p:resource/pythonPath}"/>
                </migrate-properties>
            </migrate-command>
            <migrate-command name="Update XML Cache Entry">
                <migrate-properties>
                    <migrate-property name="objectName" old="key"/>
                    <migrate-property name="weblogicDomainPath" default="${p:resource/domainPath}"/>
                    <migrate-property name="weblogicPythonPath" default="${p:resource/pythonPath}"/>
                </migrate-properties>
            </migrate-command>
            <migrate-command name="Delete XML Cache Entry">
                <migrate-properties>
                    <migrate-property name="objectName" old="key"/>
                    <migrate-property name="weblogicDomainPath" default="${p:resource/domainPath}"/>
                    <migrate-property name="weblogicPythonPath" default="${p:resource/pythonPath}"/>
                </migrate-properties>
            </migrate-command>
        </migrate>
  
</plugin-upgrade>