<?xml version="1.0" encoding="UTF-8"?>
<agent-input clean="true" temporary="false">
<server>
<repository location='@IM_REPOSITORY_URL@'/>
</server>
<install modify='false'>
<offering id='com.ibm.websphere.IHS.v85' version='@VERSION_NAME@' profile='IBM HTTP Server V8.5' features='core.feature,arch.64bit' installFixes='none'/>
<offering id='com.ibm.websphere.PLG.v85' version='@VERSION_NAME@' profile='Web Server Plug-ins for IBM WebSphere Application Server V8.5' features='core.feature,com.ibm.jre.6_64bit' installFixes='none'/>
</install>
<profile id='IBM HTTP Server V8.5' installLocation='/opt/IBM/IHS85'>
<data key='eclipseLocation' value='/opt/IBM/IHS85'/>
<data key='user.import.profile' value='false'/>
<data key='cic.selector.os' value='linux'/>
<data key='cic.selector.arch' value='x86'/>
<data key='cic.selector.ws' value='gtk'/>
<data key='user.ihs.http.server.service.name' value='none'/>
<data key='user.ihs.httpPort' value='80'/>
<data key='user.ihs.installHttpService' value='false'/>
<data key='cic.selector.nl' value='en'/>
</profile>
<profile id='Web Server Plug-ins for IBM WebSphere Application Server V8.5' installLocation='/opt/IBM/WASPlugin85'>
<data key='eclipseLocation' value='/opt/IBM/WASPlugin85'/>
<data key='user.import.profile' value='false'/>
<data key='cic.selector.os' value='linux'/>
<data key='cic.selector.arch' value='x86'/>
<data key='cic.selector.ws' value='gtk'/>
<data key='cic.selector.nl' value='en'/>
</profile>
<preference name='com.ibm.cic.common.core.preferences.eclipseCache' value='/opt/IBM/IMShared'/>
<preference name='com.ibm.cic.common.core.preferences.connectTimeout' value='30'/>
<preference name='com.ibm.cic.common.core.preferences.readTimeout' value='45'/>
<preference name='com.ibm.cic.common.core.preferences.downloadAutoRetryCount' value='0'/>
<preference name='offering.service.repositories.areUsed' value='false'/>
<preference name='com.ibm.cic.common.core.preferences.ssl.nonsecureMode' value='false'/>
<preference name='com.ibm.cic.common.core.preferences.http.disablePreemptiveAuthentication' value='false'/>
<preference name='http.ntlm.auth.kind' value='NTLM'/>
<preference name='http.ntlm.auth.enableIntegrated.win32' value='true'/>
<preference name='com.ibm.cic.common.core.preferences.preserveDownloadedArtifacts' value='true'/>
<preference name='com.ibm.cic.common.core.preferences.keepFetchedFiles' value='false'/>
<preference name='PassportAdvantageIsEnabled' value='false'/>
<preference name='com.ibm.cic.common.core.preferences.searchForUpdates' value='false'/>
<preference name='com.ibm.cic.agent.ui.displayInternalVersion' value='false'/>
<preference name='com.ibm.cic.common.sharedUI.showErrorLog' value='true'/>
<preference name='com.ibm.cic.common.sharedUI.showWarningLog' value='true'/>
<preference name='com.ibm.cic.common.sharedUI.showNoteLog' value='true'/>
</agent-input>
