<?xml version="1.0" encoding="UTF-8"?>
<!--
- Licensed Materials - Property of IBM Corp.
- IBM UrbanCode Deploy
- (c) Copyright IBM Corporation 2011, 2016. All Rights Reserved.
-
- U.S. Government Users Restricted Rights - Use, duplication or disclosure restricted by
- GSA ADP Schedule Contract with IBM Corp.
-->
<plugin-upgrade
        xmlns="http://www.urbancode.com/UpgradeXMLSchema_v1"
        xmlns:xsi="http://www.w3.org/2001/XMLSchema-instance">

        <migrate to-version="8">
            <migrate-command name="Apply Customization"/>
            <migrate-command name="Import Configuration"/>
        </migrate>

        <migrate to-version="9">
            <migrate-command name="Import Configuration">
                <migrate-properties>
                       <migrate-property old="uploadFile" name="uploadFiles"/>
                </migrate-properties>
            </migrate-command>
            <migrate-command name="Import Configuration"/>
        </migrate>
        <migrate to-version="10">
            <migrate-command name="Apply Customization"/>
            <migrate-command name="Import Configuration"/>
        </migrate>
        <migrate to-version="11">
            <migrate-command name="Apply Customization"/>
            <migrate-command name="Import Configuration"/>
            <migrate-command name="Import Configuration and Apply Customization"/>
        </migrate>
    <migrate to-version="12">
    </migrate>
    <migrate to-version="13">
    </migrate>

</plugin-upgrade>
